{
"type": "FeatureCollection",
"name": "tracks",
"features": [
{ "type": "Feature", "properties": { "name": "Sprrrrrring / Lumpy (LVCC C)", "type": "cycling" }, "geometry": { "type": "LineString", "coordinates": [ [ -0.00423, 51.459949 ], [ -0.004178, 51.459911 ], [ -0.004127, 51.459873 ], [ -0.004073, 51.459827 ], [ -0.004016, 51.459782 ], [ -0.003956, 51.459732 ], [ -0.003892, 51.459686 ], [ -0.003829, 51.45964 ], [ -0.003768, 51.459595 ], [ -0.003706, 51.459553 ], [ -0.003647, 51.459507 ], [ -0.003588, 51.459457 ], [ -0.003526, 51.459408 ], [ -0.003466, 51.459362 ], [ -0.003409, 51.459316 ], [ -0.003356, 51.45927 ], [ -0.003306, 51.459221 ], [ -0.003257, 51.459175 ], [ -0.003202, 51.459133 ], [ -0.003141, 51.459095 ], [ -0.003078, 51.459057 ], [ -0.003013, 51.459019 ], [ -0.002946, 51.458988 ], [ -0.00288, 51.458958 ], [ -0.002809, 51.458927 ], [ -0.002738, 51.4589 ], [ -0.002667, 51.458874 ], [ -0.002594, 51.458851 ], [ -0.002522, 51.458832 ], [ -0.002448, 51.458813 ], [ -0.002375, 51.458797 ], [ -0.002301, 51.458782 ], [ -0.002232, 51.458771 ], [ -0.002162, 51.458759 ], [ -0.002097, 51.458748 ], [ -0.002036, 51.458733 ], [ -0.001981, 51.458714 ], [ -0.001936, 51.458687 ], [ -0.00191, 51.458652 ], [ -0.0019, 51.458611 ], [ -0.001892, 51.458569 ], [ -0.001885, 51.458527 ], [ -0.001882, 51.458481 ], [ -0.001882, 51.458431 ], [ -0.001884, 51.458389 ], [ -0.001886, 51.458343 ], [ -0.001888, 51.458294 ], [ -0.001888, 51.458244 ], [ -0.001886, 51.458199 ], [ -0.001884, 51.458149 ], [ -0.001883, 51.458099 ], [ -0.001882, 51.45805 ], [ -0.00188, 51.458 ], [ -0.001879, 51.457947 ], [ -0.001877, 51.457893 ], [ -0.001875, 51.457844 ], [ -0.001873, 51.457798 ], [ -0.001868, 51.457748 ], [ -0.001863, 51.457695 ], [ -0.001857, 51.457649 ], [ -0.001848, 51.4576 ], [ -0.001839, 51.457554 ], [ -0.001832, 51.457504 ], [ -0.001825, 51.457455 ], [ -0.00182, 51.457405 ], [ -0.001815, 51.457359 ], [ -0.00181, 51.457314 ], [ -0.001806, 51.457264 ], [ -0.001803, 51.457218 ], [ -0.001802, 51.457172 ], [ -0.001799, 51.457123 ], [ -0.001794, 51.457077 ], [ -0.001786, 51.457035 ], [ -0.00178, 51.456989 ], [ -0.001774, 51.456943 ], [ -0.001766, 51.456898 ], [ -0.001754, 51.456852 ], [ -0.001743, 51.45681 ], [ -0.001733, 51.456764 ], [ -0.001724, 51.456718 ], [ -0.001714, 51.456673 ], [ -0.001706, 51.456627 ], [ -0.001696, 51.456581 ], [ -0.001682, 51.456531 ], [ -0.001665, 51.456482 ], [ -0.001648, 51.456436 ], [ -0.001634, 51.45639 ], [ -0.00162, 51.456345 ], [ -0.001608, 51.456299 ], [ -0.001594, 51.456253 ], [ -0.001573, 51.456211 ], [ -0.001547, 51.456169 ], [ -0.001526, 51.456127 ], [ -0.001504, 51.456085 ], [ -0.001485, 51.456043 ], [ -0.001464, 51.456001 ], [ -0.001444, 51.455959 ], [ -0.00142, 51.455913 ], [ -0.001396, 51.455872 ], [ -0.001371, 51.455826 ], [ -0.001345, 51.455776 ], [ -0.001323, 51.455734 ], [ -0.001293, 51.455681 ], [ -0.001255, 51.455627 ], [ -0.001218, 51.455574 ], [ -0.001175, 51.455521 ], [ -0.001127, 51.455475 ], [ -0.001076, 51.455425 ], [ -0.001025, 51.455376 ], [ -0.000969, 51.45533 ], [ -0.000908, 51.45528 ], [ -0.000845, 51.455227 ], [ -0.000779, 51.455173 ], [ -0.000711, 51.45512 ], [ -0.000641, 51.455074 ], [ -0.000571, 51.455025 ], [ -0.000507, 51.454979 ], [ -0.000446, 51.454929 ], [ -0.000387, 51.454887 ], [ -0.00033, 51.454842 ], [ -0.000269, 51.454803 ], [ -0.000202, 51.454761 ], [ -0.000134, 51.454719 ], [ -0.000066, 51.454678 ], [ 0.000007, 51.454636 ], [ 0.000079, 51.454594 ], [ 0.00015, 51.454555 ], [ 0.000226, 51.454517 ], [ 0.0003, 51.454479 ], [ 0.000374, 51.454445 ], [ 0.000451, 51.454411 ], [ 0.000527, 51.454376 ], [ 0.000604, 51.454346 ], [ 0.000679, 51.454308 ], [ 0.000752, 51.454273 ], [ 0.000827, 51.454235 ], [ 0.000902, 51.454201 ], [ 0.000976, 51.454166 ], [ 0.00105, 51.454132 ], [ 0.001123, 51.454098 ], [ 0.001195, 51.454063 ], [ 0.001265, 51.454029 ], [ 0.001335, 51.453995 ], [ 0.001408, 51.453964 ], [ 0.001483, 51.453934 ], [ 0.001556, 51.453907 ], [ 0.00163, 51.45388 ], [ 0.001703, 51.45385 ], [ 0.001777, 51.453823 ], [ 0.001853, 51.453793 ], [ 0.00193, 51.453766 ], [ 0.002005, 51.453735 ], [ 0.002078, 51.453705 ], [ 0.002151, 51.453678 ], [ 0.002226, 51.453655 ], [ 0.002304, 51.453632 ], [ 0.002383, 51.453609 ], [ 0.002462, 51.453583 ], [ 0.002544, 51.45356 ], [ 0.002625, 51.453537 ], [ 0.002705, 51.453514 ], [ 0.002783, 51.453491 ], [ 0.00286, 51.453468 ], [ 0.002939, 51.453449 ], [ 0.003018, 51.453426 ], [ 0.003103, 51.453407 ], [ 0.003189, 51.453392 ], [ 0.003277, 51.453381 ], [ 0.003365, 51.453369 ], [ 0.003452, 51.453358 ], [ 0.003535, 51.453346 ], [ 0.003617, 51.453331 ], [ 0.003696, 51.45332 ], [ 0.003773, 51.453304 ], [ 0.003849, 51.453289 ], [ 0.003922, 51.453274 ], [ 0.003999, 51.453259 ], [ 0.004075, 51.453243 ], [ 0.004153, 51.453228 ], [ 0.004231, 51.453213 ], [ 0.004308, 51.453194 ], [ 0.004386, 51.453178 ], [ 0.004465, 51.453163 ], [ 0.004543, 51.453144 ], [ 0.004617, 51.453129 ], [ 0.004688, 51.453121 ], [ 0.004748, 51.453114 ], [ 0.004793, 51.453117 ], [ 0.00483, 51.453125 ], [ 0.004869, 51.453125 ], [ 0.004914, 51.453121 ], [ 0.004957, 51.45311 ], [ 0.004992, 51.453091 ], [ 0.005021, 51.45306 ], [ 0.00505, 51.45303 ], [ 0.005094, 51.45301 ], [ 0.005147, 51.453003 ], [ 0.005207, 51.452999 ], [ 0.005272, 51.452999 ], [ 0.005341, 51.452995 ], [ 0.005413, 51.452991 ], [ 0.005487, 51.452988 ], [ 0.005561, 51.452984 ], [ 0.005632, 51.45298 ], [ 0.005698, 51.452976 ], [ 0.005767, 51.452976 ], [ 0.005839, 51.452972 ], [ 0.005915, 51.452972 ], [ 0.005991, 51.452972 ], [ 0.006067, 51.452972 ], [ 0.006145, 51.452976 ], [ 0.006223, 51.452976 ], [ 0.006297, 51.45298 ], [ 0.006372, 51.45298 ], [ 0.00645, 51.45298 ], [ 0.00653, 51.45298 ], [ 0.006613, 51.45298 ], [ 0.006696, 51.45298 ], [ 0.006781, 51.45298 ], [ 0.006865, 51.45298 ], [ 0.00695, 51.452984 ], [ 0.007035, 51.452984 ], [ 0.00712, 51.452988 ], [ 0.007203, 51.452988 ], [ 0.007286, 51.452988 ], [ 0.007367, 51.452984 ], [ 0.007444, 51.452988 ], [ 0.007525, 51.452988 ], [ 0.007603, 51.452988 ], [ 0.007676, 51.452991 ], [ 0.00775, 51.452991 ], [ 0.007827, 51.452995 ], [ 0.007905, 51.452995 ], [ 0.007981, 51.452995 ], [ 0.008059, 51.452995 ], [ 0.008135, 51.452999 ], [ 0.00821, 51.453007 ], [ 0.008286, 51.453014 ], [ 0.008363, 51.453022 ], [ 0.008442, 51.453022 ], [ 0.008526, 51.453022 ], [ 0.008609, 51.453018 ], [ 0.008691, 51.453014 ], [ 0.008773, 51.453014 ], [ 0.008855, 51.45301 ], [ 0.008938, 51.45301 ], [ 0.009019, 51.45301 ], [ 0.009103, 51.45301 ], [ 0.009186, 51.45301 ], [ 0.009271, 51.45301 ], [ 0.009355, 51.453014 ], [ 0.009439, 51.453018 ], [ 0.009522, 51.453022 ], [ 0.009607, 51.45303 ], [ 0.009693, 51.453033 ], [ 0.009777, 51.453033 ], [ 0.009864, 51.453033 ], [ 0.009952, 51.453033 ], [ 0.010039, 51.453033 ], [ 0.010124, 51.453033 ], [ 0.010207, 51.45303 ], [ 0.010289, 51.453026 ], [ 0.010371, 51.453026 ], [ 0.010453, 51.453026 ], [ 0.010536, 51.45303 ], [ 0.010619, 51.45303 ], [ 0.0107, 51.453033 ], [ 0.010783, 51.453037 ], [ 0.010865, 51.453041 ], [ 0.010947, 51.453041 ], [ 0.011028, 51.453045 ], [ 0.011107, 51.453045 ], [ 0.011184, 51.453041 ], [ 0.011261, 51.453041 ], [ 0.011332, 51.453041 ], [ 0.0114, 51.453041 ], [ 0.011459, 51.453045 ], [ 0.011514, 51.453045 ], [ 0.011564, 51.453049 ], [ 0.01161, 51.453052 ], [ 0.011653, 51.453052 ], [ 0.011687, 51.453049 ], [ 0.011709, 51.453049 ], [ 0.011764, 51.453045 ], [ 0.011797, 51.453045 ], [ 0.011827, 51.453037 ], [ 0.011851, 51.453018 ], [ 0.011866, 51.452988 ], [ 0.011876, 51.452953 ], [ 0.011881, 51.452915 ], [ 0.011885, 51.452873 ], [ 0.011889, 51.452831 ], [ 0.011891, 51.452785 ], [ 0.011897, 51.45274 ], [ 0.011903, 51.45269 ], [ 0.011912, 51.452644 ], [ 0.011922, 51.452599 ], [ 0.011934, 51.452553 ], [ 0.011944, 51.452511 ], [ 0.011954, 51.452469 ], [ 0.011968, 51.452427 ], [ 0.011981, 51.452385 ], [ 0.011994, 51.452343 ], [ 0.012006, 51.452301 ], [ 0.01202, 51.452255 ], [ 0.012032, 51.452213 ], [ 0.012046, 51.452171 ], [ 0.012061, 51.452129 ], [ 0.012074, 51.452087 ], [ 0.012088, 51.452045 ], [ 0.012105, 51.452 ], [ 0.012124, 51.451954 ], [ 0.012144, 51.451904 ], [ 0.012165, 51.451855 ], [ 0.012185, 51.451809 ], [ 0.012204, 51.451767 ], [ 0.012223, 51.451717 ], [ 0.012243, 51.451668 ], [ 0.012264, 51.451622 ], [ 0.012286, 51.451576 ], [ 0.012309, 51.45153 ], [ 0.012331, 51.451485 ], [ 0.012349, 51.451439 ], [ 0.012366, 51.451389 ], [ 0.012382, 51.45134 ], [ 0.012398, 51.451298 ], [ 0.012413, 51.451252 ], [ 0.012428, 51.451199 ], [ 0.012444, 51.451145 ], [ 0.012458, 51.451092 ], [ 0.012471, 51.451038 ], [ 0.012482, 51.450985 ], [ 0.012495, 51.450935 ], [ 0.012507, 51.450882 ], [ 0.012515, 51.450829 ], [ 0.012522, 51.450783 ], [ 0.012532, 51.450733 ], [ 0.012544, 51.450687 ], [ 0.012556, 51.450638 ], [ 0.012565, 51.450588 ], [ 0.012573, 51.450539 ], [ 0.012584, 51.450489 ], [ 0.012593, 51.450439 ], [ 0.012601, 51.450386 ], [ 0.012611, 51.450333 ], [ 0.012618, 51.450279 ], [ 0.012629, 51.450226 ], [ 0.012639, 51.450172 ], [ 0.012648, 51.450119 ], [ 0.012656, 51.450062 ], [ 0.012664, 51.450012 ], [ 0.012672, 51.449959 ], [ 0.012681, 51.449902 ], [ 0.012696, 51.449848 ], [ 0.012712, 51.449799 ], [ 0.01273, 51.449745 ], [ 0.012748, 51.449692 ], [ 0.012767, 51.449638 ], [ 0.012784, 51.449585 ], [ 0.012799, 51.449535 ], [ 0.012813, 51.449486 ], [ 0.012829, 51.449436 ], [ 0.012845, 51.449387 ], [ 0.012863, 51.449337 ], [ 0.012884, 51.449287 ], [ 0.012902, 51.449238 ], [ 0.012918, 51.449192 ], [ 0.012935, 51.449146 ], [ 0.012957, 51.449101 ], [ 0.012978, 51.449055 ], [ 0.012997, 51.449005 ], [ 0.013015, 51.448963 ], [ 0.01303, 51.448917 ], [ 0.013047, 51.448872 ], [ 0.013065, 51.448826 ], [ 0.013083, 51.44878 ], [ 0.0131, 51.44873 ], [ 0.013118, 51.448685 ], [ 0.013137, 51.448635 ], [ 0.013154, 51.448586 ], [ 0.013171, 51.448536 ], [ 0.01319, 51.448486 ], [ 0.01321, 51.448437 ], [ 0.01323, 51.448383 ], [ 0.01325, 51.448334 ], [ 0.013271, 51.44828 ], [ 0.01329, 51.448227 ], [ 0.013308, 51.448177 ], [ 0.013324, 51.448128 ], [ 0.013339, 51.448082 ], [ 0.013354, 51.448032 ], [ 0.013371, 51.447987 ], [ 0.013388, 51.447941 ], [ 0.013409, 51.447891 ], [ 0.013427, 51.447849 ], [ 0.013448, 51.447803 ], [ 0.013471, 51.447761 ], [ 0.013493, 51.44772 ], [ 0.013514, 51.447674 ], [ 0.013538, 51.447628 ], [ 0.013567, 51.447582 ], [ 0.013599, 51.44754 ], [ 0.013634, 51.447502 ], [ 0.013668, 51.44746 ], [ 0.013701, 51.447422 ], [ 0.013735, 51.447384 ], [ 0.01377, 51.44735 ], [ 0.013807, 51.447311 ], [ 0.013839, 51.447277 ], [ 0.013868, 51.447243 ], [ 0.013898, 51.447208 ], [ 0.01393, 51.447174 ], [ 0.013963, 51.44714 ], [ 0.013996, 51.447109 ], [ 0.014026, 51.447075 ], [ 0.014053, 51.447044 ], [ 0.014078, 51.447014 ], [ 0.014103, 51.446987 ], [ 0.01413, 51.446964 ], [ 0.014155, 51.44693 ], [ 0.01418, 51.446899 ], [ 0.014204, 51.446865 ], [ 0.014231, 51.446831 ], [ 0.01426, 51.4468 ], [ 0.014289, 51.44677 ], [ 0.014317, 51.446739 ], [ 0.014347, 51.446713 ], [ 0.014375, 51.446686 ], [ 0.014401, 51.446659 ], [ 0.014426, 51.446636 ], [ 0.014451, 51.446613 ], [ 0.014473, 51.446594 ], [ 0.014493, 51.446579 ], [ 0.014516, 51.446564 ], [ 0.014541, 51.446545 ], [ 0.01457, 51.446518 ], [ 0.014602, 51.446495 ], [ 0.014634, 51.446468 ], [ 0.014668, 51.446434 ], [ 0.014702, 51.446403 ], [ 0.014735, 51.446373 ], [ 0.014765, 51.446339 ], [ 0.014796, 51.446304 ], [ 0.014827, 51.44627 ], [ 0.014857, 51.446239 ], [ 0.014887, 51.446201 ], [ 0.014914, 51.446163 ], [ 0.014944, 51.446129 ], [ 0.014975, 51.446091 ], [ 0.015006, 51.446056 ], [ 0.015037, 51.446022 ], [ 0.015068, 51.445988 ], [ 0.015099, 51.445957 ], [ 0.015131, 51.445923 ], [ 0.015167, 51.445888 ], [ 0.015201, 51.445862 ], [ 0.015241, 51.445827 ], [ 0.015282, 51.445793 ], [ 0.015316, 51.445759 ], [ 0.015348, 51.445724 ], [ 0.015386, 51.44569 ], [ 0.015428, 51.445656 ], [ 0.015469, 51.445621 ], [ 0.015507, 51.445591 ], [ 0.015541, 51.445557 ], [ 0.015572, 51.445526 ], [ 0.015601, 51.445488 ], [ 0.015629, 51.44545 ], [ 0.015653, 51.445415 ], [ 0.015676, 51.445381 ], [ 0.015698, 51.445351 ], [ 0.015722, 51.445316 ], [ 0.015749, 51.445282 ], [ 0.015777, 51.445248 ], [ 0.015806, 51.445213 ], [ 0.015834, 51.445175 ], [ 0.015865, 51.445141 ], [ 0.015895, 51.44511 ], [ 0.015924, 51.445072 ], [ 0.015951, 51.445038 ], [ 0.015979, 51.445004 ], [ 0.016008, 51.444969 ], [ 0.01604, 51.444935 ], [ 0.016071, 51.444897 ], [ 0.016104, 51.444862 ], [ 0.016136, 51.444828 ], [ 0.016164, 51.444794 ], [ 0.01619, 51.444759 ], [ 0.016214, 51.444725 ], [ 0.016242, 51.444687 ], [ 0.016273, 51.444649 ], [ 0.016304, 51.444614 ], [ 0.016333, 51.444576 ], [ 0.016364, 51.444546 ], [ 0.016397, 51.444511 ], [ 0.016436, 51.444481 ], [ 0.016475, 51.444447 ], [ 0.016513, 51.444412 ], [ 0.016551, 51.444378 ], [ 0.01659, 51.444347 ], [ 0.016629, 51.444313 ], [ 0.016668, 51.444279 ], [ 0.016705, 51.444244 ], [ 0.016742, 51.444214 ], [ 0.01678, 51.444179 ], [ 0.016822, 51.444145 ], [ 0.016862, 51.444111 ], [ 0.016903, 51.444076 ], [ 0.016941, 51.444042 ], [ 0.016979, 51.444008 ], [ 0.017017, 51.44397 ], [ 0.017055, 51.443935 ], [ 0.017094, 51.443905 ], [ 0.017134, 51.443867 ], [ 0.017176, 51.443832 ], [ 0.017215, 51.443802 ], [ 0.017253, 51.443768 ], [ 0.017297, 51.443733 ], [ 0.017343, 51.443691 ], [ 0.017387, 51.443649 ], [ 0.017431, 51.443607 ], [ 0.017475, 51.443569 ], [ 0.017521, 51.443527 ], [ 0.017566, 51.443485 ], [ 0.017608, 51.443443 ], [ 0.01765, 51.443405 ], [ 0.01769, 51.443367 ], [ 0.017728, 51.443325 ], [ 0.017766, 51.443287 ], [ 0.017802, 51.443249 ], [ 0.017841, 51.443211 ], [ 0.017885, 51.443176 ], [ 0.017927, 51.443138 ], [ 0.01797, 51.443104 ], [ 0.018012, 51.443066 ], [ 0.018051, 51.443027 ], [ 0.018092, 51.442993 ], [ 0.018134, 51.442955 ], [ 0.018173, 51.442917 ], [ 0.018211, 51.442879 ], [ 0.01825, 51.442841 ], [ 0.018287, 51.442802 ], [ 0.018325, 51.442768 ], [ 0.018364, 51.44273 ], [ 0.018404, 51.442692 ], [ 0.018443, 51.442657 ], [ 0.01848, 51.442619 ], [ 0.018515, 51.442585 ], [ 0.018553, 51.442547 ], [ 0.018594, 51.442512 ], [ 0.018638, 51.44249 ], [ 0.018688, 51.44249 ], [ 0.018746, 51.442497 ], [ 0.018812, 51.442516 ], [ 0.018878, 51.442528 ], [ 0.018946, 51.442543 ], [ 0.019012, 51.442558 ], [ 0.01908, 51.442577 ], [ 0.019151, 51.442596 ], [ 0.019225, 51.442616 ], [ 0.019298, 51.442638 ], [ 0.019369, 51.442657 ], [ 0.019444, 51.44268 ], [ 0.01952, 51.442703 ], [ 0.019595, 51.442722 ], [ 0.019671, 51.442745 ], [ 0.01975, 51.442764 ], [ 0.01983, 51.442783 ], [ 0.01991, 51.442806 ], [ 0.019992, 51.442829 ], [ 0.020076, 51.442844 ], [ 0.020163, 51.44286 ], [ 0.02025, 51.442867 ], [ 0.020339, 51.442875 ], [ 0.020427, 51.442879 ], [ 0.020518, 51.442879 ], [ 0.02061, 51.442875 ], [ 0.020702, 51.442875 ], [ 0.020793, 51.442871 ], [ 0.020882, 51.442867 ], [ 0.020968, 51.442863 ], [ 0.021054, 51.442856 ], [ 0.021137, 51.442844 ], [ 0.021216, 51.442833 ], [ 0.021293, 51.442821 ], [ 0.021368, 51.442806 ], [ 0.021442, 51.442795 ], [ 0.021516, 51.442776 ], [ 0.021589, 51.442757 ], [ 0.021665, 51.442738 ], [ 0.021742, 51.442718 ], [ 0.02182, 51.442699 ], [ 0.021895, 51.44268 ], [ 0.021968, 51.442657 ], [ 0.022037, 51.442635 ], [ 0.022102, 51.442612 ], [ 0.022164, 51.442589 ], [ 0.022223, 51.44257 ], [ 0.022285, 51.442551 ], [ 0.022352, 51.442528 ], [ 0.022425, 51.442512 ], [ 0.022502, 51.442497 ], [ 0.022579, 51.442478 ], [ 0.022655, 51.442455 ], [ 0.02273, 51.442432 ], [ 0.022805, 51.442409 ], [ 0.022881, 51.442387 ], [ 0.02296, 51.44236 ], [ 0.023039, 51.442337 ], [ 0.023118, 51.44231 ], [ 0.023199, 51.44228 ], [ 0.023279, 51.442249 ], [ 0.02336, 51.442223 ], [ 0.023444, 51.442196 ], [ 0.023531, 51.442169 ], [ 0.023622, 51.442139 ], [ 0.023717, 51.442112 ], [ 0.023811, 51.442085 ], [ 0.023913, 51.442055 ], [ 0.024017, 51.442028 ], [ 0.024124, 51.442001 ], [ 0.024234, 51.441975 ], [ 0.024355, 51.441948 ], [ 0.024478, 51.441925 ], [ 0.024601, 51.441902 ], [ 0.024726, 51.441879 ], [ 0.024852, 51.441856 ], [ 0.024978, 51.441837 ], [ 0.025106, 51.441814 ], [ 0.025236, 51.441795 ], [ 0.025369, 51.441776 ], [ 0.025499, 51.441765 ], [ 0.025632, 51.441746 ], [ 0.025769, 51.441727 ], [ 0.025904, 51.441711 ], [ 0.026047, 51.441692 ], [ 0.026192, 51.441677 ], [ 0.02635, 51.441662 ], [ 0.026496, 51.441647 ], [ 0.026629, 51.441627 ], [ 0.026761, 51.441612 ], [ 0.026895, 51.441597 ], [ 0.027026, 51.441586 ], [ 0.027164, 51.441578 ], [ 0.027305, 51.44157 ], [ 0.027449, 51.441563 ], [ 0.027591, 51.441559 ], [ 0.02773, 51.441559 ], [ 0.027867, 51.441559 ], [ 0.028003, 51.441563 ], [ 0.028138, 51.441566 ], [ 0.028275, 51.441578 ], [ 0.028393, 51.441589 ], [ 0.028535, 51.441605 ], [ 0.028679, 51.441627 ], [ 0.028807, 51.44165 ], [ 0.028926, 51.441673 ], [ 0.029031, 51.441688 ], [ 0.029123, 51.441708 ], [ 0.029203, 51.441719 ], [ 0.029271, 51.44173 ], [ 0.029328, 51.441742 ], [ 0.029384, 51.44175 ], [ 0.029442, 51.441757 ], [ 0.029506, 51.441765 ], [ 0.029576, 51.441761 ], [ 0.029652, 51.441746 ], [ 0.029727, 51.441723 ], [ 0.029798, 51.4417 ], [ 0.029872, 51.441673 ], [ 0.029949, 51.441647 ], [ 0.030029, 51.441624 ], [ 0.030111, 51.441605 ], [ 0.030191, 51.441586 ], [ 0.030267, 51.441563 ], [ 0.030338, 51.441544 ], [ 0.030404, 51.441525 ], [ 0.030468, 51.441505 ], [ 0.030533, 51.44149 ], [ 0.030598, 51.441471 ], [ 0.030663, 51.441452 ], [ 0.030722, 51.441433 ], [ 0.030782, 51.441414 ], [ 0.030843, 51.441395 ], [ 0.030898, 51.441376 ], [ 0.030947, 51.441357 ], [ 0.030994, 51.441338 ], [ 0.031039, 51.441315 ], [ 0.031087, 51.441296 ], [ 0.031131, 51.44128 ], [ 0.031174, 51.441257 ], [ 0.031208, 51.441238 ], [ 0.031237, 51.441219 ], [ 0.031269, 51.441204 ], [ 0.031298, 51.441193 ], [ 0.031323, 51.441177 ], [ 0.031351, 51.441162 ], [ 0.03138, 51.441147 ], [ 0.03141, 51.441132 ], [ 0.031438, 51.441116 ], [ 0.031468, 51.441109 ], [ 0.031496, 51.441093 ], [ 0.031522, 51.441074 ], [ 0.03155, 51.441055 ], [ 0.031589, 51.441032 ], [ 0.031637, 51.441002 ], [ 0.031686, 51.440971 ], [ 0.031745, 51.440941 ], [ 0.031806, 51.440914 ], [ 0.031861, 51.440887 ], [ 0.031907, 51.440865 ], [ 0.031955, 51.440838 ], [ 0.032005, 51.440815 ], [ 0.032055, 51.440792 ], [ 0.032104, 51.440769 ], [ 0.032155, 51.440742 ], [ 0.032212, 51.440716 ], [ 0.032265, 51.440689 ], [ 0.032315, 51.440659 ], [ 0.03236, 51.440632 ], [ 0.032408, 51.440597 ], [ 0.032454, 51.440567 ], [ 0.032498, 51.440533 ], [ 0.032543, 51.440498 ], [ 0.032586, 51.44046 ], [ 0.032631, 51.440426 ], [ 0.032676, 51.440388 ], [ 0.032724, 51.440357 ], [ 0.032771, 51.440323 ], [ 0.032824, 51.440285 ], [ 0.032876, 51.440247 ], [ 0.032933, 51.440201 ], [ 0.032994, 51.440155 ], [ 0.033054, 51.440113 ], [ 0.033109, 51.440075 ], [ 0.033164, 51.440037 ], [ 0.033221, 51.439999 ], [ 0.033276, 51.439964 ], [ 0.033331, 51.439926 ], [ 0.033385, 51.439892 ], [ 0.033439, 51.439861 ], [ 0.033493, 51.439835 ], [ 0.03355, 51.439808 ], [ 0.03361, 51.439785 ], [ 0.033674, 51.439766 ], [ 0.033742, 51.439747 ], [ 0.033811, 51.439732 ], [ 0.033881, 51.439716 ], [ 0.033951, 51.439705 ], [ 0.034022, 51.439693 ], [ 0.034092, 51.439686 ], [ 0.034161, 51.439678 ], [ 0.034229, 51.439671 ], [ 0.034298, 51.439655 ], [ 0.034365, 51.439648 ], [ 0.034437, 51.43964 ], [ 0.034509, 51.439636 ], [ 0.034585, 51.439629 ], [ 0.03466, 51.439617 ], [ 0.034739, 51.43961 ], [ 0.034816, 51.439602 ], [ 0.034899, 51.439598 ], [ 0.034983, 51.43959 ], [ 0.035067, 51.439583 ], [ 0.035152, 51.439575 ], [ 0.035237, 51.439564 ], [ 0.035316, 51.439556 ], [ 0.03539, 51.439548 ], [ 0.035463, 51.439545 ], [ 0.035541, 51.439541 ], [ 0.035615, 51.439537 ], [ 0.035685, 51.439541 ], [ 0.035752, 51.439545 ], [ 0.035818, 51.439548 ], [ 0.035882, 51.439552 ], [ 0.035947, 51.439552 ], [ 0.036015, 51.439548 ], [ 0.036083, 51.439545 ], [ 0.036152, 51.439537 ], [ 0.036223, 51.439529 ], [ 0.036297, 51.439526 ], [ 0.036368, 51.439518 ], [ 0.036443, 51.43951 ], [ 0.036519, 51.439506 ], [ 0.036597, 51.439499 ], [ 0.036679, 51.439491 ], [ 0.03676, 51.439487 ], [ 0.036842, 51.43948 ], [ 0.036928, 51.439468 ], [ 0.037016, 51.439457 ], [ 0.037107, 51.439449 ], [ 0.037201, 51.439442 ], [ 0.037299, 51.439438 ], [ 0.037397, 51.43943 ], [ 0.037495, 51.439419 ], [ 0.037592, 51.439411 ], [ 0.037689, 51.4394 ], [ 0.037786, 51.439388 ], [ 0.037883, 51.439381 ], [ 0.037984, 51.439373 ], [ 0.038086, 51.439365 ], [ 0.03819, 51.439354 ], [ 0.038296, 51.439342 ], [ 0.038409, 51.439335 ], [ 0.038526, 51.439327 ], [ 0.038645, 51.43932 ], [ 0.038767, 51.439316 ], [ 0.038889, 51.439308 ], [ 0.039014, 51.439297 ], [ 0.03913, 51.439285 ], [ 0.039251, 51.43927 ], [ 0.039366, 51.439251 ], [ 0.039473, 51.439224 ], [ 0.039572, 51.43919 ], [ 0.039659, 51.439156 ], [ 0.039749, 51.43911 ], [ 0.039825, 51.439056 ], [ 0.03988, 51.438995 ], [ 0.039922, 51.438934 ], [ 0.039962, 51.438873 ], [ 0.040005, 51.438816 ], [ 0.040046, 51.438755 ], [ 0.040084, 51.438698 ], [ 0.040121, 51.438644 ], [ 0.04016, 51.438591 ], [ 0.040201, 51.438538 ], [ 0.040242, 51.43848 ], [ 0.040287, 51.438427 ], [ 0.040333, 51.438374 ], [ 0.04038, 51.438324 ], [ 0.040426, 51.438278 ], [ 0.040469, 51.438232 ], [ 0.040509, 51.438187 ], [ 0.040552, 51.438148 ], [ 0.040595, 51.438107 ], [ 0.040639, 51.438065 ], [ 0.040684, 51.438019 ], [ 0.040726, 51.437973 ], [ 0.04077, 51.437931 ], [ 0.040817, 51.437893 ], [ 0.040868, 51.437855 ], [ 0.04092, 51.437824 ], [ 0.040978, 51.437798 ], [ 0.04104, 51.437771 ], [ 0.041098, 51.437748 ], [ 0.041143, 51.437725 ], [ 0.041183, 51.437702 ], [ 0.041228, 51.437679 ], [ 0.041287, 51.437664 ], [ 0.041352, 51.437656 ], [ 0.041428, 51.437649 ], [ 0.041504, 51.437649 ], [ 0.041585, 51.437653 ], [ 0.041669, 51.437656 ], [ 0.04175, 51.437664 ], [ 0.041831, 51.437672 ], [ 0.041913, 51.437675 ], [ 0.041999, 51.437679 ], [ 0.042085, 51.437683 ], [ 0.042174, 51.437683 ], [ 0.042263, 51.437679 ], [ 0.04235, 51.437672 ], [ 0.042436, 51.437668 ], [ 0.04252, 51.437668 ], [ 0.042603, 51.437668 ], [ 0.042685, 51.437664 ], [ 0.042767, 51.43766 ], [ 0.042847, 51.437656 ], [ 0.042933, 51.437653 ], [ 0.043015, 51.437637 ], [ 0.043083, 51.437618 ], [ 0.043134, 51.437588 ], [ 0.043178, 51.437546 ], [ 0.04322, 51.437496 ], [ 0.04327, 51.43745 ], [ 0.04333, 51.437412 ], [ 0.043403, 51.437374 ], [ 0.043478, 51.43734 ], [ 0.043551, 51.437309 ], [ 0.043621, 51.437275 ], [ 0.043694, 51.437244 ], [ 0.043762, 51.437206 ], [ 0.043827, 51.437168 ], [ 0.04389, 51.437126 ], [ 0.043953, 51.437084 ], [ 0.044018, 51.437046 ], [ 0.04408, 51.437 ], [ 0.044144, 51.436962 ], [ 0.044208, 51.436924 ], [ 0.044269, 51.436886 ], [ 0.044331, 51.436844 ], [ 0.044391, 51.436806 ], [ 0.044449, 51.436768 ], [ 0.044508, 51.436726 ], [ 0.044566, 51.436687 ], [ 0.044624, 51.436653 ], [ 0.044684, 51.436611 ], [ 0.044744, 51.436573 ], [ 0.044802, 51.436535 ], [ 0.04486, 51.436497 ], [ 0.044917, 51.436462 ], [ 0.044971, 51.436424 ], [ 0.045024, 51.436386 ], [ 0.045072, 51.436344 ], [ 0.045123, 51.436306 ], [ 0.045172, 51.436268 ], [ 0.04522, 51.436226 ], [ 0.04527, 51.436184 ], [ 0.04532, 51.436142 ], [ 0.045372, 51.4361 ], [ 0.045426, 51.436058 ], [ 0.045473, 51.436016 ], [ 0.045519, 51.435974 ], [ 0.045566, 51.435932 ], [ 0.045612, 51.435886 ], [ 0.045658, 51.435844 ], [ 0.045703, 51.435802 ], [ 0.045746, 51.43576 ], [ 0.045787, 51.435719 ], [ 0.045825, 51.435677 ], [ 0.045863, 51.435635 ], [ 0.045898, 51.435593 ], [ 0.045943, 51.435543 ], [ 0.045993, 51.43549 ], [ 0.046038, 51.435448 ], [ 0.046089, 51.435406 ], [ 0.046145, 51.435364 ], [ 0.046197, 51.435322 ], [ 0.046243, 51.43528 ], [ 0.046286, 51.435242 ], [ 0.046325, 51.4352 ], [ 0.046366, 51.435162 ], [ 0.04641, 51.435123 ], [ 0.046454, 51.435089 ], [ 0.046494, 51.435055 ], [ 0.046533, 51.435017 ], [ 0.046571, 51.434978 ], [ 0.046608, 51.43494 ], [ 0.046647, 51.434902 ], [ 0.046686, 51.434864 ], [ 0.046723, 51.43483 ], [ 0.046755, 51.434792 ], [ 0.046787, 51.434753 ], [ 0.046827, 51.434719 ], [ 0.046867, 51.434681 ], [ 0.046906, 51.434647 ], [ 0.046945, 51.434612 ], [ 0.046981, 51.434578 ], [ 0.047019, 51.434544 ], [ 0.047058, 51.434509 ], [ 0.047095, 51.434471 ], [ 0.047134, 51.434433 ], [ 0.047178, 51.434399 ], [ 0.047222, 51.434364 ], [ 0.047265, 51.43433 ], [ 0.047305, 51.434296 ], [ 0.047342, 51.434261 ], [ 0.047379, 51.434227 ], [ 0.047417, 51.434189 ], [ 0.047455, 51.434151 ], [ 0.047493, 51.434116 ], [ 0.047532, 51.434078 ], [ 0.04757, 51.434044 ], [ 0.047608, 51.43401 ], [ 0.047644, 51.433975 ], [ 0.047679, 51.433941 ], [ 0.047714, 51.433907 ], [ 0.047749, 51.433872 ], [ 0.047789, 51.433834 ], [ 0.047828, 51.4338 ], [ 0.047865, 51.433762 ], [ 0.047901, 51.433723 ], [ 0.047938, 51.433689 ], [ 0.047978, 51.433651 ], [ 0.048018, 51.43362 ], [ 0.048059, 51.43359 ], [ 0.048103, 51.433556 ], [ 0.048147, 51.433525 ], [ 0.048196, 51.433495 ], [ 0.048243, 51.43346 ], [ 0.048288, 51.43343 ], [ 0.04833, 51.433399 ], [ 0.048371, 51.433361 ], [ 0.048411, 51.433327 ], [ 0.048455, 51.433292 ], [ 0.048503, 51.433258 ], [ 0.048556, 51.433228 ], [ 0.048609, 51.433197 ], [ 0.048661, 51.433163 ], [ 0.048709, 51.433128 ], [ 0.04876, 51.43309 ], [ 0.04881, 51.433056 ], [ 0.048861, 51.433022 ], [ 0.048915, 51.432983 ], [ 0.048971, 51.432949 ], [ 0.049031, 51.432915 ], [ 0.049089, 51.432884 ], [ 0.049147, 51.43285 ], [ 0.049206, 51.432812 ], [ 0.049263, 51.432777 ], [ 0.049321, 51.432739 ], [ 0.049381, 51.432701 ], [ 0.049441, 51.432663 ], [ 0.049502, 51.432625 ], [ 0.049565, 51.432587 ], [ 0.049627, 51.432545 ], [ 0.049686, 51.432507 ], [ 0.049745, 51.432461 ], [ 0.04981, 51.432419 ], [ 0.049876, 51.432377 ], [ 0.049941, 51.432335 ], [ 0.050005, 51.432293 ], [ 0.050068, 51.432251 ], [ 0.050131, 51.432205 ], [ 0.050195, 51.432159 ], [ 0.050257, 51.432114 ], [ 0.050323, 51.432068 ], [ 0.050393, 51.43203 ], [ 0.050466, 51.431988 ], [ 0.050539, 51.43195 ], [ 0.050609, 51.431904 ], [ 0.05068, 51.431858 ], [ 0.050748, 51.431816 ], [ 0.050816, 51.43177 ], [ 0.050885, 51.431728 ], [ 0.05095, 51.431686 ], [ 0.051008, 51.431641 ], [ 0.051064, 51.431599 ], [ 0.051116, 51.431553 ], [ 0.051168, 51.431511 ], [ 0.051219, 51.431469 ], [ 0.051271, 51.431423 ], [ 0.051323, 51.431377 ], [ 0.051374, 51.431332 ], [ 0.051423, 51.43129 ], [ 0.051474, 51.431244 ], [ 0.051525, 51.431194 ], [ 0.051575, 51.431148 ], [ 0.051627, 51.431107 ], [ 0.05168, 51.431061 ], [ 0.05173, 51.431015 ], [ 0.051781, 51.430969 ], [ 0.051831, 51.430923 ], [ 0.051879, 51.430882 ], [ 0.051925, 51.430832 ], [ 0.051971, 51.430786 ], [ 0.052016, 51.43074 ], [ 0.052062, 51.430698 ], [ 0.052111, 51.430656 ], [ 0.052158, 51.430618 ], [ 0.052203, 51.430572 ], [ 0.052248, 51.430527 ], [ 0.052293, 51.430481 ], [ 0.052336, 51.430439 ], [ 0.052377, 51.430393 ], [ 0.052419, 51.430351 ], [ 0.052458, 51.430305 ], [ 0.052497, 51.430264 ], [ 0.052533, 51.430222 ], [ 0.05257, 51.430176 ], [ 0.052608, 51.430138 ], [ 0.052645, 51.430096 ], [ 0.05268, 51.430057 ], [ 0.052711, 51.430019 ], [ 0.052741, 51.429981 ], [ 0.052773, 51.429943 ], [ 0.052804, 51.429905 ], [ 0.052834, 51.429867 ], [ 0.052862, 51.429829 ], [ 0.052893, 51.42979 ], [ 0.052925, 51.429756 ], [ 0.052953, 51.429718 ], [ 0.052977, 51.429684 ], [ 0.052998, 51.429661 ], [ 0.053016, 51.429638 ], [ 0.05303, 51.429615 ], [ 0.053042, 51.429604 ], [ 0.053051, 51.429588 ], [ 0.053059, 51.429577 ], [ 0.053065, 51.429565 ], [ 0.05307, 51.429554 ], [ 0.053075, 51.429543 ], [ 0.053083, 51.429531 ], [ 0.053093, 51.429516 ], [ 0.05311, 51.429504 ], [ 0.053129, 51.429485 ], [ 0.053146, 51.429466 ], [ 0.053161, 51.429447 ], [ 0.053175, 51.429428 ], [ 0.053189, 51.429409 ], [ 0.053207, 51.42939 ], [ 0.053228, 51.429371 ], [ 0.053249, 51.429348 ], [ 0.053271, 51.429325 ], [ 0.053291, 51.429306 ], [ 0.053311, 51.429279 ], [ 0.053334, 51.429253 ], [ 0.053357, 51.429226 ], [ 0.053379, 51.429199 ], [ 0.0534, 51.429173 ], [ 0.053421, 51.42915 ], [ 0.053441, 51.429123 ], [ 0.05346, 51.4291 ], [ 0.053477, 51.429073 ], [ 0.053495, 51.42905 ], [ 0.053515, 51.429028 ], [ 0.053536, 51.429001 ], [ 0.053556, 51.428974 ], [ 0.053577, 51.428951 ], [ 0.053598, 51.428925 ], [ 0.053618, 51.428902 ], [ 0.053639, 51.428875 ], [ 0.053662, 51.428852 ], [ 0.053687, 51.428829 ], [ 0.053709, 51.428802 ], [ 0.053728, 51.428776 ], [ 0.053751, 51.428749 ], [ 0.053775, 51.428722 ], [ 0.053799, 51.428696 ], [ 0.053821, 51.428669 ], [ 0.053845, 51.428638 ], [ 0.053869, 51.428608 ], [ 0.053895, 51.428577 ], [ 0.053918, 51.428551 ], [ 0.053942, 51.428524 ], [ 0.053965, 51.428494 ], [ 0.053989, 51.428467 ], [ 0.054013, 51.428436 ], [ 0.054038, 51.42841 ], [ 0.054063, 51.428379 ], [ 0.054089, 51.428349 ], [ 0.054119, 51.428322 ], [ 0.054148, 51.428291 ], [ 0.054178, 51.428261 ], [ 0.054214, 51.428226 ], [ 0.054253, 51.428192 ], [ 0.054291, 51.428162 ], [ 0.054328, 51.428127 ], [ 0.054365, 51.428089 ], [ 0.054402, 51.428047 ], [ 0.054442, 51.428009 ], [ 0.054484, 51.427971 ], [ 0.054525, 51.427929 ], [ 0.054567, 51.427887 ], [ 0.054611, 51.427849 ], [ 0.054655, 51.427807 ], [ 0.054698, 51.427765 ], [ 0.054743, 51.427723 ], [ 0.054787, 51.427685 ], [ 0.05483, 51.427643 ], [ 0.054875, 51.427601 ], [ 0.054917, 51.427563 ], [ 0.05496, 51.427525 ], [ 0.055003, 51.427483 ], [ 0.055045, 51.427444 ], [ 0.055087, 51.427406 ], [ 0.055128, 51.427368 ], [ 0.055173, 51.42733 ], [ 0.055217, 51.427292 ], [ 0.055257, 51.427258 ], [ 0.055297, 51.427223 ], [ 0.055335, 51.427185 ], [ 0.05537, 51.427151 ], [ 0.055407, 51.427116 ], [ 0.055444, 51.427078 ], [ 0.05548, 51.427048 ], [ 0.055516, 51.42701 ], [ 0.055557, 51.426975 ], [ 0.055595, 51.426941 ], [ 0.055631, 51.42691 ], [ 0.055671, 51.426872 ], [ 0.055711, 51.426838 ], [ 0.055751, 51.426804 ], [ 0.055789, 51.426769 ], [ 0.055824, 51.426739 ], [ 0.055861, 51.426701 ], [ 0.055897, 51.42667 ], [ 0.055931, 51.426636 ], [ 0.055965, 51.426601 ], [ 0.056003, 51.426571 ], [ 0.05604, 51.426537 ], [ 0.056077, 51.426502 ], [ 0.056113, 51.426468 ], [ 0.056151, 51.426434 ], [ 0.056191, 51.426403 ], [ 0.056233, 51.426365 ], [ 0.056276, 51.426331 ], [ 0.056317, 51.426296 ], [ 0.05636, 51.426258 ], [ 0.056405, 51.426228 ], [ 0.05645, 51.426189 ], [ 0.056498, 51.426151 ], [ 0.056545, 51.426113 ], [ 0.056594, 51.426075 ], [ 0.056641, 51.426041 ], [ 0.056689, 51.426002 ], [ 0.056741, 51.425964 ], [ 0.056797, 51.42593 ], [ 0.056851, 51.425892 ], [ 0.056906, 51.425854 ], [ 0.056966, 51.425812 ], [ 0.057024, 51.42577 ], [ 0.057082, 51.425728 ], [ 0.057144, 51.425686 ], [ 0.05721, 51.42564 ], [ 0.057275, 51.425594 ], [ 0.057345, 51.425545 ], [ 0.057413, 51.425499 ], [ 0.057487, 51.425446 ], [ 0.057551, 51.4254 ], [ 0.057637, 51.425346 ], [ 0.057725, 51.425285 ], [ 0.057805, 51.425228 ], [ 0.057884, 51.425167 ], [ 0.057963, 51.42511 ], [ 0.058042, 51.425049 ], [ 0.058122, 51.424992 ], [ 0.058199, 51.424934 ], [ 0.058279, 51.424877 ], [ 0.058354, 51.424824 ], [ 0.058426, 51.42477 ], [ 0.058494, 51.424721 ], [ 0.058563, 51.424671 ], [ 0.058629, 51.424625 ], [ 0.058689, 51.42458 ], [ 0.058751, 51.424538 ], [ 0.058811, 51.424492 ], [ 0.058864, 51.424446 ], [ 0.058917, 51.424408 ], [ 0.058974, 51.424366 ], [ 0.059035, 51.424328 ], [ 0.059095, 51.424294 ], [ 0.059154, 51.424255 ], [ 0.059214, 51.424221 ], [ 0.059271, 51.424187 ], [ 0.059327, 51.424149 ], [ 0.059379, 51.42411 ], [ 0.059427, 51.424076 ], [ 0.059471, 51.424038 ], [ 0.059516, 51.424 ], [ 0.059561, 51.423962 ], [ 0.059606, 51.423923 ], [ 0.059651, 51.423889 ], [ 0.059693, 51.423859 ], [ 0.05974, 51.423824 ], [ 0.059783, 51.42379 ], [ 0.059825, 51.423756 ], [ 0.059866, 51.423721 ], [ 0.059909, 51.423687 ], [ 0.059952, 51.423656 ], [ 0.059995, 51.423618 ], [ 0.060039, 51.423584 ], [ 0.060083, 51.42355 ], [ 0.060128, 51.423519 ], [ 0.060172, 51.423485 ], [ 0.060213, 51.423454 ], [ 0.060258, 51.423424 ], [ 0.060305, 51.423393 ], [ 0.060351, 51.423355 ], [ 0.060393, 51.423321 ], [ 0.060431, 51.423286 ], [ 0.060471, 51.423252 ], [ 0.06051, 51.423218 ], [ 0.060548, 51.423183 ], [ 0.060585, 51.423153 ], [ 0.060621, 51.423122 ], [ 0.060658, 51.423088 ], [ 0.060699, 51.423058 ], [ 0.060743, 51.423027 ], [ 0.060787, 51.422996 ], [ 0.060829, 51.422966 ], [ 0.060869, 51.422932 ], [ 0.060907, 51.422901 ], [ 0.060942, 51.422871 ], [ 0.060978, 51.422836 ], [ 0.061017, 51.422798 ], [ 0.061059, 51.422768 ], [ 0.061098, 51.422733 ], [ 0.061138, 51.422703 ], [ 0.061176, 51.422672 ], [ 0.061215, 51.422638 ], [ 0.061251, 51.422607 ], [ 0.061288, 51.422573 ], [ 0.06133, 51.422539 ], [ 0.061381, 51.422497 ], [ 0.061435, 51.422462 ], [ 0.061488, 51.422424 ], [ 0.061536, 51.42239 ], [ 0.06158, 51.422359 ], [ 0.061621, 51.422329 ], [ 0.061656, 51.422298 ], [ 0.061688, 51.422268 ], [ 0.061722, 51.422237 ], [ 0.061756, 51.422214 ], [ 0.061792, 51.422184 ], [ 0.06183, 51.422153 ], [ 0.061868, 51.422131 ], [ 0.061906, 51.422108 ], [ 0.061955, 51.422089 ], [ 0.062002, 51.422066 ], [ 0.062041, 51.422043 ], [ 0.062077, 51.422016 ], [ 0.062116, 51.421989 ], [ 0.062156, 51.421963 ], [ 0.062195, 51.421936 ], [ 0.062237, 51.421906 ], [ 0.06228, 51.421879 ], [ 0.062322, 51.421844 ], [ 0.062364, 51.42181 ], [ 0.062407, 51.42178 ], [ 0.062455, 51.421745 ], [ 0.062508, 51.421715 ], [ 0.062565, 51.421684 ], [ 0.062625, 51.421658 ], [ 0.062686, 51.421623 ], [ 0.062746, 51.421589 ], [ 0.062809, 51.421555 ], [ 0.062873, 51.421516 ], [ 0.062939, 51.421474 ], [ 0.063008, 51.421429 ], [ 0.063082, 51.421387 ], [ 0.063157, 51.421345 ], [ 0.063232, 51.421299 ], [ 0.063312, 51.421253 ], [ 0.063394, 51.421207 ], [ 0.063476, 51.421154 ], [ 0.06356, 51.421101 ], [ 0.063654, 51.421043 ], [ 0.063753, 51.420982 ], [ 0.063852, 51.420925 ], [ 0.063961, 51.420864 ], [ 0.064073, 51.420799 ], [ 0.064187, 51.420727 ], [ 0.064306, 51.420658 ], [ 0.06442, 51.420593 ], [ 0.064539, 51.420528 ], [ 0.064659, 51.42046 ], [ 0.064778, 51.420387 ], [ 0.064897, 51.420322 ], [ 0.065008, 51.42025 ], [ 0.065116, 51.420177 ], [ 0.065235, 51.420113 ], [ 0.065352, 51.420044 ], [ 0.065466, 51.419975 ], [ 0.065578, 51.419907 ], [ 0.065697, 51.419834 ], [ 0.065805, 51.419765 ], [ 0.065894, 51.419685 ], [ 0.065997, 51.419617 ], [ 0.066103, 51.419552 ], [ 0.066204, 51.419483 ], [ 0.066293, 51.419426 ], [ 0.06638, 51.419361 ], [ 0.066468, 51.419292 ], [ 0.066546, 51.419224 ], [ 0.066632, 51.419155 ], [ 0.066712, 51.41909 ], [ 0.066781, 51.419025 ], [ 0.066841, 51.418972 ], [ 0.066892, 51.418922 ], [ 0.066936, 51.41888 ], [ 0.066975, 51.418842 ], [ 0.067005, 51.418808 ], [ 0.067025, 51.418781 ], [ 0.067043, 51.418758 ], [ 0.067061, 51.418743 ], [ 0.067073, 51.418713 ], [ 0.067085, 51.418694 ], [ 0.067124, 51.418663 ], [ 0.067168, 51.418629 ], [ 0.067212, 51.418594 ], [ 0.067256, 51.41856 ], [ 0.067301, 51.418522 ], [ 0.067349, 51.418488 ], [ 0.067397, 51.418449 ], [ 0.067439, 51.418415 ], [ 0.067486, 51.418373 ], [ 0.067528, 51.418331 ], [ 0.06757, 51.418289 ], [ 0.067605, 51.418255 ], [ 0.067645, 51.418217 ], [ 0.067685, 51.418179 ], [ 0.067723, 51.41814 ], [ 0.067764, 51.418098 ], [ 0.067807, 51.418053 ], [ 0.067846, 51.418011 ], [ 0.06788, 51.417969 ], [ 0.067911, 51.417931 ], [ 0.067946, 51.417892 ], [ 0.067985, 51.417854 ], [ 0.068024, 51.41782 ], [ 0.068064, 51.417782 ], [ 0.068101, 51.417744 ], [ 0.068138, 51.417706 ], [ 0.068179, 51.417667 ], [ 0.068216, 51.417625 ], [ 0.068253, 51.417583 ], [ 0.068291, 51.417541 ], [ 0.068332, 51.417503 ], [ 0.068372, 51.417461 ], [ 0.068411, 51.417423 ], [ 0.068452, 51.417381 ], [ 0.068493, 51.417343 ], [ 0.068529, 51.417309 ], [ 0.068566, 51.417267 ], [ 0.068604, 51.417229 ], [ 0.068649, 51.417187 ], [ 0.068692, 51.417149 ], [ 0.068732, 51.417107 ], [ 0.06877, 51.417068 ], [ 0.068812, 51.417026 ], [ 0.068851, 51.416985 ], [ 0.06889, 51.416943 ], [ 0.068934, 51.416901 ], [ 0.068977, 51.416862 ], [ 0.069019, 51.416821 ], [ 0.069059, 51.416782 ], [ 0.0691, 51.416744 ], [ 0.069142, 51.416702 ], [ 0.069183, 51.41666 ], [ 0.069227, 51.416618 ], [ 0.069272, 51.416576 ], [ 0.069316, 51.416534 ], [ 0.06936, 51.416492 ], [ 0.069401, 51.41645 ], [ 0.069442, 51.416405 ], [ 0.069482, 51.416363 ], [ 0.069523, 51.416321 ], [ 0.069567, 51.416279 ], [ 0.069609, 51.416237 ], [ 0.069648, 51.416195 ], [ 0.069685, 51.416149 ], [ 0.06972, 51.416107 ], [ 0.069753, 51.416065 ], [ 0.069792, 51.416027 ], [ 0.069833, 51.415981 ], [ 0.069873, 51.415943 ], [ 0.069912, 51.415901 ], [ 0.069951, 51.415855 ], [ 0.069987, 51.415813 ], [ 0.070022, 51.415771 ], [ 0.07006, 51.415729 ], [ 0.0701, 51.415688 ], [ 0.070142, 51.415649 ], [ 0.070181, 51.415604 ], [ 0.070221, 51.415562 ], [ 0.070261, 51.415524 ], [ 0.0703, 51.415485 ], [ 0.07034, 51.415451 ], [ 0.070383, 51.415409 ], [ 0.070425, 51.415371 ], [ 0.070464, 51.415337 ], [ 0.070504, 51.415298 ], [ 0.07055, 51.41526 ], [ 0.070594, 51.415226 ], [ 0.070638, 51.415192 ], [ 0.070684, 51.415153 ], [ 0.070723, 51.415119 ], [ 0.07076, 51.415089 ], [ 0.070794, 51.415054 ], [ 0.070835, 51.415016 ], [ 0.070872, 51.414982 ], [ 0.070917, 51.414944 ], [ 0.070966, 51.414894 ], [ 0.071019, 51.414848 ], [ 0.071073, 51.414803 ], [ 0.071125, 51.414761 ], [ 0.071173, 51.414722 ], [ 0.071221, 51.41468 ], [ 0.07127, 51.414638 ], [ 0.071318, 51.414597 ], [ 0.071364, 51.414551 ], [ 0.071408, 51.414505 ], [ 0.071454, 51.414459 ], [ 0.071508, 51.414413 ], [ 0.071563, 51.414371 ], [ 0.071624, 51.41433 ], [ 0.071687, 51.414288 ], [ 0.071748, 51.414246 ], [ 0.071814, 51.414204 ], [ 0.071874, 51.414162 ], [ 0.071931, 51.41412 ], [ 0.07199, 51.414074 ], [ 0.07205, 51.414028 ], [ 0.072106, 51.41399 ], [ 0.072161, 51.413948 ], [ 0.072215, 51.413906 ], [ 0.072271, 51.41386 ], [ 0.072324, 51.413818 ], [ 0.072376, 51.413784 ], [ 0.07243, 51.413742 ], [ 0.07248, 51.4137 ], [ 0.072528, 51.413662 ], [ 0.072574, 51.41362 ], [ 0.072622, 51.413582 ], [ 0.07267, 51.413544 ], [ 0.07272, 51.413502 ], [ 0.072769, 51.413464 ], [ 0.07281, 51.413425 ], [ 0.072846, 51.413391 ], [ 0.072886, 51.413357 ], [ 0.072926, 51.413319 ], [ 0.072965, 51.41328 ], [ 0.07301, 51.413246 ], [ 0.073053, 51.413216 ], [ 0.073095, 51.413181 ], [ 0.073138, 51.413151 ], [ 0.073183, 51.413124 ], [ 0.073224, 51.413097 ], [ 0.073264, 51.413071 ], [ 0.073302, 51.413044 ], [ 0.073342, 51.413021 ], [ 0.073384, 51.412994 ], [ 0.073422, 51.412971 ], [ 0.073455, 51.412952 ], [ 0.073481, 51.412933 ], [ 0.07351, 51.412918 ], [ 0.073541, 51.412899 ], [ 0.073574, 51.41288 ], [ 0.073604, 51.412865 ], [ 0.073634, 51.412846 ], [ 0.073752, 51.412765 ], [ 0.073782, 51.412743 ], [ 0.073816, 51.412716 ], [ 0.073853, 51.412685 ], [ 0.073898, 51.412651 ], [ 0.073955, 51.412617 ], [ 0.074016, 51.412586 ], [ 0.074084, 51.412548 ], [ 0.074157, 51.412514 ], [ 0.074224, 51.412479 ], [ 0.074288, 51.412445 ], [ 0.074354, 51.412403 ], [ 0.074422, 51.412369 ], [ 0.074491, 51.412334 ], [ 0.074575, 51.412292 ], [ 0.074653, 51.412258 ], [ 0.074727, 51.412224 ], [ 0.074797, 51.412189 ], [ 0.074866, 51.412151 ], [ 0.074938, 51.412117 ], [ 0.075007, 51.412083 ], [ 0.075077, 51.412045 ], [ 0.075152, 51.412006 ], [ 0.07523, 51.411968 ], [ 0.07531, 51.41193 ], [ 0.075394, 51.411892 ], [ 0.075479, 51.411858 ], [ 0.075563, 51.411823 ], [ 0.075647, 51.411785 ], [ 0.075727, 51.411747 ], [ 0.075803, 51.411709 ], [ 0.075876, 51.411674 ], [ 0.07595, 51.411636 ], [ 0.076025, 51.411598 ], [ 0.076096, 51.411564 ], [ 0.076165, 51.411533 ], [ 0.076236, 51.411495 ], [ 0.076305, 51.411461 ], [ 0.076375, 51.411427 ], [ 0.076442, 51.411388 ], [ 0.076505, 51.411354 ], [ 0.076573, 51.411312 ], [ 0.07664, 51.411274 ], [ 0.076707, 51.411236 ], [ 0.076768, 51.411201 ], [ 0.076837, 51.411159 ], [ 0.076905, 51.411121 ], [ 0.076972, 51.411083 ], [ 0.077041, 51.411045 ], [ 0.077106, 51.411015 ], [ 0.077172, 51.410976 ], [ 0.077238, 51.410938 ], [ 0.077304, 51.410904 ], [ 0.077368, 51.41087 ], [ 0.077435, 51.410831 ], [ 0.077502, 51.410797 ], [ 0.077569, 51.410759 ], [ 0.077635, 51.410725 ], [ 0.077703, 51.41069 ], [ 0.077775, 51.410652 ], [ 0.077847, 51.410618 ], [ 0.077918, 51.410583 ], [ 0.07799, 51.410541 ], [ 0.078059, 51.4105 ], [ 0.078126, 51.410458 ], [ 0.078186, 51.410412 ], [ 0.078247, 51.410362 ], [ 0.078307, 51.410309 ], [ 0.078368, 51.410255 ], [ 0.078428, 51.410202 ], [ 0.07849, 51.410149 ], [ 0.078552, 51.410095 ], [ 0.078611, 51.410042 ], [ 0.078675, 51.409985 ], [ 0.078736, 51.409927 ], [ 0.078794, 51.409874 ], [ 0.078851, 51.409817 ], [ 0.078902, 51.409767 ], [ 0.078951, 51.409718 ], [ 0.079, 51.409664 ], [ 0.079054, 51.409615 ], [ 0.079115, 51.409565 ], [ 0.079182, 51.409512 ], [ 0.079252, 51.409458 ], [ 0.079317, 51.409401 ], [ 0.07938, 51.409344 ], [ 0.079448, 51.409286 ], [ 0.079517, 51.409229 ], [ 0.079588, 51.409176 ], [ 0.079662, 51.409119 ], [ 0.079738, 51.409073 ], [ 0.079817, 51.409023 ], [ 0.079898, 51.408981 ], [ 0.079985, 51.408932 ], [ 0.080074, 51.40889 ], [ 0.080165, 51.408855 ], [ 0.080256, 51.408821 ], [ 0.080341, 51.408794 ], [ 0.080433, 51.408771 ], [ 0.080535, 51.408741 ], [ 0.080635, 51.40871 ], [ 0.080731, 51.40868 ], [ 0.080827, 51.408642 ], [ 0.080919, 51.408604 ], [ 0.081013, 51.408562 ], [ 0.081104, 51.408516 ], [ 0.081189, 51.408466 ], [ 0.081267, 51.408417 ], [ 0.081339, 51.408367 ], [ 0.081411, 51.408314 ], [ 0.081484, 51.40826 ], [ 0.081556, 51.408211 ], [ 0.081621, 51.408153 ], [ 0.081683, 51.408104 ], [ 0.081744, 51.408051 ], [ 0.081804, 51.407997 ], [ 0.081856, 51.407944 ], [ 0.081904, 51.40789 ], [ 0.081951, 51.407829 ], [ 0.081997, 51.407772 ], [ 0.082042, 51.407715 ], [ 0.082086, 51.407654 ], [ 0.082129, 51.407597 ], [ 0.082171, 51.407536 ], [ 0.082209, 51.407478 ], [ 0.082252, 51.407421 ], [ 0.082303, 51.407356 ], [ 0.082348, 51.407295 ], [ 0.082391, 51.40723 ], [ 0.082438, 51.407158 ], [ 0.082486, 51.407089 ], [ 0.082532, 51.407024 ], [ 0.082579, 51.406956 ], [ 0.082621, 51.406891 ], [ 0.082659, 51.40683 ], [ 0.082704, 51.406765 ], [ 0.08275, 51.406708 ], [ 0.082791, 51.406654 ], [ 0.082829, 51.406605 ], [ 0.082867, 51.406551 ], [ 0.082907, 51.406498 ], [ 0.082956, 51.406437 ], [ 0.083, 51.406376 ], [ 0.083039, 51.406315 ], [ 0.083086, 51.406258 ], [ 0.08313, 51.406197 ], [ 0.083172, 51.406132 ], [ 0.083214, 51.406067 ], [ 0.083254, 51.406002 ], [ 0.083294, 51.405945 ], [ 0.083332, 51.405888 ], [ 0.083371, 51.405815 ], [ 0.083405, 51.405746 ], [ 0.083442, 51.405685 ], [ 0.083492, 51.405605 ], [ 0.083546, 51.405521 ], [ 0.083599, 51.405449 ], [ 0.083652, 51.405373 ], [ 0.083707, 51.405304 ], [ 0.083763, 51.405231 ], [ 0.083823, 51.405163 ], [ 0.083887, 51.405098 ], [ 0.083953, 51.405033 ], [ 0.084022, 51.404968 ], [ 0.084099, 51.404911 ], [ 0.084176, 51.404854 ], [ 0.084254, 51.404797 ], [ 0.084331, 51.404743 ], [ 0.084405, 51.404686 ], [ 0.084478, 51.404629 ], [ 0.084548, 51.404568 ], [ 0.084618, 51.404507 ], [ 0.084689, 51.404446 ], [ 0.084761, 51.404381 ], [ 0.084835, 51.404316 ], [ 0.084904, 51.404251 ], [ 0.084966, 51.40419 ], [ 0.08503, 51.404129 ], [ 0.085094, 51.404072 ], [ 0.085146, 51.404015 ], [ 0.085196, 51.403954 ], [ 0.08525, 51.403892 ], [ 0.085307, 51.403824 ], [ 0.085358, 51.403759 ], [ 0.085408, 51.403694 ], [ 0.08546, 51.403633 ], [ 0.085513, 51.403572 ], [ 0.085562, 51.403515 ], [ 0.085609, 51.403458 ], [ 0.085653, 51.403397 ], [ 0.085697, 51.403339 ], [ 0.085744, 51.403275 ], [ 0.08579, 51.40321 ], [ 0.085838, 51.403149 ], [ 0.085891, 51.403088 ], [ 0.085943, 51.403027 ], [ 0.085996, 51.402962 ], [ 0.086051, 51.402901 ], [ 0.086112, 51.402836 ], [ 0.086174, 51.402767 ], [ 0.086232, 51.402698 ], [ 0.086289, 51.402634 ], [ 0.086349, 51.402573 ], [ 0.086411, 51.402504 ], [ 0.086476, 51.402439 ], [ 0.086541, 51.402378 ], [ 0.086594, 51.402321 ], [ 0.086651, 51.402252 ], [ 0.086702, 51.402187 ], [ 0.086759, 51.402115 ], [ 0.086814, 51.402042 ], [ 0.086862, 51.401974 ], [ 0.086913, 51.401905 ], [ 0.086967, 51.401836 ], [ 0.087016, 51.401772 ], [ 0.087063, 51.401703 ], [ 0.087107, 51.401634 ], [ 0.087153, 51.401569 ], [ 0.087194, 51.401508 ], [ 0.087234, 51.401443 ], [ 0.087272, 51.401379 ], [ 0.087315, 51.401306 ], [ 0.087356, 51.40123 ], [ 0.087389, 51.40115 ], [ 0.087415, 51.401073 ], [ 0.08744, 51.400989 ], [ 0.087467, 51.400906 ], [ 0.087497, 51.40081 ], [ 0.087527, 51.400715 ], [ 0.087555, 51.400623 ], [ 0.087585, 51.40052 ], [ 0.087612, 51.400421 ], [ 0.087631, 51.400318 ], [ 0.087641, 51.400223 ], [ 0.087646, 51.400116 ], [ 0.087637, 51.400009 ], [ 0.087625, 51.399914 ], [ 0.087612, 51.399799 ], [ 0.08759, 51.399689 ], [ 0.087561, 51.399582 ], [ 0.087531, 51.399479 ], [ 0.087493, 51.399376 ], [ 0.087463, 51.399284 ], [ 0.087443, 51.399189 ], [ 0.087412, 51.399086 ], [ 0.087391, 51.398991 ], [ 0.087381, 51.398876 ], [ 0.087386, 51.398766 ], [ 0.0874, 51.398651 ], [ 0.087418, 51.39854 ], [ 0.087432, 51.398441 ], [ 0.087441, 51.398342 ], [ 0.087445, 51.398247 ], [ 0.087452, 51.398155 ], [ 0.087463, 51.398064 ], [ 0.087473, 51.397968 ], [ 0.087479, 51.397873 ], [ 0.087481, 51.397789 ], [ 0.087485, 51.397697 ], [ 0.087487, 51.397606 ], [ 0.087479, 51.397526 ], [ 0.087464, 51.397434 ], [ 0.087437, 51.397327 ], [ 0.087405, 51.397232 ], [ 0.087375, 51.397144 ], [ 0.087345, 51.397057 ], [ 0.087318, 51.396969 ], [ 0.0873, 51.396881 ], [ 0.087283, 51.396793 ], [ 0.087267, 51.396702 ], [ 0.087252, 51.396606 ], [ 0.087234, 51.396519 ], [ 0.087219, 51.396427 ], [ 0.087211, 51.396339 ], [ 0.087208, 51.396252 ], [ 0.087204, 51.396164 ], [ 0.087207, 51.396069 ], [ 0.087219, 51.395985 ], [ 0.087238, 51.395897 ], [ 0.087263, 51.395813 ], [ 0.087289, 51.395733 ], [ 0.087319, 51.395649 ], [ 0.08735, 51.395561 ], [ 0.087379, 51.395477 ], [ 0.08741, 51.395393 ], [ 0.08744, 51.395309 ], [ 0.087469, 51.395222 ], [ 0.087494, 51.395145 ], [ 0.087525, 51.395054 ], [ 0.087555, 51.394978 ], [ 0.087594, 51.394886 ], [ 0.087635, 51.394798 ], [ 0.087675, 51.394711 ], [ 0.087714, 51.394627 ], [ 0.087756, 51.394543 ], [ 0.087801, 51.394463 ], [ 0.087852, 51.394382 ], [ 0.087912, 51.394302 ], [ 0.08798, 51.394222 ], [ 0.088054, 51.39415 ], [ 0.088135, 51.394081 ], [ 0.088223, 51.394012 ], [ 0.088313, 51.393948 ], [ 0.088404, 51.393879 ], [ 0.088491, 51.393814 ], [ 0.08858, 51.393753 ], [ 0.088668, 51.393688 ], [ 0.088751, 51.393627 ], [ 0.088835, 51.393562 ], [ 0.088918, 51.393501 ], [ 0.088998, 51.39344 ], [ 0.089077, 51.393375 ], [ 0.089152, 51.393311 ], [ 0.089219, 51.393246 ], [ 0.089288, 51.393181 ], [ 0.089349, 51.393124 ], [ 0.089425, 51.393059 ], [ 0.089506, 51.39299 ], [ 0.089576, 51.392937 ], [ 0.089644, 51.392876 ], [ 0.089702, 51.392826 ], [ 0.089764, 51.392761 ], [ 0.089823, 51.3927 ], [ 0.089876, 51.392639 ], [ 0.089926, 51.392578 ], [ 0.089977, 51.392517 ], [ 0.090026, 51.39246 ], [ 0.09007, 51.392395 ], [ 0.090108, 51.392334 ], [ 0.090139, 51.392269 ], [ 0.09017, 51.392204 ], [ 0.090204, 51.392139 ], [ 0.090235, 51.392075 ], [ 0.090262, 51.392006 ], [ 0.090292, 51.391945 ], [ 0.090322, 51.39188 ], [ 0.090352, 51.391819 ], [ 0.090381, 51.391754 ], [ 0.09041, 51.391693 ], [ 0.090438, 51.391636 ], [ 0.090464, 51.391586 ], [ 0.09049, 51.39154 ], [ 0.090515, 51.391491 ], [ 0.090543, 51.39146 ], [ 0.090569, 51.391422 ], [ 0.090592, 51.39138 ], [ 0.090617, 51.391335 ], [ 0.090649, 51.391293 ], [ 0.090689, 51.391258 ], [ 0.09074, 51.391228 ], [ 0.090792, 51.391201 ], [ 0.090858, 51.391174 ], [ 0.090931, 51.391155 ], [ 0.091014, 51.39114 ], [ 0.091106, 51.391128 ], [ 0.0912, 51.391117 ], [ 0.091299, 51.391109 ], [ 0.0914, 51.391098 ], [ 0.091501, 51.39109 ], [ 0.091602, 51.391083 ], [ 0.091699, 51.391075 ], [ 0.091802, 51.391064 ], [ 0.091905, 51.391056 ], [ 0.092005, 51.391045 ], [ 0.092102, 51.391033 ], [ 0.0922, 51.391022 ], [ 0.092292, 51.391006 ], [ 0.092389, 51.390999 ], [ 0.092486, 51.390987 ], [ 0.092582, 51.39098 ], [ 0.092671, 51.390972 ], [ 0.092762, 51.390961 ], [ 0.092873, 51.390949 ], [ 0.09298, 51.390942 ], [ 0.09308, 51.39093 ], [ 0.093183, 51.390915 ], [ 0.093283, 51.390903 ], [ 0.093383, 51.390892 ], [ 0.093484, 51.390884 ], [ 0.093587, 51.390873 ], [ 0.093685, 51.390865 ], [ 0.093789, 51.390854 ], [ 0.093892, 51.390842 ], [ 0.093995, 51.390831 ], [ 0.0941, 51.390823 ], [ 0.094204, 51.390816 ], [ 0.09431, 51.390808 ], [ 0.094415, 51.3908 ], [ 0.094523, 51.390789 ], [ 0.09463, 51.390781 ], [ 0.094738, 51.390774 ], [ 0.094846, 51.39077 ], [ 0.094958, 51.390766 ], [ 0.095071, 51.390762 ], [ 0.095186, 51.390759 ], [ 0.095296, 51.390755 ], [ 0.095409, 51.390751 ], [ 0.095511, 51.390743 ], [ 0.095624, 51.390739 ], [ 0.095745, 51.390736 ], [ 0.09585, 51.390724 ], [ 0.095968, 51.390713 ], [ 0.096083, 51.390701 ], [ 0.096196, 51.390686 ], [ 0.096307, 51.390671 ], [ 0.096417, 51.390656 ], [ 0.096523, 51.390644 ], [ 0.096632, 51.390629 ], [ 0.096734, 51.390614 ], [ 0.096837, 51.390594 ], [ 0.096941, 51.390575 ], [ 0.097047, 51.39056 ], [ 0.097149, 51.390545 ], [ 0.097251, 51.39053 ], [ 0.097355, 51.39051 ], [ 0.097457, 51.390495 ], [ 0.097561, 51.390476 ], [ 0.097663, 51.390457 ], [ 0.097763, 51.390442 ], [ 0.097864, 51.390423 ], [ 0.097964, 51.390408 ], [ 0.09806, 51.390392 ], [ 0.098158, 51.390377 ], [ 0.098252, 51.390358 ], [ 0.098369, 51.390339 ], [ 0.098489, 51.390316 ], [ 0.098603, 51.390293 ], [ 0.098721, 51.390274 ], [ 0.098844, 51.390255 ], [ 0.098967, 51.390236 ], [ 0.099088, 51.390217 ], [ 0.099211, 51.390194 ], [ 0.099335, 51.390175 ], [ 0.099467, 51.390152 ], [ 0.099599, 51.390129 ], [ 0.099734, 51.390106 ], [ 0.099872, 51.390083 ], [ 0.100015, 51.390064 ], [ 0.10016, 51.390034 ], [ 0.100301, 51.390007 ], [ 0.10044, 51.389984 ], [ 0.100593, 51.389961 ], [ 0.100745, 51.389938 ], [ 0.100886, 51.389915 ], [ 0.101026, 51.389889 ], [ 0.101166, 51.389866 ], [ 0.101313, 51.389847 ], [ 0.101462, 51.389828 ], [ 0.101609, 51.389801 ], [ 0.101744, 51.389774 ], [ 0.101892, 51.389744 ], [ 0.102046, 51.389721 ], [ 0.102196, 51.389698 ], [ 0.102345, 51.389675 ], [ 0.102506, 51.389656 ], [ 0.102666, 51.389629 ], [ 0.10283, 51.389599 ], [ 0.102998, 51.389565 ], [ 0.103171, 51.389538 ], [ 0.103343, 51.389515 ], [ 0.103513, 51.389492 ], [ 0.103683, 51.389465 ], [ 0.103849, 51.389435 ], [ 0.104013, 51.389412 ], [ 0.104179, 51.389385 ], [ 0.104338, 51.389358 ], [ 0.104499, 51.389328 ], [ 0.104673, 51.389305 ], [ 0.10485, 51.389282 ], [ 0.10503, 51.389255 ], [ 0.105206, 51.389233 ], [ 0.105388, 51.389202 ], [ 0.105571, 51.389168 ], [ 0.105751, 51.389126 ], [ 0.10593, 51.389084 ], [ 0.106107, 51.389046 ], [ 0.106288, 51.389008 ], [ 0.106463, 51.388962 ], [ 0.106636, 51.388924 ], [ 0.106805, 51.388889 ], [ 0.106967, 51.388847 ], [ 0.107122, 51.388805 ], [ 0.107276, 51.388763 ], [ 0.10743, 51.388725 ], [ 0.107579, 51.388691 ], [ 0.107717, 51.388657 ], [ 0.107847, 51.388615 ], [ 0.107972, 51.388576 ], [ 0.108096, 51.388535 ], [ 0.108214, 51.388496 ], [ 0.108325, 51.388454 ], [ 0.108433, 51.388409 ], [ 0.108537, 51.388363 ], [ 0.10864, 51.388317 ], [ 0.108737, 51.388275 ], [ 0.108836, 51.388229 ], [ 0.108929, 51.388184 ], [ 0.109021, 51.388138 ], [ 0.109107, 51.388092 ], [ 0.109194, 51.388046 ], [ 0.109271, 51.387993 ], [ 0.109339, 51.387943 ], [ 0.109398, 51.387886 ], [ 0.109452, 51.387833 ], [ 0.10951, 51.387772 ], [ 0.109566, 51.387714 ], [ 0.109623, 51.387657 ], [ 0.109684, 51.387604 ], [ 0.109752, 51.38755 ], [ 0.10982, 51.387497 ], [ 0.109885, 51.387447 ], [ 0.109944, 51.387402 ], [ 0.11, 51.387367 ], [ 0.110043, 51.387337 ], [ 0.110074, 51.387314 ], [ 0.110096, 51.387299 ], [ 0.110133, 51.387264 ], [ 0.110158, 51.387241 ], [ 0.11019, 51.387222 ], [ 0.110226, 51.387203 ], [ 0.110267, 51.38718 ], [ 0.110315, 51.38715 ], [ 0.110359, 51.387123 ], [ 0.110411, 51.387093 ], [ 0.110466, 51.387062 ], [ 0.110524, 51.387024 ], [ 0.110582, 51.38699 ], [ 0.110638, 51.386955 ], [ 0.110696, 51.386925 ], [ 0.110765, 51.386883 ], [ 0.110839, 51.386841 ], [ 0.110909, 51.386803 ], [ 0.110972, 51.386772 ], [ 0.111038, 51.386742 ], [ 0.111101, 51.386711 ], [ 0.111162, 51.386681 ], [ 0.111218, 51.386646 ], [ 0.111283, 51.386616 ], [ 0.111345, 51.386581 ], [ 0.111407, 51.386551 ], [ 0.111463, 51.38652 ], [ 0.111522, 51.386497 ], [ 0.111588, 51.386475 ], [ 0.111656, 51.386456 ], [ 0.111724, 51.386444 ], [ 0.111798, 51.386436 ], [ 0.111869, 51.386425 ], [ 0.111937, 51.386414 ], [ 0.112005, 51.386398 ], [ 0.11207, 51.386379 ], [ 0.112137, 51.386364 ], [ 0.1122, 51.386345 ], [ 0.112263, 51.386322 ], [ 0.112322, 51.386307 ], [ 0.112383, 51.386284 ], [ 0.11244, 51.386261 ], [ 0.112497, 51.386242 ], [ 0.112554, 51.386219 ], [ 0.112616, 51.386196 ], [ 0.112677, 51.386177 ], [ 0.112738, 51.386158 ], [ 0.112795, 51.386143 ], [ 0.11285, 51.386124 ], [ 0.112906, 51.386105 ], [ 0.112961, 51.386086 ], [ 0.113008, 51.38607 ], [ 0.113052, 51.386059 ], [ 0.113102, 51.386051 ], [ 0.113159, 51.386044 ], [ 0.113217, 51.386036 ], [ 0.113278, 51.386021 ], [ 0.113339, 51.385998 ], [ 0.113393, 51.385967 ], [ 0.113445, 51.385929 ], [ 0.113493, 51.385895 ], [ 0.113535, 51.38586 ], [ 0.113577, 51.385826 ], [ 0.113618, 51.385792 ], [ 0.113662, 51.385761 ], [ 0.11371, 51.385727 ], [ 0.113759, 51.385693 ], [ 0.113805, 51.385658 ], [ 0.11385, 51.385628 ], [ 0.113885, 51.385601 ], [ 0.113917, 51.385574 ], [ 0.113949, 51.385548 ], [ 0.113985, 51.385513 ], [ 0.114022, 51.385471 ], [ 0.114062, 51.385429 ], [ 0.114097, 51.385387 ], [ 0.114127, 51.385342 ], [ 0.11416, 51.385296 ], [ 0.114194, 51.38525 ], [ 0.114225, 51.3852 ], [ 0.114254, 51.385158 ], [ 0.114288, 51.385105 ], [ 0.114321, 51.385056 ], [ 0.114354, 51.38501 ], [ 0.114388, 51.384964 ], [ 0.114422, 51.384918 ], [ 0.114458, 51.384876 ], [ 0.114499, 51.384834 ], [ 0.114543, 51.384792 ], [ 0.114585, 51.384747 ], [ 0.114633, 51.384705 ], [ 0.114686, 51.384666 ], [ 0.114738, 51.384624 ], [ 0.114792, 51.384586 ], [ 0.114843, 51.384552 ], [ 0.114894, 51.384514 ], [ 0.114947, 51.384479 ], [ 0.114998, 51.384441 ], [ 0.115049, 51.384411 ], [ 0.115105, 51.384377 ], [ 0.115163, 51.38435 ], [ 0.115228, 51.384323 ], [ 0.115295, 51.3843 ], [ 0.115364, 51.384281 ], [ 0.115432, 51.384262 ], [ 0.115499, 51.384243 ], [ 0.115567, 51.38422 ], [ 0.115639, 51.384205 ], [ 0.115705, 51.38419 ], [ 0.115773, 51.384174 ], [ 0.115853, 51.384163 ], [ 0.115933, 51.384148 ], [ 0.116008, 51.384132 ], [ 0.116084, 51.384117 ], [ 0.116154, 51.384094 ], [ 0.116222, 51.384071 ], [ 0.116292, 51.384052 ], [ 0.11636, 51.384022 ], [ 0.116431, 51.383991 ], [ 0.116498, 51.383961 ], [ 0.116567, 51.383934 ], [ 0.116637, 51.383903 ], [ 0.116708, 51.383865 ], [ 0.116777, 51.383835 ], [ 0.116845, 51.383797 ], [ 0.116914, 51.383762 ], [ 0.116984, 51.383724 ], [ 0.117055, 51.38369 ], [ 0.117127, 51.383663 ], [ 0.117198, 51.383633 ], [ 0.11727, 51.383602 ], [ 0.117339, 51.383575 ], [ 0.117405, 51.383545 ], [ 0.117477, 51.383511 ], [ 0.117547, 51.383476 ], [ 0.117615, 51.383446 ], [ 0.117681, 51.383419 ], [ 0.11775, 51.383388 ], [ 0.117821, 51.383358 ], [ 0.117894, 51.383327 ], [ 0.117967, 51.383297 ], [ 0.11804, 51.383266 ], [ 0.118111, 51.38324 ], [ 0.118182, 51.383209 ], [ 0.118253, 51.383183 ], [ 0.118319, 51.38316 ], [ 0.11839, 51.383133 ], [ 0.118458, 51.383114 ], [ 0.118529, 51.383091 ], [ 0.118595, 51.383064 ], [ 0.118659, 51.383041 ], [ 0.118721, 51.383022 ], [ 0.118786, 51.383003 ], [ 0.118849, 51.382988 ], [ 0.118907, 51.382973 ], [ 0.118958, 51.382961 ], [ 0.119001, 51.382954 ], [ 0.119044, 51.382942 ], [ 0.119092, 51.382931 ], [ 0.119144, 51.382919 ], [ 0.119198, 51.382904 ], [ 0.119254, 51.382885 ], [ 0.119305, 51.382854 ], [ 0.119352, 51.382824 ], [ 0.119393, 51.382793 ], [ 0.119437, 51.382755 ], [ 0.119474, 51.382721 ], [ 0.119509, 51.382679 ], [ 0.119542, 51.382637 ], [ 0.119569, 51.382595 ], [ 0.119593, 51.382549 ], [ 0.119615, 51.3825 ], [ 0.119633, 51.38245 ], [ 0.119652, 51.382401 ], [ 0.11967, 51.382347 ], [ 0.119688, 51.382294 ], [ 0.119706, 51.38224 ], [ 0.119727, 51.382187 ], [ 0.119747, 51.382133 ], [ 0.119768, 51.38208 ], [ 0.119787, 51.38203 ], [ 0.119808, 51.381977 ], [ 0.119826, 51.381924 ], [ 0.119845, 51.381874 ], [ 0.119863, 51.381828 ], [ 0.119884, 51.381779 ], [ 0.119904, 51.381733 ], [ 0.119925, 51.381683 ], [ 0.119946, 51.381638 ], [ 0.119973, 51.381588 ], [ 0.119992, 51.381542 ], [ 0.120013, 51.381496 ], [ 0.120039, 51.381451 ], [ 0.120063, 51.381405 ], [ 0.120084, 51.381359 ], [ 0.120106, 51.381313 ], [ 0.120133, 51.381268 ], [ 0.120163, 51.381222 ], [ 0.120194, 51.381176 ], [ 0.120226, 51.38113 ], [ 0.120255, 51.381088 ], [ 0.120283, 51.381039 ], [ 0.120314, 51.380989 ], [ 0.120347, 51.380939 ], [ 0.120379, 51.380894 ], [ 0.120409, 51.380844 ], [ 0.120443, 51.380798 ], [ 0.120477, 51.380753 ], [ 0.120511, 51.380711 ], [ 0.120543, 51.380669 ], [ 0.120573, 51.380623 ], [ 0.120603, 51.380573 ], [ 0.120633, 51.380524 ], [ 0.120658, 51.380482 ], [ 0.120683, 51.380444 ], [ 0.120713, 51.380405 ], [ 0.120741, 51.380367 ], [ 0.120772, 51.380325 ], [ 0.120797, 51.38028 ], [ 0.120821, 51.380241 ], [ 0.12085, 51.380203 ], [ 0.120879, 51.380161 ], [ 0.120904, 51.380123 ], [ 0.120931, 51.380085 ], [ 0.120956, 51.380043 ], [ 0.120978, 51.379997 ], [ 0.120996, 51.379955 ], [ 0.121018, 51.379913 ], [ 0.121042, 51.379871 ], [ 0.121065, 51.379829 ], [ 0.121084, 51.379784 ], [ 0.121102, 51.379738 ], [ 0.12112, 51.379696 ], [ 0.121138, 51.379658 ], [ 0.121158, 51.379612 ], [ 0.121179, 51.37957 ], [ 0.121198, 51.379528 ], [ 0.121215, 51.379486 ], [ 0.121232, 51.379444 ], [ 0.121247, 51.379398 ], [ 0.121263, 51.379356 ], [ 0.12128, 51.379311 ], [ 0.121294, 51.379269 ], [ 0.121309, 51.379227 ], [ 0.121325, 51.379181 ], [ 0.121336, 51.379143 ], [ 0.121345, 51.379093 ], [ 0.121356, 51.379044 ], [ 0.121365, 51.378998 ], [ 0.121375, 51.378948 ], [ 0.121389, 51.378899 ], [ 0.121403, 51.378849 ], [ 0.121417, 51.378799 ], [ 0.121434, 51.37875 ], [ 0.121455, 51.3787 ], [ 0.121477, 51.378651 ], [ 0.121502, 51.378605 ], [ 0.121527, 51.378559 ], [ 0.121548, 51.378509 ], [ 0.121565, 51.378464 ], [ 0.121584, 51.378414 ], [ 0.121604, 51.378368 ], [ 0.121625, 51.378323 ], [ 0.12165, 51.378281 ], [ 0.121678, 51.378235 ], [ 0.121709, 51.378185 ], [ 0.121742, 51.378139 ], [ 0.121776, 51.378097 ], [ 0.121815, 51.378048 ], [ 0.121855, 51.378006 ], [ 0.121891, 51.377968 ], [ 0.121932, 51.37793 ], [ 0.121975, 51.377892 ], [ 0.122015, 51.37785 ], [ 0.122058, 51.377808 ], [ 0.122103, 51.377766 ], [ 0.122146, 51.377724 ], [ 0.122189, 51.377682 ], [ 0.122228, 51.377644 ], [ 0.12227, 51.377605 ], [ 0.122311, 51.377563 ], [ 0.12235, 51.377525 ], [ 0.122389, 51.377487 ], [ 0.122429, 51.377441 ], [ 0.122469, 51.377403 ], [ 0.122511, 51.377361 ], [ 0.122554, 51.377319 ], [ 0.122595, 51.377274 ], [ 0.122636, 51.377235 ], [ 0.122679, 51.37719 ], [ 0.122722, 51.377148 ], [ 0.122763, 51.377102 ], [ 0.122798, 51.377048 ], [ 0.122826, 51.376991 ], [ 0.122851, 51.37693 ], [ 0.12288, 51.376873 ], [ 0.122908, 51.376816 ], [ 0.122938, 51.376759 ], [ 0.122971, 51.376709 ], [ 0.123003, 51.376652 ], [ 0.123038, 51.376583 ], [ 0.123074, 51.376514 ], [ 0.123108, 51.376446 ], [ 0.123143, 51.376381 ], [ 0.123179, 51.376312 ], [ 0.123212, 51.376251 ], [ 0.123245, 51.376194 ], [ 0.123277, 51.376129 ], [ 0.123306, 51.376064 ], [ 0.123328, 51.375996 ], [ 0.12335, 51.375931 ], [ 0.123373, 51.37587 ], [ 0.123405, 51.375793 ], [ 0.123438, 51.375725 ], [ 0.123471, 51.375664 ], [ 0.123508, 51.375603 ], [ 0.123543, 51.375545 ], [ 0.123579, 51.375484 ], [ 0.123617, 51.375427 ], [ 0.123658, 51.375362 ], [ 0.123697, 51.375298 ], [ 0.123737, 51.37524 ], [ 0.123777, 51.375179 ], [ 0.123813, 51.375122 ], [ 0.123841, 51.375065 ], [ 0.123863, 51.375011 ], [ 0.123892, 51.374943 ], [ 0.123921, 51.374878 ], [ 0.123955, 51.374813 ], [ 0.123993, 51.374767 ], [ 0.124038, 51.374733 ], [ 0.124084, 51.37471 ], [ 0.124127, 51.374691 ], [ 0.12417, 51.374672 ], [ 0.124216, 51.37466 ], [ 0.124261, 51.374649 ], [ 0.124301, 51.374638 ], [ 0.124339, 51.37463 ], [ 0.124376, 51.374618 ], [ 0.124413, 51.374607 ], [ 0.124443, 51.374592 ], [ 0.124471, 51.37458 ], [ 0.124496, 51.374569 ], [ 0.124522, 51.374554 ], [ 0.124546, 51.374538 ], [ 0.124579, 51.374515 ], [ 0.124615, 51.374493 ], [ 0.124651, 51.374474 ], [ 0.124692, 51.374451 ], [ 0.124736, 51.374424 ], [ 0.124776, 51.374401 ], [ 0.124812, 51.374374 ], [ 0.124843, 51.374351 ], [ 0.124875, 51.374329 ], [ 0.124921, 51.374294 ], [ 0.124977, 51.37426 ], [ 0.125019, 51.374229 ], [ 0.12506, 51.374199 ], [ 0.1251, 51.374172 ], [ 0.125143, 51.374142 ], [ 0.125181, 51.374115 ], [ 0.125217, 51.374084 ], [ 0.125249, 51.374054 ], [ 0.125281, 51.374027 ], [ 0.125314, 51.373993 ], [ 0.125354, 51.373959 ], [ 0.125394, 51.373924 ], [ 0.125439, 51.37389 ], [ 0.125488, 51.373844 ], [ 0.125538, 51.373798 ], [ 0.125589, 51.373756 ], [ 0.125644, 51.373718 ], [ 0.125696, 51.373676 ], [ 0.12575, 51.373638 ], [ 0.125808, 51.3736 ], [ 0.125862, 51.373562 ], [ 0.125918, 51.373531 ], [ 0.125979, 51.373497 ], [ 0.126056, 51.373463 ], [ 0.126151, 51.373428 ], [ 0.126248, 51.373386 ], [ 0.126344, 51.373348 ], [ 0.126453, 51.373306 ], [ 0.126557, 51.373268 ], [ 0.126658, 51.373234 ], [ 0.126759, 51.373192 ], [ 0.126851, 51.37315 ], [ 0.126937, 51.373108 ], [ 0.127022, 51.373062 ], [ 0.127103, 51.373016 ], [ 0.127186, 51.372967 ], [ 0.127258, 51.372925 ], [ 0.127322, 51.372879 ], [ 0.127379, 51.372837 ], [ 0.127428, 51.372799 ], [ 0.127474, 51.372757 ], [ 0.127522, 51.372719 ], [ 0.127571, 51.372677 ], [ 0.127622, 51.372639 ], [ 0.127673, 51.372597 ], [ 0.127723, 51.372559 ], [ 0.127768, 51.372524 ], [ 0.127814, 51.372494 ], [ 0.12786, 51.372463 ], [ 0.127912, 51.372429 ], [ 0.127968, 51.372391 ], [ 0.128019, 51.372353 ], [ 0.128066, 51.372314 ], [ 0.12811, 51.372284 ], [ 0.128155, 51.372253 ], [ 0.128201, 51.372219 ], [ 0.128251, 51.372196 ], [ 0.128299, 51.372169 ], [ 0.128338, 51.372147 ], [ 0.12838, 51.37212 ], [ 0.128426, 51.372089 ], [ 0.128476, 51.372063 ], [ 0.128528, 51.372036 ], [ 0.128578, 51.372009 ], [ 0.128628, 51.371986 ], [ 0.128682, 51.371963 ], [ 0.128736, 51.371944 ], [ 0.128787, 51.371922 ], [ 0.128843, 51.371899 ], [ 0.128899, 51.371876 ], [ 0.128951, 51.371853 ], [ 0.129001, 51.37183 ], [ 0.129053, 51.371803 ], [ 0.129102, 51.37178 ], [ 0.129155, 51.371757 ], [ 0.129214, 51.371731 ], [ 0.129273, 51.371704 ], [ 0.129329, 51.371681 ], [ 0.129379, 51.371662 ], [ 0.129427, 51.371643 ], [ 0.129481, 51.37162 ], [ 0.129538, 51.371597 ], [ 0.129598, 51.371567 ], [ 0.129666, 51.371532 ], [ 0.129734, 51.371502 ], [ 0.129798, 51.371468 ], [ 0.129861, 51.371433 ], [ 0.129922, 51.371403 ], [ 0.129993, 51.371365 ], [ 0.130062, 51.371326 ], [ 0.130128, 51.371292 ], [ 0.130188, 51.371258 ], [ 0.130242, 51.371231 ], [ 0.130294, 51.371204 ], [ 0.130343, 51.371181 ], [ 0.130388, 51.371155 ], [ 0.130432, 51.371124 ], [ 0.130478, 51.371094 ], [ 0.130525, 51.371063 ], [ 0.130571, 51.371033 ], [ 0.130614, 51.371006 ], [ 0.130654, 51.370975 ], [ 0.130694, 51.370945 ], [ 0.130731, 51.370918 ], [ 0.130766, 51.370892 ], [ 0.130804, 51.370857 ], [ 0.130842, 51.370827 ], [ 0.130877, 51.370796 ], [ 0.130909, 51.370769 ], [ 0.130934, 51.370743 ], [ 0.130951, 51.37072 ], [ 0.130965, 51.370701 ], [ 0.130981, 51.370678 ], [ 0.130996, 51.370659 ], [ 0.131014, 51.370628 ], [ 0.131039, 51.370594 ], [ 0.13107, 51.370556 ], [ 0.131101, 51.370518 ], [ 0.131133, 51.37048 ], [ 0.131166, 51.370441 ], [ 0.131202, 51.370411 ], [ 0.13123, 51.370388 ], [ 0.131256, 51.370365 ], [ 0.131283, 51.370338 ], [ 0.131309, 51.370312 ], [ 0.131341, 51.370285 ], [ 0.13138, 51.370251 ], [ 0.131416, 51.37022 ], [ 0.131446, 51.370193 ], [ 0.131475, 51.370167 ], [ 0.131506, 51.370144 ], [ 0.131538, 51.370121 ], [ 0.131571, 51.370098 ], [ 0.131603, 51.370079 ], [ 0.131639, 51.37006 ], [ 0.131675, 51.370041 ], [ 0.131711, 51.370029 ], [ 0.131745, 51.370018 ], [ 0.131778, 51.370007 ], [ 0.131812, 51.369987 ], [ 0.131846, 51.369972 ], [ 0.131882, 51.369957 ], [ 0.131915, 51.369942 ], [ 0.131945, 51.369926 ], [ 0.131975, 51.369907 ], [ 0.132004, 51.369896 ], [ 0.132032, 51.369884 ], [ 0.132063, 51.369873 ], [ 0.132098, 51.369865 ], [ 0.132135, 51.369854 ], [ 0.132175, 51.369839 ], [ 0.132222, 51.36982 ], [ 0.132271, 51.369804 ], [ 0.132324, 51.369789 ], [ 0.132382, 51.369774 ], [ 0.132442, 51.369759 ], [ 0.132501, 51.369747 ], [ 0.132561, 51.369732 ], [ 0.132621, 51.369713 ], [ 0.132683, 51.369701 ], [ 0.132746, 51.36969 ], [ 0.132812, 51.369675 ], [ 0.132878, 51.369667 ], [ 0.132944, 51.369663 ], [ 0.133011, 51.369656 ], [ 0.133079, 51.369648 ], [ 0.133142, 51.369637 ], [ 0.133199, 51.369629 ], [ 0.133253, 51.369625 ], [ 0.133317, 51.369625 ], [ 0.133386, 51.369625 ], [ 0.133455, 51.369625 ], [ 0.133523, 51.369625 ], [ 0.13359, 51.369621 ], [ 0.133661, 51.369621 ], [ 0.133735, 51.369621 ], [ 0.133809, 51.369621 ], [ 0.133884, 51.369621 ], [ 0.133961, 51.369621 ], [ 0.13404, 51.369621 ], [ 0.134121, 51.369625 ], [ 0.134206, 51.369629 ], [ 0.134292, 51.369633 ], [ 0.13438, 51.369633 ], [ 0.134472, 51.369633 ], [ 0.134568, 51.369637 ], [ 0.134663, 51.36964 ], [ 0.134761, 51.369644 ], [ 0.134861, 51.369648 ], [ 0.134954, 51.369652 ], [ 0.135036, 51.369656 ], [ 0.135113, 51.369663 ], [ 0.135193, 51.369663 ], [ 0.135275, 51.369659 ], [ 0.135361, 51.369656 ], [ 0.135451, 51.369652 ], [ 0.135541, 51.369644 ], [ 0.135631, 51.369637 ], [ 0.135717, 51.369629 ], [ 0.135797, 51.369614 ], [ 0.135865, 51.369598 ], [ 0.135927, 51.369583 ], [ 0.135986, 51.369564 ], [ 0.13605, 51.369545 ], [ 0.13612, 51.36953 ], [ 0.136191, 51.369511 ], [ 0.13626, 51.369492 ], [ 0.13633, 51.369473 ], [ 0.136402, 51.369457 ], [ 0.136474, 51.369442 ], [ 0.136556, 51.369431 ], [ 0.136649, 51.369411 ], [ 0.136749, 51.369389 ], [ 0.136846, 51.369369 ], [ 0.136936, 51.36935 ], [ 0.137024, 51.369335 ], [ 0.137114, 51.369316 ], [ 0.137205, 51.369301 ], [ 0.137305, 51.369286 ], [ 0.137416, 51.36927 ], [ 0.137535, 51.369255 ], [ 0.137667, 51.369236 ], [ 0.137793, 51.369217 ], [ 0.137914, 51.369198 ], [ 0.138033, 51.369171 ], [ 0.138154, 51.369148 ], [ 0.138282, 51.369129 ], [ 0.138406, 51.369118 ], [ 0.138529, 51.36911 ], [ 0.138656, 51.369102 ], [ 0.138784, 51.369095 ], [ 0.138905, 51.369091 ], [ 0.139028, 51.369087 ], [ 0.139142, 51.36908 ], [ 0.13925, 51.369072 ], [ 0.139349, 51.369064 ], [ 0.139446, 51.36906 ], [ 0.139542, 51.369057 ], [ 0.139632, 51.369053 ], [ 0.13972, 51.369045 ], [ 0.139803, 51.369034 ], [ 0.139874, 51.369015 ], [ 0.139938, 51.368992 ], [ 0.139996, 51.368961 ], [ 0.140049, 51.368935 ], [ 0.140096, 51.368908 ], [ 0.140142, 51.368881 ], [ 0.140185, 51.368851 ], [ 0.140228, 51.368824 ], [ 0.140275, 51.368793 ], [ 0.140321, 51.368759 ], [ 0.140367, 51.368717 ], [ 0.140413, 51.368679 ], [ 0.140459, 51.368645 ], [ 0.140506, 51.368614 ], [ 0.140556, 51.368584 ], [ 0.140613, 51.368545 ], [ 0.140673, 51.368507 ], [ 0.140731, 51.368469 ], [ 0.140791, 51.368435 ], [ 0.140853, 51.368401 ], [ 0.140912, 51.368366 ], [ 0.140976, 51.368328 ], [ 0.141038, 51.368286 ], [ 0.141097, 51.368248 ], [ 0.141157, 51.368214 ], [ 0.141218, 51.368179 ], [ 0.141278, 51.368137 ], [ 0.141338, 51.368092 ], [ 0.141396, 51.368053 ], [ 0.141453, 51.368015 ], [ 0.14151, 51.367977 ], [ 0.141565, 51.367943 ], [ 0.141625, 51.367912 ], [ 0.141691, 51.367889 ], [ 0.14176, 51.36787 ], [ 0.141829, 51.367863 ], [ 0.141898, 51.367855 ], [ 0.141962, 51.367851 ], [ 0.142027, 51.367851 ], [ 0.14209, 51.367851 ], [ 0.142155, 51.367855 ], [ 0.142221, 51.367855 ], [ 0.142282, 51.367859 ], [ 0.142337, 51.367859 ], [ 0.142389, 51.367859 ], [ 0.142444, 51.367859 ], [ 0.1425, 51.367863 ], [ 0.142558, 51.367866 ], [ 0.142612, 51.367866 ], [ 0.142664, 51.367866 ], [ 0.142715, 51.36787 ], [ 0.142766, 51.367874 ], [ 0.142816, 51.367878 ], [ 0.142866, 51.367882 ], [ 0.142915, 51.367878 ], [ 0.142963, 51.367878 ], [ 0.143014, 51.367878 ], [ 0.143063, 51.367874 ], [ 0.143113, 51.367878 ], [ 0.14316, 51.367878 ], [ 0.143201, 51.367878 ], [ 0.143242, 51.367878 ], [ 0.143285, 51.367874 ], [ 0.143325, 51.367874 ], [ 0.143373, 51.367874 ], [ 0.143421, 51.367878 ], [ 0.143463, 51.367878 ], [ 0.143506, 51.367882 ], [ 0.14355, 51.367886 ], [ 0.143591, 51.367893 ], [ 0.14363, 51.367893 ], [ 0.14367, 51.367897 ], [ 0.143711, 51.367901 ], [ 0.143757, 51.367908 ], [ 0.143805, 51.367908 ], [ 0.143852, 51.367908 ], [ 0.143898, 51.367905 ], [ 0.14394, 51.367893 ], [ 0.143983, 51.367878 ], [ 0.144026, 51.367863 ], [ 0.144066, 51.367844 ], [ 0.144104, 51.367825 ], [ 0.144142, 51.367802 ], [ 0.144179, 51.367783 ], [ 0.144214, 51.367764 ], [ 0.144248, 51.367744 ], [ 0.144282, 51.367725 ], [ 0.144316, 51.367702 ], [ 0.14435, 51.36768 ], [ 0.144382, 51.367664 ], [ 0.144412, 51.367649 ], [ 0.144443, 51.367634 ], [ 0.144476, 51.367622 ], [ 0.144509, 51.367603 ], [ 0.144541, 51.367588 ], [ 0.144577, 51.367577 ], [ 0.144616, 51.367565 ], [ 0.144655, 51.367554 ], [ 0.144695, 51.367546 ], [ 0.144733, 51.367538 ], [ 0.144771, 51.367531 ], [ 0.14481, 51.367519 ], [ 0.144847, 51.367508 ], [ 0.144883, 51.3675 ], [ 0.144921, 51.367489 ], [ 0.144958, 51.367477 ], [ 0.144994, 51.367466 ], [ 0.145026, 51.367451 ], [ 0.145056, 51.367439 ], [ 0.145087, 51.367428 ], [ 0.145115, 51.367413 ], [ 0.145144, 51.367397 ], [ 0.145174, 51.367386 ], [ 0.145205, 51.367371 ], [ 0.145236, 51.367355 ], [ 0.145268, 51.367344 ], [ 0.1453, 51.367325 ], [ 0.145332, 51.367313 ], [ 0.145365, 51.367298 ], [ 0.145397, 51.367279 ], [ 0.145429, 51.367264 ], [ 0.145462, 51.367252 ], [ 0.145493, 51.367233 ], [ 0.145526, 51.367214 ], [ 0.145561, 51.367203 ], [ 0.145598, 51.367187 ], [ 0.145633, 51.367176 ], [ 0.145667, 51.367168 ], [ 0.145705, 51.367153 ], [ 0.145743, 51.367142 ], [ 0.14578, 51.367134 ], [ 0.145819, 51.36713 ], [ 0.14586, 51.367123 ], [ 0.145903, 51.367115 ], [ 0.145947, 51.367107 ], [ 0.145994, 51.3671 ], [ 0.146041, 51.367092 ], [ 0.146091, 51.367085 ], [ 0.146141, 51.367081 ], [ 0.146189, 51.367081 ], [ 0.146235, 51.367085 ], [ 0.146285, 51.367085 ], [ 0.146332, 51.367085 ], [ 0.146376, 51.367085 ], [ 0.146417, 51.367081 ], [ 0.146455, 51.367081 ], [ 0.146486, 51.367085 ], [ 0.146517, 51.367088 ], [ 0.146551, 51.367088 ], [ 0.146589, 51.367092 ], [ 0.146652, 51.367096 ], [ 0.146696, 51.3671 ], [ 0.146741, 51.3671 ], [ 0.146781, 51.367104 ], [ 0.146818, 51.367107 ], [ 0.146848, 51.367111 ], [ 0.146868, 51.367111 ], [ 0.146883, 51.367111 ], [ 0.146887, 51.367111 ], [ 0.146887, 51.367111 ], [ 0.147082, 51.367039 ], [ 0.147115, 51.36702 ], [ 0.14716, 51.366993 ], [ 0.147212, 51.366966 ], [ 0.147269, 51.366943 ], [ 0.147331, 51.366913 ], [ 0.147395, 51.366886 ], [ 0.147453, 51.366859 ], [ 0.147511, 51.366829 ], [ 0.147571, 51.366798 ], [ 0.147629, 51.366772 ], [ 0.147684, 51.366745 ], [ 0.147739, 51.366722 ], [ 0.147796, 51.366695 ], [ 0.147852, 51.366669 ], [ 0.147906, 51.366646 ], [ 0.14796, 51.366619 ], [ 0.148013, 51.366592 ], [ 0.14807, 51.366566 ], [ 0.14813, 51.366535 ], [ 0.148188, 51.366512 ], [ 0.148248, 51.366489 ], [ 0.148309, 51.366463 ], [ 0.148367, 51.36644 ], [ 0.148427, 51.366417 ], [ 0.148486, 51.36639 ], [ 0.148544, 51.366363 ], [ 0.148605, 51.366337 ], [ 0.148668, 51.366314 ], [ 0.148731, 51.366291 ], [ 0.148798, 51.366268 ], [ 0.148861, 51.366245 ], [ 0.148921, 51.366222 ], [ 0.148979, 51.366199 ], [ 0.149034, 51.366177 ], [ 0.149087, 51.366157 ], [ 0.14914, 51.366142 ], [ 0.149191, 51.366127 ], [ 0.14924, 51.366112 ], [ 0.149283, 51.366096 ], [ 0.149326, 51.366081 ], [ 0.149372, 51.366062 ], [ 0.149418, 51.366047 ], [ 0.149462, 51.366028 ], [ 0.149505, 51.366005 ], [ 0.149547, 51.365986 ], [ 0.149588, 51.365963 ], [ 0.14963, 51.36594 ], [ 0.149672, 51.365917 ], [ 0.149711, 51.365891 ], [ 0.149751, 51.365864 ], [ 0.149787, 51.365841 ], [ 0.149823, 51.365814 ], [ 0.149859, 51.365787 ], [ 0.149894, 51.365757 ], [ 0.149928, 51.36573 ], [ 0.149961, 51.365704 ], [ 0.149993, 51.365673 ], [ 0.150026, 51.365642 ], [ 0.150064, 51.365616 ], [ 0.150104, 51.365589 ], [ 0.150138, 51.365562 ], [ 0.150166, 51.365536 ], [ 0.150191, 51.365513 ], [ 0.150216, 51.36549 ], [ 0.15024, 51.365467 ], [ 0.150263, 51.365444 ], [ 0.150289, 51.365421 ], [ 0.150318, 51.365391 ], [ 0.15035, 51.36536 ], [ 0.150384, 51.365326 ], [ 0.15042, 51.365295 ], [ 0.150459, 51.365265 ], [ 0.150502, 51.365234 ], [ 0.150548, 51.365204 ], [ 0.15059, 51.365169 ], [ 0.150628, 51.365135 ], [ 0.150671, 51.365101 ], [ 0.150716, 51.36507 ], [ 0.150761, 51.36504 ], [ 0.150803, 51.365009 ], [ 0.150841, 51.364979 ], [ 0.150878, 51.364944 ], [ 0.150905, 51.364918 ], [ 0.150926, 51.364883 ], [ 0.150947, 51.364849 ], [ 0.150969, 51.364826 ], [ 0.150992, 51.364796 ], [ 0.151013, 51.364765 ], [ 0.151033, 51.364735 ], [ 0.151055, 51.3647 ], [ 0.151076, 51.364666 ], [ 0.151095, 51.364628 ], [ 0.151106, 51.364586 ], [ 0.151111, 51.36454 ], [ 0.151116, 51.364498 ], [ 0.151127, 51.364464 ], [ 0.151142, 51.364422 ], [ 0.151159, 51.364384 ], [ 0.151178, 51.364346 ], [ 0.151195, 51.364307 ], [ 0.151211, 51.364273 ], [ 0.15122, 51.364246 ], [ 0.151232, 51.364216 ], [ 0.151246, 51.364185 ], [ 0.151252, 51.364151 ], [ 0.151258, 51.36412 ], [ 0.151267, 51.364086 ], [ 0.151277, 51.364059 ], [ 0.151286, 51.364029 ], [ 0.151286, 51.363995 ], [ 0.151285, 51.363949 ], [ 0.15129, 51.363903 ], [ 0.151299, 51.36385 ], [ 0.151314, 51.363796 ], [ 0.151337, 51.363743 ], [ 0.151359, 51.363689 ], [ 0.151376, 51.36364 ], [ 0.151392, 51.363594 ], [ 0.151405, 51.363548 ], [ 0.151414, 51.363502 ], [ 0.151423, 51.363464 ], [ 0.151433, 51.363426 ], [ 0.15145, 51.363392 ], [ 0.151471, 51.363357 ], [ 0.151495, 51.363323 ], [ 0.15152, 51.363296 ], [ 0.151545, 51.36327 ], [ 0.151572, 51.363247 ], [ 0.151598, 51.363228 ], [ 0.151626, 51.363213 ], [ 0.151658, 51.363197 ], [ 0.151696, 51.363182 ], [ 0.151744, 51.363174 ], [ 0.151795, 51.363167 ], [ 0.151845, 51.363155 ], [ 0.151898, 51.363148 ], [ 0.151955, 51.36314 ], [ 0.152009, 51.363132 ], [ 0.152063, 51.363129 ], [ 0.152114, 51.363121 ], [ 0.152163, 51.363125 ], [ 0.152209, 51.363121 ], [ 0.152258, 51.363113 ], [ 0.152312, 51.363106 ], [ 0.152369, 51.363098 ], [ 0.152429, 51.363087 ], [ 0.152508, 51.363075 ], [ 0.152592, 51.363064 ], [ 0.152668, 51.363052 ], [ 0.152746, 51.363041 ], [ 0.152827, 51.363022 ], [ 0.152905, 51.363003 ], [ 0.152982, 51.362984 ], [ 0.153054, 51.362972 ], [ 0.153128, 51.362953 ], [ 0.15319, 51.362938 ], [ 0.153245, 51.362919 ], [ 0.153301, 51.362907 ], [ 0.153362, 51.362896 ], [ 0.153418, 51.362862 ], [ 0.15345, 51.362823 ], [ 0.153461, 51.362781 ], [ 0.153467, 51.362736 ], [ 0.153468, 51.362694 ], [ 0.153476, 51.362644 ], [ 0.153477, 51.362595 ], [ 0.153472, 51.362545 ], [ 0.153468, 51.362499 ], [ 0.153459, 51.362457 ], [ 0.153446, 51.362415 ], [ 0.15343, 51.36237 ], [ 0.153407, 51.362324 ], [ 0.15338, 51.362278 ], [ 0.153353, 51.362228 ], [ 0.153327, 51.362179 ], [ 0.153306, 51.362133 ], [ 0.153283, 51.362083 ], [ 0.153265, 51.362034 ], [ 0.153253, 51.361992 ], [ 0.153238, 51.361958 ], [ 0.153223, 51.361927 ], [ 0.153206, 51.3619 ], [ 0.153191, 51.361874 ], [ 0.15317, 51.361843 ], [ 0.153143, 51.361801 ], [ 0.153105, 51.361755 ], [ 0.153039, 51.36171 ], [ 0.152968, 51.361656 ], [ 0.152903, 51.36161 ], [ 0.152848, 51.361568 ], [ 0.152801, 51.36153 ], [ 0.152754, 51.361492 ], [ 0.152709, 51.361462 ], [ 0.152662, 51.361423 ], [ 0.152614, 51.361378 ], [ 0.152571, 51.36132 ], [ 0.152526, 51.361259 ], [ 0.152476, 51.361198 ], [ 0.152423, 51.361145 ], [ 0.152373, 51.361088 ], [ 0.152323, 51.361027 ], [ 0.152279, 51.360973 ], [ 0.152235, 51.36092 ], [ 0.15219, 51.360874 ], [ 0.152152, 51.360828 ], [ 0.15212, 51.360794 ], [ 0.152084, 51.36076 ], [ 0.152046, 51.360725 ], [ 0.152011, 51.360683 ], [ 0.151979, 51.360649 ], [ 0.151946, 51.360619 ], [ 0.151914, 51.360584 ], [ 0.151888, 51.360554 ], [ 0.151865, 51.360527 ], [ 0.151838, 51.360493 ], [ 0.151809, 51.360458 ], [ 0.151782, 51.360424 ], [ 0.15175, 51.360386 ], [ 0.151712, 51.360348 ], [ 0.151673, 51.36031 ], [ 0.15163, 51.360264 ], [ 0.151583, 51.360218 ], [ 0.151537, 51.360172 ], [ 0.151493, 51.36013 ], [ 0.151453, 51.360085 ], [ 0.151411, 51.360039 ], [ 0.151373, 51.359993 ], [ 0.151339, 51.359951 ], [ 0.151306, 51.359905 ], [ 0.151277, 51.359859 ], [ 0.151257, 51.359806 ], [ 0.151238, 51.359756 ], [ 0.151216, 51.359707 ], [ 0.151194, 51.359657 ], [ 0.15118, 51.359611 ], [ 0.151172, 51.359566 ], [ 0.151162, 51.35952 ], [ 0.151152, 51.359474 ], [ 0.151148, 51.359428 ], [ 0.151145, 51.359383 ], [ 0.151141, 51.359344 ], [ 0.151138, 51.359306 ], [ 0.151138, 51.35928 ], [ 0.151137, 51.359253 ], [ 0.151132, 51.359219 ], [ 0.151123, 51.359188 ], [ 0.151108, 51.359158 ], [ 0.15109, 51.359131 ], [ 0.151072, 51.359108 ], [ 0.151053, 51.359081 ], [ 0.151039, 51.359055 ], [ 0.151024, 51.359024 ], [ 0.151003, 51.358994 ], [ 0.150977, 51.358959 ], [ 0.150951, 51.358925 ], [ 0.150924, 51.358887 ], [ 0.150903, 51.358849 ], [ 0.15089, 51.358814 ], [ 0.150877, 51.358784 ], [ 0.150864, 51.358746 ], [ 0.150854, 51.3587 ], [ 0.150842, 51.35865 ], [ 0.150818, 51.358593 ], [ 0.150792, 51.358543 ], [ 0.150767, 51.358486 ], [ 0.15074, 51.358433 ], [ 0.150715, 51.358376 ], [ 0.150687, 51.358326 ], [ 0.150654, 51.358276 ], [ 0.150626, 51.358227 ], [ 0.150598, 51.358177 ], [ 0.150574, 51.358131 ], [ 0.150556, 51.358093 ], [ 0.150535, 51.358051 ], [ 0.150511, 51.358013 ], [ 0.150488, 51.357979 ], [ 0.15047, 51.357944 ], [ 0.150458, 51.35791 ], [ 0.150448, 51.357876 ], [ 0.150439, 51.357845 ], [ 0.150428, 51.357811 ], [ 0.150418, 51.357773 ], [ 0.150409, 51.357735 ], [ 0.150403, 51.357697 ], [ 0.1504, 51.357658 ], [ 0.150396, 51.357624 ], [ 0.150397, 51.357597 ], [ 0.150396, 51.357574 ], [ 0.15039, 51.357548 ], [ 0.150376, 51.357517 ], [ 0.15036, 51.357487 ], [ 0.15034, 51.35746 ], [ 0.150323, 51.357429 ], [ 0.150304, 51.357403 ], [ 0.150281, 51.357376 ], [ 0.150253, 51.357346 ], [ 0.150224, 51.357311 ], [ 0.150196, 51.357273 ], [ 0.150168, 51.357239 ], [ 0.150141, 51.357201 ], [ 0.150113, 51.357166 ], [ 0.150085, 51.357132 ], [ 0.15006, 51.357098 ], [ 0.150033, 51.357067 ], [ 0.150007, 51.357033 ], [ 0.14998, 51.357002 ], [ 0.149954, 51.356964 ], [ 0.14993, 51.35693 ], [ 0.149905, 51.356899 ], [ 0.149881, 51.356872 ], [ 0.149857, 51.356846 ], [ 0.149833, 51.356819 ], [ 0.149806, 51.356789 ], [ 0.149774, 51.356758 ], [ 0.149742, 51.356728 ], [ 0.149704, 51.356689 ], [ 0.149668, 51.356651 ], [ 0.149634, 51.356617 ], [ 0.149601, 51.356579 ], [ 0.149566, 51.356541 ], [ 0.149531, 51.356503 ], [ 0.149497, 51.356464 ], [ 0.149455, 51.356426 ], [ 0.149408, 51.356388 ], [ 0.149363, 51.35635 ], [ 0.149319, 51.356312 ], [ 0.14928, 51.356274 ], [ 0.149247, 51.356235 ], [ 0.149214, 51.356193 ], [ 0.149182, 51.356152 ], [ 0.149151, 51.356113 ], [ 0.14912, 51.356075 ], [ 0.149096, 51.356033 ], [ 0.149067, 51.355995 ], [ 0.14903, 51.355957 ], [ 0.148993, 51.355919 ], [ 0.148953, 51.355885 ], [ 0.148908, 51.35585 ], [ 0.148854, 51.355808 ], [ 0.148793, 51.355766 ], [ 0.148728, 51.355724 ], [ 0.148655, 51.355682 ], [ 0.148582, 51.35564 ], [ 0.148509, 51.355602 ], [ 0.148435, 51.355564 ], [ 0.148369, 51.355526 ], [ 0.148307, 51.355492 ], [ 0.148249, 51.355453 ], [ 0.148191, 51.355423 ], [ 0.148136, 51.355392 ], [ 0.148086, 51.355358 ], [ 0.148044, 51.355312 ], [ 0.14801, 51.355263 ], [ 0.14798, 51.355217 ], [ 0.147957, 51.355164 ], [ 0.147949, 51.35511 ], [ 0.14795, 51.355057 ], [ 0.147955, 51.354999 ], [ 0.147959, 51.354946 ], [ 0.147956, 51.354893 ], [ 0.147949, 51.354843 ], [ 0.147943, 51.354794 ], [ 0.147936, 51.354744 ], [ 0.147926, 51.354698 ], [ 0.14792, 51.354649 ], [ 0.147916, 51.354603 ], [ 0.147911, 51.354557 ], [ 0.147908, 51.354507 ], [ 0.147907, 51.354465 ], [ 0.147907, 51.354427 ], [ 0.147909, 51.354393 ], [ 0.147911, 51.354362 ], [ 0.147914, 51.354332 ], [ 0.147917, 51.354301 ], [ 0.147922, 51.354267 ], [ 0.147926, 51.354237 ], [ 0.147927, 51.354198 ], [ 0.147927, 51.354164 ], [ 0.147928, 51.354134 ], [ 0.14793, 51.354107 ], [ 0.147936, 51.354084 ], [ 0.147942, 51.354076 ], [ 0.147968, 51.354042 ], [ 0.147996, 51.354034 ], [ 0.148033, 51.354031 ], [ 0.148083, 51.354031 ], [ 0.148144, 51.354027 ], [ 0.148209, 51.354023 ], [ 0.148278, 51.354019 ], [ 0.14835, 51.354015 ], [ 0.148429, 51.354015 ], [ 0.148513, 51.354015 ], [ 0.1486, 51.354012 ], [ 0.148695, 51.354004 ], [ 0.148793, 51.354 ], [ 0.148897, 51.353985 ], [ 0.149006, 51.353966 ], [ 0.149112, 51.35395 ], [ 0.149213, 51.353928 ], [ 0.149313, 51.353901 ], [ 0.149411, 51.353874 ], [ 0.149514, 51.35384 ], [ 0.149621, 51.353809 ], [ 0.149726, 51.353783 ], [ 0.14983, 51.35376 ], [ 0.149932, 51.353741 ], [ 0.150039, 51.353725 ], [ 0.150151, 51.35371 ], [ 0.150263, 51.353695 ], [ 0.150371, 51.35368 ], [ 0.150479, 51.353664 ], [ 0.150589, 51.353645 ], [ 0.150694, 51.35363 ], [ 0.150799, 51.353622 ], [ 0.150896, 51.353619 ], [ 0.150995, 51.353615 ], [ 0.151097, 51.353611 ], [ 0.151208, 51.353615 ], [ 0.151318, 51.353622 ], [ 0.151426, 51.35363 ], [ 0.151539, 51.353642 ], [ 0.151661, 51.353653 ], [ 0.15179, 51.353661 ], [ 0.151929, 51.353668 ], [ 0.152081, 51.353668 ], [ 0.15225, 51.353661 ], [ 0.152398, 51.353649 ], [ 0.152505, 51.35363 ], [ 0.152603, 51.353611 ], [ 0.152696, 51.353596 ], [ 0.152781, 51.353584 ], [ 0.152856, 51.353573 ], [ 0.15292, 51.353561 ], [ 0.152983, 51.353546 ], [ 0.153059, 51.353539 ], [ 0.153144, 51.353523 ], [ 0.153239, 51.353512 ], [ 0.153336, 51.3535 ], [ 0.153441, 51.353489 ], [ 0.153555, 51.353474 ], [ 0.153674, 51.353458 ], [ 0.153799, 51.353439 ], [ 0.153919, 51.353416 ], [ 0.15403, 51.353397 ], [ 0.154133, 51.353378 ], [ 0.154231, 51.353355 ], [ 0.154333, 51.353336 ], [ 0.154438, 51.353317 ], [ 0.154546, 51.353298 ], [ 0.154661, 51.353283 ], [ 0.154789, 51.353275 ], [ 0.154924, 51.353264 ], [ 0.155056, 51.35326 ], [ 0.15519, 51.353256 ], [ 0.155324, 51.353252 ], [ 0.155449, 51.353249 ], [ 0.155562, 51.353249 ], [ 0.155678, 51.353245 ], [ 0.155806, 51.353245 ], [ 0.155938, 51.353241 ], [ 0.156061, 51.353241 ], [ 0.156184, 51.353245 ], [ 0.156312, 51.353252 ], [ 0.15643, 51.353256 ], [ 0.156551, 51.353268 ], [ 0.156686, 51.353275 ], [ 0.156828, 51.353283 ], [ 0.15697, 51.353271 ], [ 0.157118, 51.353256 ], [ 0.157255, 51.353249 ], [ 0.157394, 51.353241 ], [ 0.157528, 51.353229 ], [ 0.157653, 51.353222 ], [ 0.157772, 51.353218 ], [ 0.157882, 51.353214 ], [ 0.157986, 51.353214 ], [ 0.158085, 51.35321 ], [ 0.158186, 51.353207 ], [ 0.158285, 51.353207 ], [ 0.158378, 51.353203 ], [ 0.158463, 51.353195 ], [ 0.158553, 51.353188 ], [ 0.15864, 51.353184 ], [ 0.158745, 51.353184 ], [ 0.158854, 51.353184 ], [ 0.158957, 51.353176 ], [ 0.159054, 51.353165 ], [ 0.15915, 51.353153 ], [ 0.159241, 51.353138 ], [ 0.159331, 51.353119 ], [ 0.159418, 51.353096 ], [ 0.1595, 51.353069 ], [ 0.159582, 51.353043 ], [ 0.159664, 51.353016 ], [ 0.159751, 51.352993 ], [ 0.159841, 51.352974 ], [ 0.159933, 51.352963 ], [ 0.16002, 51.352955 ], [ 0.160119, 51.352947 ], [ 0.160215, 51.352943 ], [ 0.160302, 51.352943 ], [ 0.160386, 51.352947 ], [ 0.160469, 51.352951 ], [ 0.160552, 51.352959 ], [ 0.160636, 51.352963 ], [ 0.160717, 51.352959 ], [ 0.1608, 51.352959 ], [ 0.160884, 51.352955 ], [ 0.16097, 51.352951 ], [ 0.161055, 51.352943 ], [ 0.161139, 51.352932 ], [ 0.161224, 51.352921 ], [ 0.161307, 51.352905 ], [ 0.161391, 51.352894 ], [ 0.161473, 51.352879 ], [ 0.161556, 51.352863 ], [ 0.161639, 51.352848 ], [ 0.16172, 51.352837 ], [ 0.1618, 51.352829 ], [ 0.161881, 51.352818 ], [ 0.161966, 51.35281 ], [ 0.162054, 51.35281 ], [ 0.162143, 51.35281 ], [ 0.162239, 51.35281 ], [ 0.162338, 51.352814 ], [ 0.162435, 51.352821 ], [ 0.162532, 51.352829 ], [ 0.162628, 51.352833 ], [ 0.162724, 51.352837 ], [ 0.162818, 51.352833 ], [ 0.16291, 51.352829 ], [ 0.163002, 51.352825 ], [ 0.163094, 51.352821 ], [ 0.163186, 51.352818 ], [ 0.163278, 51.35281 ], [ 0.163371, 51.352806 ], [ 0.163461, 51.352802 ], [ 0.163547, 51.352795 ], [ 0.163635, 51.352787 ], [ 0.16372, 51.352779 ], [ 0.163807, 51.352776 ], [ 0.163892, 51.352772 ], [ 0.163976, 51.352768 ], [ 0.164058, 51.35276 ], [ 0.164138, 51.352753 ], [ 0.164216, 51.352745 ], [ 0.16429, 51.352741 ], [ 0.164363, 51.352734 ], [ 0.164438, 51.35273 ], [ 0.164516, 51.352722 ], [ 0.164598, 51.352718 ], [ 0.164676, 51.352711 ], [ 0.16475, 51.352707 ], [ 0.164827, 51.352703 ], [ 0.164908, 51.352703 ], [ 0.164991, 51.352703 ], [ 0.165075, 51.352703 ], [ 0.165159, 51.352699 ], [ 0.165244, 51.352692 ], [ 0.16533, 51.352692 ], [ 0.165416, 51.352688 ], [ 0.165501, 51.352684 ], [ 0.165591, 51.35268 ], [ 0.165681, 51.352676 ], [ 0.165774, 51.352669 ], [ 0.165865, 51.352657 ], [ 0.165964, 51.352642 ], [ 0.166068, 51.352631 ], [ 0.166179, 51.352615 ], [ 0.166296, 51.3526 ], [ 0.166416, 51.352581 ], [ 0.166538, 51.352566 ], [ 0.166668, 51.35255 ], [ 0.166805, 51.352535 ], [ 0.166944, 51.352516 ], [ 0.167081, 51.352493 ], [ 0.167219, 51.352478 ], [ 0.167352, 51.352463 ], [ 0.167488, 51.352448 ], [ 0.167621, 51.352432 ], [ 0.167754, 51.352417 ], [ 0.167889, 51.352406 ], [ 0.168023, 51.352394 ], [ 0.16816, 51.352386 ], [ 0.168297, 51.352386 ], [ 0.168436, 51.352394 ], [ 0.168572, 51.352406 ], [ 0.168704, 51.352417 ], [ 0.168839, 51.352425 ], [ 0.168978, 51.352436 ], [ 0.169118, 51.352444 ], [ 0.169262, 51.352448 ], [ 0.169407, 51.352455 ], [ 0.16955, 51.352467 ], [ 0.169684, 51.352486 ], [ 0.169815, 51.352501 ], [ 0.169934, 51.352509 ], [ 0.170052, 51.352501 ], [ 0.170174, 51.352482 ], [ 0.170297, 51.352451 ], [ 0.170413, 51.352421 ], [ 0.170518, 51.352386 ], [ 0.170619, 51.352356 ], [ 0.170734, 51.352322 ], [ 0.17086, 51.352295 ], [ 0.170985, 51.352264 ], [ 0.171101, 51.352241 ], [ 0.171207, 51.352219 ], [ 0.171311, 51.352196 ], [ 0.171409, 51.35218 ], [ 0.171494, 51.352169 ], [ 0.171573, 51.352158 ], [ 0.171639, 51.352142 ], [ 0.17169, 51.352123 ], [ 0.171736, 51.352112 ], [ 0.171787, 51.352104 ], [ 0.171846, 51.352097 ], [ 0.171903, 51.352085 ], [ 0.17195, 51.35207 ], [ 0.172003, 51.352062 ], [ 0.172058, 51.352051 ], [ 0.172116, 51.352035 ], [ 0.172173, 51.35202 ], [ 0.172237, 51.352001 ], [ 0.1723, 51.351982 ], [ 0.172357, 51.351963 ], [ 0.172415, 51.351944 ], [ 0.17248, 51.351936 ], [ 0.172553, 51.351917 ], [ 0.172627, 51.351898 ], [ 0.172706, 51.351879 ], [ 0.172787, 51.351856 ], [ 0.172868, 51.35183 ], [ 0.172949, 51.351799 ], [ 0.173028, 51.351769 ], [ 0.173104, 51.351738 ], [ 0.173178, 51.351704 ], [ 0.173257, 51.351673 ], [ 0.173329, 51.35165 ], [ 0.173403, 51.351631 ], [ 0.173479, 51.351601 ], [ 0.173554, 51.351574 ], [ 0.173628, 51.351547 ], [ 0.173705, 51.351524 ], [ 0.173782, 51.351509 ], [ 0.173868, 51.35149 ], [ 0.173952, 51.351463 ], [ 0.174031, 51.35144 ], [ 0.174105, 51.351414 ], [ 0.17418, 51.351383 ], [ 0.174252, 51.351349 ], [ 0.174329, 51.351315 ], [ 0.174413, 51.35128 ], [ 0.174501, 51.351257 ], [ 0.17459, 51.351223 ], [ 0.17468, 51.351189 ], [ 0.174765, 51.351162 ], [ 0.174841, 51.351135 ], [ 0.17492, 51.351105 ], [ 0.175018, 51.351074 ], [ 0.175132, 51.35104 ], [ 0.17525, 51.350998 ], [ 0.175353, 51.35096 ], [ 0.175452, 51.350914 ], [ 0.175546, 51.350864 ], [ 0.175637, 51.350807 ], [ 0.175728, 51.350754 ], [ 0.175815, 51.3507 ], [ 0.175913, 51.350639 ], [ 0.176011, 51.35059 ], [ 0.176107, 51.350544 ], [ 0.176206, 51.350491 ], [ 0.176307, 51.350429 ], [ 0.176409, 51.350368 ], [ 0.176502, 51.350311 ], [ 0.176598, 51.350254 ], [ 0.176698, 51.350197 ], [ 0.176796, 51.350143 ], [ 0.176897, 51.35009 ], [ 0.177019, 51.350037 ], [ 0.177146, 51.349987 ], [ 0.177274, 51.349937 ], [ 0.177404, 51.349895 ], [ 0.177531, 51.349861 ], [ 0.177658, 51.349842 ], [ 0.177781, 51.349834 ], [ 0.177896, 51.349827 ], [ 0.178008, 51.349827 ], [ 0.178116, 51.349827 ], [ 0.178226, 51.349823 ], [ 0.178336, 51.349815 ], [ 0.178446, 51.349811 ], [ 0.178566, 51.349815 ], [ 0.178688, 51.349819 ], [ 0.178813, 51.349815 ], [ 0.178942, 51.349811 ], [ 0.179076, 51.349808 ], [ 0.179212, 51.3498 ], [ 0.179346, 51.349785 ], [ 0.179469, 51.349766 ], [ 0.179582, 51.349739 ], [ 0.179694, 51.349709 ], [ 0.179807, 51.349674 ], [ 0.179914, 51.349636 ], [ 0.180017, 51.349602 ], [ 0.180125, 51.349575 ], [ 0.180242, 51.349552 ], [ 0.180368, 51.349541 ], [ 0.1805, 51.349529 ], [ 0.180638, 51.349522 ], [ 0.180783, 51.349518 ], [ 0.180927, 51.34951 ], [ 0.181073, 51.349506 ], [ 0.18124, 51.349503 ], [ 0.181423, 51.349491 ], [ 0.181596, 51.349483 ], [ 0.18176, 51.349476 ], [ 0.181921, 51.349472 ], [ 0.182084, 51.349464 ], [ 0.182238, 51.349464 ], [ 0.182396, 51.349457 ], [ 0.182552, 51.349445 ], [ 0.182709, 51.349445 ], [ 0.182872, 51.349442 ], [ 0.183028, 51.349434 ], [ 0.183188, 51.34943 ], [ 0.183346, 51.34943 ], [ 0.1835, 51.34943 ], [ 0.183655, 51.34943 ], [ 0.183815, 51.349422 ], [ 0.183984, 51.349426 ], [ 0.184156, 51.34943 ], [ 0.184323, 51.349422 ], [ 0.184494, 51.3494 ], [ 0.184667, 51.349373 ], [ 0.184835, 51.349346 ], [ 0.184995, 51.349319 ], [ 0.185144, 51.3493 ], [ 0.18529, 51.349281 ], [ 0.18544, 51.349262 ], [ 0.18559, 51.349243 ], [ 0.185732, 51.349228 ], [ 0.185861, 51.349213 ], [ 0.18598, 51.349201 ], [ 0.186102, 51.349194 ], [ 0.18623, 51.349197 ], [ 0.186359, 51.349209 ], [ 0.186482, 51.349235 ], [ 0.186598, 51.349281 ], [ 0.186697, 51.349342 ], [ 0.186787, 51.349419 ], [ 0.186867, 51.349495 ], [ 0.186942, 51.349575 ], [ 0.187016, 51.349655 ], [ 0.18709, 51.349735 ], [ 0.187156, 51.349815 ], [ 0.187215, 51.349903 ], [ 0.187267, 51.349987 ], [ 0.187314, 51.350071 ], [ 0.187356, 51.350159 ], [ 0.187397, 51.350243 ], [ 0.187441, 51.350326 ], [ 0.187492, 51.350407 ], [ 0.187554, 51.350487 ], [ 0.187631, 51.350559 ], [ 0.187716, 51.350636 ], [ 0.187795, 51.350704 ], [ 0.187873, 51.350769 ], [ 0.187956, 51.35083 ], [ 0.188042, 51.350883 ], [ 0.188129, 51.350944 ], [ 0.188213, 51.351002 ], [ 0.188292, 51.351059 ], [ 0.188377, 51.351116 ], [ 0.188464, 51.351173 ], [ 0.188553, 51.351234 ], [ 0.188642, 51.351288 ], [ 0.188733, 51.351345 ], [ 0.188827, 51.351402 ], [ 0.188923, 51.351459 ], [ 0.18902, 51.351517 ], [ 0.189117, 51.351566 ], [ 0.189213, 51.35162 ], [ 0.189307, 51.351669 ], [ 0.189399, 51.351723 ], [ 0.189489, 51.351776 ], [ 0.189578, 51.351826 ], [ 0.189662, 51.351875 ], [ 0.189746, 51.351929 ], [ 0.189824, 51.351982 ], [ 0.189902, 51.352035 ], [ 0.189979, 51.352089 ], [ 0.190052, 51.352146 ], [ 0.190126, 51.3522 ], [ 0.190204, 51.352261 ], [ 0.190282, 51.352318 ], [ 0.190358, 51.352371 ], [ 0.190428, 51.352428 ], [ 0.190498, 51.352478 ], [ 0.190563, 51.352524 ], [ 0.190632, 51.352558 ], [ 0.190709, 51.352573 ], [ 0.190787, 51.352577 ], [ 0.19088, 51.352577 ], [ 0.190977, 51.352573 ], [ 0.191071, 51.352562 ], [ 0.191157, 51.352554 ], [ 0.191241, 51.352558 ], [ 0.191326, 51.352562 ], [ 0.191411, 51.352566 ], [ 0.191492, 51.352581 ], [ 0.191569, 51.352596 ], [ 0.191644, 51.352615 ], [ 0.191717, 51.352638 ], [ 0.191786, 51.352665 ], [ 0.191842, 51.352688 ], [ 0.191895, 51.352707 ], [ 0.191953, 51.35273 ], [ 0.192016, 51.352753 ], [ 0.192079, 51.352776 ], [ 0.19214, 51.352802 ], [ 0.192218, 51.352829 ], [ 0.192284, 51.352856 ], [ 0.192351, 51.352882 ], [ 0.192415, 51.352909 ], [ 0.192485, 51.352936 ], [ 0.192555, 51.352963 ], [ 0.19262, 51.352989 ], [ 0.192683, 51.353008 ], [ 0.192733, 51.353027 ], [ 0.192781, 51.35305 ], [ 0.19284, 51.353069 ], [ 0.192895, 51.353088 ], [ 0.192947, 51.353111 ], [ 0.193006, 51.353134 ], [ 0.19307, 51.353161 ], [ 0.193135, 51.353188 ], [ 0.1932, 51.353214 ], [ 0.193268, 51.353241 ], [ 0.193335, 51.353268 ], [ 0.193399, 51.353298 ], [ 0.193458, 51.353329 ], [ 0.193513, 51.353363 ], [ 0.193578, 51.353394 ], [ 0.193644, 51.35342 ], [ 0.193702, 51.353451 ], [ 0.193761, 51.353477 ], [ 0.193822, 51.353508 ], [ 0.193875, 51.353539 ], [ 0.193945, 51.353573 ], [ 0.194014, 51.353603 ], [ 0.194078, 51.353634 ], [ 0.194142, 51.353657 ], [ 0.194202, 51.35368 ], [ 0.194263, 51.353703 ], [ 0.194324, 51.353737 ], [ 0.194387, 51.353767 ], [ 0.194446, 51.353794 ], [ 0.1945, 51.353825 ], [ 0.194562, 51.353855 ], [ 0.194622, 51.353886 ], [ 0.19468, 51.35392 ], [ 0.194736, 51.35395 ], [ 0.194791, 51.353985 ], [ 0.194855, 51.354019 ], [ 0.194911, 51.354053 ], [ 0.194962, 51.354084 ], [ 0.195015, 51.354115 ], [ 0.195073, 51.354145 ], [ 0.195135, 51.354172 ], [ 0.195192, 51.354198 ], [ 0.195247, 51.354229 ], [ 0.195306, 51.354259 ], [ 0.195363, 51.354294 ], [ 0.195418, 51.354324 ], [ 0.195472, 51.354355 ], [ 0.195525, 51.354385 ], [ 0.195587, 51.354416 ], [ 0.195644, 51.354454 ], [ 0.195702, 51.354481 ], [ 0.195768, 51.354511 ], [ 0.195832, 51.354534 ], [ 0.195886, 51.354561 ], [ 0.195933, 51.354588 ], [ 0.195985, 51.354618 ], [ 0.196041, 51.354649 ], [ 0.196098, 51.354679 ], [ 0.196155, 51.35471 ], [ 0.196215, 51.354744 ], [ 0.196274, 51.354774 ], [ 0.196332, 51.354805 ], [ 0.196394, 51.354832 ], [ 0.196459, 51.354858 ], [ 0.196523, 51.354885 ], [ 0.196582, 51.354916 ], [ 0.196638, 51.354942 ], [ 0.196705, 51.35498 ], [ 0.196768, 51.355011 ], [ 0.196833, 51.355049 ], [ 0.196895, 51.355083 ], [ 0.19696, 51.355114 ], [ 0.19702, 51.355144 ], [ 0.197078, 51.355175 ], [ 0.197133, 51.355206 ], [ 0.197188, 51.355232 ], [ 0.197243, 51.355263 ], [ 0.197297, 51.355293 ], [ 0.19735, 51.355324 ], [ 0.197407, 51.355351 ], [ 0.197459, 51.355381 ], [ 0.197511, 51.355412 ], [ 0.197566, 51.355442 ], [ 0.19762, 51.355469 ], [ 0.197673, 51.355499 ], [ 0.197725, 51.35553 ], [ 0.197776, 51.35556 ], [ 0.197829, 51.355591 ], [ 0.197879, 51.355617 ], [ 0.197933, 51.355644 ], [ 0.197987, 51.355671 ], [ 0.198038, 51.355694 ], [ 0.198087, 51.355724 ], [ 0.198135, 51.355747 ], [ 0.198186, 51.355774 ], [ 0.198235, 51.355801 ], [ 0.198281, 51.355827 ], [ 0.198331, 51.35585 ], [ 0.198383, 51.355877 ], [ 0.198433, 51.355904 ], [ 0.198482, 51.35593 ], [ 0.198529, 51.355957 ], [ 0.198576, 51.355984 ], [ 0.198622, 51.35601 ], [ 0.198672, 51.356033 ], [ 0.198723, 51.356056 ], [ 0.198771, 51.356087 ], [ 0.198816, 51.356113 ], [ 0.198862, 51.35614 ], [ 0.198909, 51.356167 ], [ 0.198957, 51.35619 ], [ 0.199005, 51.356213 ], [ 0.199052, 51.356235 ], [ 0.199098, 51.356262 ], [ 0.199147, 51.356289 ], [ 0.199191, 51.356312 ], [ 0.199233, 51.356338 ], [ 0.199275, 51.356365 ], [ 0.199315, 51.356388 ], [ 0.19936, 51.356411 ], [ 0.199404, 51.356434 ], [ 0.199447, 51.356457 ], [ 0.199487, 51.35648 ], [ 0.199526, 51.356503 ], [ 0.199565, 51.356525 ], [ 0.199605, 51.356544 ], [ 0.199647, 51.356567 ], [ 0.199687, 51.35659 ], [ 0.199727, 51.356606 ], [ 0.199768, 51.356628 ], [ 0.19981, 51.356651 ], [ 0.19985, 51.35667 ], [ 0.199887, 51.356693 ], [ 0.199928, 51.356716 ], [ 0.19997, 51.356739 ], [ 0.200012, 51.356762 ], [ 0.200053, 51.356781 ], [ 0.200092, 51.356804 ], [ 0.200129, 51.356827 ], [ 0.20017, 51.35685 ], [ 0.200208, 51.356872 ], [ 0.200246, 51.356895 ], [ 0.200283, 51.356918 ], [ 0.20032, 51.356937 ], [ 0.200357, 51.356956 ], [ 0.200393, 51.356976 ], [ 0.200431, 51.356998 ], [ 0.200466, 51.357018 ], [ 0.200496, 51.357037 ], [ 0.200524, 51.357059 ], [ 0.200554, 51.357079 ], [ 0.200582, 51.357101 ], [ 0.200609, 51.357121 ], [ 0.200636, 51.357143 ], [ 0.200661, 51.357162 ], [ 0.200683, 51.357185 ], [ 0.200703, 51.357204 ], [ 0.200723, 51.357227 ], [ 0.200742, 51.35725 ], [ 0.200765, 51.357273 ], [ 0.200791, 51.3573 ], [ 0.200815, 51.35733 ], [ 0.200836, 51.357365 ], [ 0.200851, 51.357399 ], [ 0.200866, 51.357441 ], [ 0.20088, 51.357487 ], [ 0.200892, 51.357529 ], [ 0.200902, 51.357574 ], [ 0.20091, 51.357616 ], [ 0.20092, 51.357662 ], [ 0.200936, 51.357708 ], [ 0.200955, 51.357742 ], [ 0.200972, 51.357777 ], [ 0.20099, 51.357815 ], [ 0.201008, 51.357853 ], [ 0.201025, 51.357895 ], [ 0.201044, 51.357944 ], [ 0.201067, 51.357986 ], [ 0.201092, 51.358028 ], [ 0.20112, 51.358074 ], [ 0.201147, 51.358128 ], [ 0.201177, 51.358177 ], [ 0.201207, 51.358238 ], [ 0.201239, 51.358299 ], [ 0.201274, 51.35836 ], [ 0.20131, 51.358421 ], [ 0.201348, 51.358494 ], [ 0.201387, 51.358566 ], [ 0.201429, 51.358643 ], [ 0.201472, 51.358719 ], [ 0.201518, 51.358795 ], [ 0.201567, 51.358871 ], [ 0.201617, 51.358944 ], [ 0.201669, 51.359028 ], [ 0.201722, 51.359108 ], [ 0.201775, 51.359188 ], [ 0.20183, 51.359272 ], [ 0.201883, 51.359352 ], [ 0.201934, 51.359436 ], [ 0.201986, 51.35952 ], [ 0.202036, 51.359611 ], [ 0.202084, 51.359699 ], [ 0.202131, 51.359791 ], [ 0.202178, 51.359882 ], [ 0.202227, 51.359978 ], [ 0.202279, 51.360073 ], [ 0.202329, 51.360168 ], [ 0.202376, 51.360268 ], [ 0.202424, 51.360371 ], [ 0.202477, 51.360477 ], [ 0.202532, 51.36058 ], [ 0.202594, 51.360695 ], [ 0.202649, 51.360805 ], [ 0.202696, 51.360912 ], [ 0.202741, 51.361019 ], [ 0.202785, 51.361126 ], [ 0.202829, 51.361237 ], [ 0.20288, 51.361347 ], [ 0.202927, 51.36145 ], [ 0.202975, 51.361549 ], [ 0.203012, 51.361641 ], [ 0.203052, 51.361732 ], [ 0.203092, 51.36182 ], [ 0.203138, 51.361908 ], [ 0.203185, 51.361992 ], [ 0.203238, 51.362072 ], [ 0.203291, 51.362148 ], [ 0.203346, 51.362221 ], [ 0.203403, 51.362293 ], [ 0.20346, 51.362366 ], [ 0.203516, 51.362442 ], [ 0.203569, 51.362511 ], [ 0.203622, 51.362579 ], [ 0.203675, 51.36264 ], [ 0.203727, 51.362698 ], [ 0.203781, 51.362755 ], [ 0.203837, 51.362812 ], [ 0.203891, 51.362873 ], [ 0.203942, 51.362934 ], [ 0.203996, 51.362995 ], [ 0.204051, 51.363049 ], [ 0.204108, 51.363098 ], [ 0.204172, 51.363148 ], [ 0.204244, 51.363193 ], [ 0.204311, 51.363232 ], [ 0.204382, 51.363274 ], [ 0.204449, 51.363319 ], [ 0.204501, 51.363369 ], [ 0.204539, 51.363407 ], [ 0.204568, 51.363445 ], [ 0.204598, 51.36348 ], [ 0.204628, 51.363518 ], [ 0.204657, 51.363552 ], [ 0.204684, 51.36359 ], [ 0.204713, 51.363632 ], [ 0.20474, 51.363678 ], [ 0.204771, 51.363724 ], [ 0.204807, 51.363773 ], [ 0.204845, 51.363819 ], [ 0.204887, 51.363869 ], [ 0.204934, 51.363922 ], [ 0.204985, 51.363972 ], [ 0.205038, 51.364025 ], [ 0.205089, 51.364075 ], [ 0.20514, 51.364124 ], [ 0.205194, 51.364178 ], [ 0.20524, 51.364223 ], [ 0.205283, 51.364269 ], [ 0.205327, 51.364311 ], [ 0.205371, 51.364353 ], [ 0.205417, 51.364395 ], [ 0.205463, 51.364441 ], [ 0.205511, 51.364483 ], [ 0.205558, 51.364532 ], [ 0.205608, 51.364586 ], [ 0.205661, 51.364639 ], [ 0.205713, 51.364693 ], [ 0.205767, 51.36475 ], [ 0.20582, 51.3648 ], [ 0.205878, 51.364857 ], [ 0.205939, 51.364918 ], [ 0.206002, 51.364971 ], [ 0.206071, 51.365028 ], [ 0.206142, 51.365086 ], [ 0.206216, 51.365139 ], [ 0.206292, 51.365192 ], [ 0.206372, 51.36525 ], [ 0.206456, 51.365299 ], [ 0.206539, 51.365353 ], [ 0.206626, 51.365406 ], [ 0.206711, 51.365463 ], [ 0.206792, 51.365517 ], [ 0.206879, 51.365574 ], [ 0.206969, 51.365631 ], [ 0.207065, 51.365696 ], [ 0.207161, 51.365757 ], [ 0.20726, 51.365814 ], [ 0.20736, 51.365875 ], [ 0.207456, 51.365932 ], [ 0.207557, 51.365994 ], [ 0.207653, 51.366055 ], [ 0.207754, 51.366112 ], [ 0.207864, 51.366173 ], [ 0.20799, 51.36623 ], [ 0.20811, 51.366283 ], [ 0.208224, 51.366341 ], [ 0.208335, 51.366394 ], [ 0.20845, 51.366447 ], [ 0.208563, 51.366493 ], [ 0.208678, 51.366547 ], [ 0.208793, 51.3666 ], [ 0.208907, 51.36665 ], [ 0.209026, 51.366699 ], [ 0.20915, 51.366745 ], [ 0.209279, 51.366779 ], [ 0.209411, 51.366814 ], [ 0.209539, 51.36684 ], [ 0.209667, 51.366871 ], [ 0.209788, 51.366905 ], [ 0.209904, 51.366951 ], [ 0.210003, 51.367008 ], [ 0.210096, 51.367073 ], [ 0.210182, 51.367134 ], [ 0.210265, 51.367199 ], [ 0.210352, 51.367264 ], [ 0.210444, 51.367317 ], [ 0.210541, 51.367367 ], [ 0.210641, 51.367416 ], [ 0.21074, 51.367458 ], [ 0.210838, 51.3675 ], [ 0.210933, 51.367538 ], [ 0.211025, 51.36758 ], [ 0.211118, 51.367619 ], [ 0.21121, 51.367653 ], [ 0.211309, 51.367683 ], [ 0.211405, 51.36771 ], [ 0.211503, 51.367737 ], [ 0.211599, 51.36776 ], [ 0.211694, 51.367786 ], [ 0.211787, 51.367817 ], [ 0.21188, 51.36784 ], [ 0.211973, 51.36787 ], [ 0.212062, 51.367905 ], [ 0.212146, 51.367935 ], [ 0.212228, 51.367966 ], [ 0.212309, 51.367996 ], [ 0.212387, 51.368027 ], [ 0.212463, 51.368061 ], [ 0.212535, 51.368095 ], [ 0.212607, 51.368126 ], [ 0.212681, 51.368156 ], [ 0.212753, 51.368191 ], [ 0.21282, 51.368225 ], [ 0.212897, 51.368263 ], [ 0.21297, 51.368301 ], [ 0.213036, 51.36834 ], [ 0.213106, 51.368381 ], [ 0.213164, 51.36842 ], [ 0.213209, 51.368454 ], [ 0.213247, 51.368477 ], [ 0.213281, 51.3685 ], [ 0.213304, 51.368511 ], [ 0.213322, 51.368523 ], [ 0.213341, 51.36853 ], [ 0.213391, 51.368549 ], [ 0.213433, 51.368557 ], [ 0.213478, 51.368553 ], [ 0.213522, 51.368545 ], [ 0.213562, 51.368542 ], [ 0.2136, 51.368542 ], [ 0.213638, 51.368534 ], [ 0.213673, 51.368519 ], [ 0.213708, 51.368507 ], [ 0.213745, 51.368492 ], [ 0.213777, 51.368473 ], [ 0.213812, 51.368454 ], [ 0.213853, 51.368431 ], [ 0.213896, 51.368404 ], [ 0.213936, 51.368378 ], [ 0.213976, 51.368355 ], [ 0.21401, 51.368332 ], [ 0.214044, 51.368313 ], [ 0.214076, 51.368294 ], [ 0.214113, 51.368286 ], [ 0.214148, 51.368267 ], [ 0.214183, 51.368244 ], [ 0.21422, 51.368217 ], [ 0.214254, 51.368191 ], [ 0.214283, 51.368168 ], [ 0.214311, 51.368153 ], [ 0.214338, 51.368137 ], [ 0.214368, 51.368118 ], [ 0.214395, 51.368103 ], [ 0.21442, 51.368084 ], [ 0.214435, 51.368069 ], [ 0.214452, 51.368057 ], [ 0.214466, 51.368042 ], [ 0.21448, 51.368027 ], [ 0.214499, 51.368008 ], [ 0.214522, 51.367985 ], [ 0.214544, 51.367958 ], [ 0.214562, 51.367931 ], [ 0.21458, 51.367908 ], [ 0.2146, 51.367882 ], [ 0.214623, 51.367851 ], [ 0.214643, 51.367825 ], [ 0.21466, 51.367798 ], [ 0.214672, 51.367775 ], [ 0.214685, 51.367756 ], [ 0.214698, 51.367741 ], [ 0.214713, 51.367725 ], [ 0.214731, 51.36771 ], [ 0.214748, 51.367691 ], [ 0.214767, 51.367672 ], [ 0.214787, 51.367649 ], [ 0.214805, 51.367622 ], [ 0.21482, 51.367599 ], [ 0.214837, 51.367577 ], [ 0.214854, 51.367557 ], [ 0.214869, 51.367538 ], [ 0.214884, 51.367519 ], [ 0.214898, 51.367496 ], [ 0.214914, 51.367481 ], [ 0.214928, 51.367466 ], [ 0.214948, 51.367447 ], [ 0.214972, 51.367428 ], [ 0.214994, 51.367413 ], [ 0.215017, 51.367397 ], [ 0.215042, 51.367378 ], [ 0.215064, 51.367355 ], [ 0.215081, 51.367325 ], [ 0.215096, 51.367298 ], [ 0.215111, 51.367275 ], [ 0.215123, 51.367252 ], [ 0.215139, 51.367233 ], [ 0.215155, 51.36721 ], [ 0.215172, 51.367187 ], [ 0.215192, 51.367165 ], [ 0.215213, 51.367146 ], [ 0.215238, 51.367126 ], [ 0.215262, 51.367104 ], [ 0.215283, 51.367085 ], [ 0.2153, 51.367069 ], [ 0.215316, 51.36705 ], [ 0.215333, 51.367031 ], [ 0.215349, 51.367012 ], [ 0.215365, 51.366989 ], [ 0.215383, 51.366962 ], [ 0.2154, 51.366932 ], [ 0.215416, 51.366909 ], [ 0.21543, 51.366882 ], [ 0.215444, 51.366859 ], [ 0.215461, 51.366836 ], [ 0.215474, 51.36681 ], [ 0.215485, 51.366783 ], [ 0.215498, 51.36676 ], [ 0.215513, 51.366737 ], [ 0.215526, 51.366707 ], [ 0.215541, 51.366676 ], [ 0.215561, 51.366646 ], [ 0.215579, 51.366619 ], [ 0.215594, 51.366596 ], [ 0.215607, 51.366577 ], [ 0.215618, 51.366558 ], [ 0.21563, 51.366539 ], [ 0.215641, 51.366516 ], [ 0.215653, 51.366493 ], [ 0.215665, 51.36647 ], [ 0.215679, 51.366447 ], [ 0.215697, 51.366425 ], [ 0.215714, 51.366405 ], [ 0.21573, 51.366386 ], [ 0.215742, 51.366371 ], [ 0.215755, 51.366352 ], [ 0.215772, 51.366333 ], [ 0.215785, 51.36631 ], [ 0.215797, 51.366287 ], [ 0.215808, 51.366264 ], [ 0.215823, 51.366245 ], [ 0.215837, 51.366226 ], [ 0.215852, 51.366207 ], [ 0.215869, 51.366192 ], [ 0.215884, 51.366173 ], [ 0.215898, 51.36615 ], [ 0.215912, 51.366127 ], [ 0.215929, 51.366104 ], [ 0.215943, 51.366081 ], [ 0.215959, 51.366062 ], [ 0.215976, 51.366043 ], [ 0.215994, 51.36602 ], [ 0.21601, 51.366001 ], [ 0.216028, 51.365982 ], [ 0.216047, 51.365963 ], [ 0.216064, 51.365944 ], [ 0.216083, 51.365925 ], [ 0.216102, 51.365906 ], [ 0.216121, 51.365891 ], [ 0.216141, 51.365875 ], [ 0.21616, 51.365856 ], [ 0.216181, 51.365837 ], [ 0.216201, 51.365822 ], [ 0.216224, 51.365803 ], [ 0.216247, 51.365784 ], [ 0.216272, 51.365768 ], [ 0.216294, 51.365749 ], [ 0.216317, 51.36573 ], [ 0.216344, 51.365711 ], [ 0.21637, 51.365692 ], [ 0.216398, 51.365677 ], [ 0.216425, 51.365658 ], [ 0.216447, 51.365642 ], [ 0.21647, 51.365623 ], [ 0.216494, 51.365604 ], [ 0.216516, 51.365589 ], [ 0.21654, 51.365574 ], [ 0.216562, 51.365559 ], [ 0.216589, 51.365547 ], [ 0.216618, 51.365528 ], [ 0.216647, 51.365513 ], [ 0.216678, 51.365498 ], [ 0.216707, 51.365479 ], [ 0.216738, 51.365456 ], [ 0.216768, 51.365437 ], [ 0.216802, 51.365414 ], [ 0.216835, 51.365398 ], [ 0.216864, 51.365379 ], [ 0.216894, 51.365356 ], [ 0.216927, 51.36533 ], [ 0.21696, 51.365307 ], [ 0.21699, 51.36528 ], [ 0.217021, 51.365257 ], [ 0.217053, 51.365234 ], [ 0.217081, 51.365211 ], [ 0.217109, 51.365189 ], [ 0.217136, 51.365166 ], [ 0.217164, 51.365143 ], [ 0.217193, 51.365112 ], [ 0.217221, 51.365089 ], [ 0.217246, 51.365063 ], [ 0.217274, 51.36504 ], [ 0.217302, 51.365009 ], [ 0.217328, 51.364983 ], [ 0.217353, 51.364956 ], [ 0.217378, 51.364925 ], [ 0.217403, 51.364895 ], [ 0.217426, 51.364864 ], [ 0.217451, 51.364838 ], [ 0.217479, 51.364807 ], [ 0.217505, 51.36478 ], [ 0.217531, 51.364754 ], [ 0.217555, 51.364723 ], [ 0.217578, 51.364693 ], [ 0.217601, 51.364666 ], [ 0.217621, 51.364639 ], [ 0.217641, 51.364609 ], [ 0.217661, 51.364586 ], [ 0.217681, 51.364559 ], [ 0.2177, 51.364532 ], [ 0.21772, 51.364506 ], [ 0.217739, 51.364479 ], [ 0.217758, 51.364452 ], [ 0.217777, 51.364426 ], [ 0.217793, 51.364391 ], [ 0.21781, 51.364361 ], [ 0.217829, 51.364334 ], [ 0.217848, 51.364307 ], [ 0.217869, 51.364285 ], [ 0.217891, 51.364258 ], [ 0.21791, 51.364231 ], [ 0.217926, 51.364201 ], [ 0.21794, 51.364178 ], [ 0.217951, 51.364147 ], [ 0.217958, 51.364117 ], [ 0.217962, 51.36409 ], [ 0.217961, 51.364063 ], [ 0.217954, 51.364033 ], [ 0.217941, 51.36401 ], [ 0.217925, 51.363987 ], [ 0.217909, 51.363964 ], [ 0.217892, 51.363941 ], [ 0.217873, 51.363918 ], [ 0.217855, 51.363899 ], [ 0.217837, 51.363876 ], [ 0.217817, 51.363857 ], [ 0.217794, 51.363834 ], [ 0.217767, 51.363811 ], [ 0.217742, 51.363792 ], [ 0.217718, 51.363773 ], [ 0.217698, 51.363754 ], [ 0.217679, 51.363735 ], [ 0.217658, 51.363716 ], [ 0.217635, 51.363693 ], [ 0.217611, 51.363674 ], [ 0.217589, 51.363651 ], [ 0.217568, 51.363632 ], [ 0.217547, 51.363613 ], [ 0.217528, 51.36359 ], [ 0.21751, 51.363571 ], [ 0.217494, 51.363548 ], [ 0.217484, 51.363522 ], [ 0.21748, 51.363499 ], [ 0.217482, 51.363472 ], [ 0.217488, 51.363445 ], [ 0.217496, 51.363419 ], [ 0.217508, 51.363392 ], [ 0.217525, 51.363361 ], [ 0.217547, 51.363338 ], [ 0.217573, 51.363312 ], [ 0.217598, 51.363285 ], [ 0.217625, 51.363258 ], [ 0.217655, 51.363228 ], [ 0.217685, 51.363201 ], [ 0.217716, 51.363171 ], [ 0.217747, 51.363144 ], [ 0.217778, 51.363113 ], [ 0.217812, 51.363083 ], [ 0.217848, 51.363056 ], [ 0.217885, 51.363026 ], [ 0.217925, 51.362995 ], [ 0.217966, 51.362965 ], [ 0.218008, 51.362934 ], [ 0.218051, 51.3629 ], [ 0.218096, 51.362865 ], [ 0.218141, 51.362831 ], [ 0.218187, 51.362797 ], [ 0.218233, 51.362759 ], [ 0.218281, 51.362724 ], [ 0.218328, 51.36269 ], [ 0.218372, 51.362652 ], [ 0.218414, 51.362614 ], [ 0.218453, 51.362576 ], [ 0.218492, 51.362537 ], [ 0.218534, 51.362499 ], [ 0.218573, 51.362461 ], [ 0.218609, 51.362423 ], [ 0.218645, 51.362385 ], [ 0.218682, 51.362347 ], [ 0.218721, 51.362305 ], [ 0.218758, 51.362263 ], [ 0.218796, 51.362221 ], [ 0.218835, 51.362183 ], [ 0.218875, 51.362141 ], [ 0.218914, 51.362095 ], [ 0.218956, 51.362053 ], [ 0.219, 51.362007 ], [ 0.219045, 51.361961 ], [ 0.219093, 51.361912 ], [ 0.219143, 51.361858 ], [ 0.219193, 51.361805 ], [ 0.219241, 51.361744 ], [ 0.219287, 51.361687 ], [ 0.219333, 51.361626 ], [ 0.219372, 51.361568 ], [ 0.219397, 51.361511 ], [ 0.219405, 51.361454 ], [ 0.219394, 51.361397 ], [ 0.219368, 51.361347 ], [ 0.219334, 51.361298 ], [ 0.219297, 51.361248 ], [ 0.21926, 51.361206 ], [ 0.219223, 51.361164 ], [ 0.219189, 51.361126 ], [ 0.219156, 51.361088 ], [ 0.219125, 51.36105 ], [ 0.219096, 51.361015 ], [ 0.219069, 51.360977 ], [ 0.219045, 51.360947 ], [ 0.219024, 51.360912 ], [ 0.219005, 51.360874 ], [ 0.218988, 51.36084 ], [ 0.218971, 51.360809 ], [ 0.218957, 51.360775 ], [ 0.218946, 51.360741 ], [ 0.218937, 51.36071 ], [ 0.218931, 51.36068 ], [ 0.218929, 51.360649 ], [ 0.218928, 51.360619 ], [ 0.218931, 51.360588 ], [ 0.218934, 51.360554 ], [ 0.218936, 51.360519 ], [ 0.218939, 51.360489 ], [ 0.218942, 51.360455 ], [ 0.218947, 51.36042 ], [ 0.218957, 51.360386 ], [ 0.218966, 51.360352 ], [ 0.218973, 51.360321 ], [ 0.218981, 51.36029 ], [ 0.218991, 51.360256 ], [ 0.219001, 51.360226 ], [ 0.219011, 51.360191 ], [ 0.219021, 51.360161 ], [ 0.219031, 51.360134 ], [ 0.219041, 51.360104 ], [ 0.219052, 51.360073 ], [ 0.219063, 51.360043 ], [ 0.219074, 51.360016 ], [ 0.219089, 51.359989 ], [ 0.219104, 51.359959 ], [ 0.219122, 51.359932 ], [ 0.219142, 51.359901 ], [ 0.219164, 51.359878 ], [ 0.219185, 51.359852 ], [ 0.219201, 51.359825 ], [ 0.21922, 51.359802 ], [ 0.219242, 51.359779 ], [ 0.219264, 51.359756 ], [ 0.219286, 51.359734 ], [ 0.219306, 51.359711 ], [ 0.219325, 51.359688 ], [ 0.219343, 51.359661 ], [ 0.219364, 51.359638 ], [ 0.219387, 51.359615 ], [ 0.219411, 51.359592 ], [ 0.219435, 51.359566 ], [ 0.219456, 51.359543 ], [ 0.219477, 51.359512 ], [ 0.219497, 51.359486 ], [ 0.219515, 51.359459 ], [ 0.219534, 51.359432 ], [ 0.219554, 51.359406 ], [ 0.219573, 51.359379 ], [ 0.219592, 51.359352 ], [ 0.219612, 51.359325 ], [ 0.219637, 51.359302 ], [ 0.219661, 51.359276 ], [ 0.219686, 51.359253 ], [ 0.219713, 51.35923 ], [ 0.219738, 51.359207 ], [ 0.219763, 51.359184 ], [ 0.219789, 51.359161 ], [ 0.219817, 51.359138 ], [ 0.219848, 51.359119 ], [ 0.21988, 51.3591 ], [ 0.219911, 51.359085 ], [ 0.219943, 51.359066 ], [ 0.219976, 51.359051 ], [ 0.220009, 51.359035 ], [ 0.220041, 51.359024 ], [ 0.220075, 51.359013 ], [ 0.220113, 51.359005 ], [ 0.220154, 51.358997 ], [ 0.220195, 51.35899 ], [ 0.220237, 51.358982 ], [ 0.220281, 51.358974 ], [ 0.220324, 51.358971 ], [ 0.220367, 51.358967 ], [ 0.22041, 51.358963 ], [ 0.220454, 51.358955 ], [ 0.220497, 51.358948 ], [ 0.220537, 51.35894 ], [ 0.220576, 51.358929 ], [ 0.220617, 51.358917 ], [ 0.220658, 51.358902 ], [ 0.220698, 51.358891 ], [ 0.220739, 51.358875 ], [ 0.220776, 51.35886 ], [ 0.220813, 51.358845 ], [ 0.220847, 51.35883 ], [ 0.220879, 51.358807 ], [ 0.220911, 51.358788 ], [ 0.220944, 51.358768 ], [ 0.220976, 51.358753 ], [ 0.221006, 51.358738 ], [ 0.221038, 51.358719 ], [ 0.22107, 51.358704 ], [ 0.221101, 51.358684 ], [ 0.221135, 51.358665 ], [ 0.221169, 51.35865 ], [ 0.221199, 51.358631 ], [ 0.221231, 51.358612 ], [ 0.221264, 51.358593 ], [ 0.221299, 51.358574 ], [ 0.221333, 51.358555 ], [ 0.221363, 51.358536 ], [ 0.221395, 51.358517 ], [ 0.221424, 51.358494 ], [ 0.221455, 51.358471 ], [ 0.221488, 51.358448 ], [ 0.221519, 51.358425 ], [ 0.221551, 51.358398 ], [ 0.221582, 51.358376 ], [ 0.22161, 51.358349 ], [ 0.22164, 51.358322 ], [ 0.221669, 51.358292 ], [ 0.221701, 51.358269 ], [ 0.221733, 51.358246 ], [ 0.221767, 51.358219 ], [ 0.2218, 51.358196 ], [ 0.221831, 51.358173 ], [ 0.221859, 51.35815 ], [ 0.221886, 51.35812 ], [ 0.221911, 51.358093 ], [ 0.221942, 51.358066 ], [ 0.221973, 51.35804 ], [ 0.222004, 51.358009 ], [ 0.222031, 51.357975 ], [ 0.222058, 51.357944 ], [ 0.222084, 51.357914 ], [ 0.22211, 51.357883 ], [ 0.222132, 51.357849 ], [ 0.222156, 51.357815 ], [ 0.22218, 51.357777 ], [ 0.222201, 51.357742 ], [ 0.22222, 51.357708 ], [ 0.222237, 51.35767 ], [ 0.222251, 51.357628 ], [ 0.222262, 51.35759 ], [ 0.222269, 51.357559 ], [ 0.222274, 51.357525 ], [ 0.222276, 51.357494 ], [ 0.222277, 51.357464 ], [ 0.222279, 51.357429 ], [ 0.22228, 51.357387 ], [ 0.222278, 51.357349 ], [ 0.222275, 51.357307 ], [ 0.222277, 51.357265 ], [ 0.222283, 51.357231 ], [ 0.222287, 51.357193 ], [ 0.222291, 51.357155 ], [ 0.222295, 51.357117 ], [ 0.222298, 51.357075 ], [ 0.222303, 51.357033 ], [ 0.222311, 51.356991 ], [ 0.222321, 51.356945 ], [ 0.222333, 51.356895 ], [ 0.222344, 51.35685 ], [ 0.222349, 51.356804 ], [ 0.22235, 51.356754 ], [ 0.222351, 51.356705 ], [ 0.222358, 51.356655 ], [ 0.222364, 51.356606 ], [ 0.222365, 51.356556 ], [ 0.222361, 51.356506 ], [ 0.22235, 51.356461 ], [ 0.222331, 51.356415 ], [ 0.222311, 51.356377 ], [ 0.222289, 51.356335 ], [ 0.222268, 51.356293 ], [ 0.222251, 51.356251 ], [ 0.222239, 51.356213 ], [ 0.222222, 51.356178 ], [ 0.222199, 51.356136 ], [ 0.22218, 51.356098 ], [ 0.222167, 51.356056 ], [ 0.22216, 51.356014 ], [ 0.222155, 51.355968 ], [ 0.222144, 51.355927 ], [ 0.222133, 51.355885 ], [ 0.222124, 51.355843 ], [ 0.222116, 51.355797 ], [ 0.222109, 51.355751 ], [ 0.222105, 51.355705 ], [ 0.222112, 51.355656 ], [ 0.222124, 51.35561 ], [ 0.222137, 51.35556 ], [ 0.222153, 51.355511 ], [ 0.222169, 51.355461 ], [ 0.222185, 51.355415 ], [ 0.222201, 51.355366 ], [ 0.222216, 51.355316 ], [ 0.22223, 51.355267 ], [ 0.222244, 51.355217 ], [ 0.222257, 51.355171 ], [ 0.222266, 51.355122 ], [ 0.222276, 51.355076 ], [ 0.222286, 51.355026 ], [ 0.222293, 51.35498 ], [ 0.222296, 51.354935 ], [ 0.222292, 51.354889 ], [ 0.222285, 51.354839 ], [ 0.22228, 51.35479 ], [ 0.222277, 51.35474 ], [ 0.222278, 51.354691 ], [ 0.222278, 51.354641 ], [ 0.22228, 51.354591 ], [ 0.222288, 51.354538 ], [ 0.2223, 51.354484 ], [ 0.222312, 51.354435 ], [ 0.222326, 51.354382 ], [ 0.222344, 51.354332 ], [ 0.222371, 51.354282 ], [ 0.222404, 51.354233 ], [ 0.22244, 51.354187 ], [ 0.222478, 51.354141 ], [ 0.22252, 51.354103 ], [ 0.222562, 51.354061 ], [ 0.222604, 51.354015 ], [ 0.222648, 51.353973 ], [ 0.22269, 51.353931 ], [ 0.222731, 51.353886 ], [ 0.222769, 51.35384 ], [ 0.222807, 51.353794 ], [ 0.222838, 51.353748 ], [ 0.222861, 51.353699 ], [ 0.22288, 51.353649 ], [ 0.222897, 51.353596 ], [ 0.222914, 51.35355 ], [ 0.222927, 51.353504 ], [ 0.22294, 51.353455 ], [ 0.222956, 51.353409 ], [ 0.222972, 51.353359 ], [ 0.222988, 51.353313 ], [ 0.223003, 51.353271 ], [ 0.223019, 51.353229 ], [ 0.223034, 51.353188 ], [ 0.223049, 51.353142 ], [ 0.223065, 51.3531 ], [ 0.223081, 51.353058 ], [ 0.223096, 51.353016 ], [ 0.223111, 51.35297 ], [ 0.223126, 51.352928 ], [ 0.223142, 51.352886 ], [ 0.223158, 51.352844 ], [ 0.223171, 51.352798 ], [ 0.223185, 51.352756 ], [ 0.223198, 51.352714 ], [ 0.223209, 51.352669 ], [ 0.223219, 51.352623 ], [ 0.223231, 51.352577 ], [ 0.223245, 51.352535 ], [ 0.223256, 51.352493 ], [ 0.223265, 51.352448 ], [ 0.223275, 51.352402 ], [ 0.223287, 51.35236 ], [ 0.223304, 51.35231 ], [ 0.223327, 51.352268 ], [ 0.223353, 51.352226 ], [ 0.223382, 51.352188 ], [ 0.223413, 51.35215 ], [ 0.223445, 51.352108 ], [ 0.223477, 51.35207 ], [ 0.223507, 51.352028 ], [ 0.223537, 51.351986 ], [ 0.223569, 51.35194 ], [ 0.223601, 51.351898 ], [ 0.223635, 51.351856 ], [ 0.223664, 51.35181 ], [ 0.223687, 51.351761 ], [ 0.223709, 51.351715 ], [ 0.223732, 51.351665 ], [ 0.223753, 51.35162 ], [ 0.223772, 51.351574 ], [ 0.223791, 51.351528 ], [ 0.223811, 51.351482 ], [ 0.223829, 51.351437 ], [ 0.223846, 51.351391 ], [ 0.223864, 51.351341 ], [ 0.22388, 51.351295 ], [ 0.223898, 51.351246 ], [ 0.223918, 51.3512 ], [ 0.223936, 51.351151 ], [ 0.223956, 51.351101 ], [ 0.223977, 51.351055 ], [ 0.223998, 51.351006 ], [ 0.224018, 51.350952 ], [ 0.224036, 51.350903 ], [ 0.224052, 51.350853 ], [ 0.224066, 51.350803 ], [ 0.22408, 51.35075 ], [ 0.224094, 51.3507 ], [ 0.22411, 51.350647 ], [ 0.224123, 51.350597 ], [ 0.224138, 51.350544 ], [ 0.224153, 51.350491 ], [ 0.22417, 51.350437 ], [ 0.224188, 51.350388 ], [ 0.224208, 51.350334 ], [ 0.224229, 51.350285 ], [ 0.224251, 51.350235 ], [ 0.224275, 51.350185 ], [ 0.224302, 51.350136 ], [ 0.224332, 51.350086 ], [ 0.224364, 51.350037 ], [ 0.2244, 51.349987 ], [ 0.224438, 51.349937 ], [ 0.224479, 51.349888 ], [ 0.224525, 51.349842 ], [ 0.224574, 51.3498 ], [ 0.224628, 51.349758 ], [ 0.224686, 51.34972 ], [ 0.224749, 51.349678 ], [ 0.224815, 51.34964 ], [ 0.224883, 51.349602 ], [ 0.224951, 51.349564 ], [ 0.225015, 51.349522 ], [ 0.225073, 51.349476 ], [ 0.22512, 51.349422 ], [ 0.225155, 51.349369 ], [ 0.22518, 51.349312 ], [ 0.2252, 51.349251 ], [ 0.225212, 51.349194 ], [ 0.225217, 51.349132 ], [ 0.225216, 51.349075 ], [ 0.22521, 51.349014 ], [ 0.225202, 51.348957 ], [ 0.225195, 51.348907 ], [ 0.225187, 51.348854 ], [ 0.225183, 51.348801 ], [ 0.225178, 51.348743 ], [ 0.225173, 51.348686 ], [ 0.225166, 51.348625 ], [ 0.22516, 51.348568 ], [ 0.22516, 51.348511 ], [ 0.225162, 51.348446 ], [ 0.225162, 51.348389 ], [ 0.225158, 51.348328 ], [ 0.225154, 51.348263 ], [ 0.225152, 51.348206 ], [ 0.225149, 51.348141 ], [ 0.225148, 51.34808 ], [ 0.22515, 51.348022 ], [ 0.225154, 51.347961 ], [ 0.22516, 51.3479 ], [ 0.22517, 51.347839 ], [ 0.225187, 51.347778 ], [ 0.225206, 51.347717 ], [ 0.225227, 51.347656 ], [ 0.225248, 51.347595 ], [ 0.225268, 51.347534 ], [ 0.225287, 51.347469 ], [ 0.225305, 51.347404 ], [ 0.225321, 51.347343 ], [ 0.225335, 51.347282 ], [ 0.225346, 51.347218 ], [ 0.225357, 51.347157 ], [ 0.225368, 51.347092 ], [ 0.225378, 51.347031 ], [ 0.225386, 51.346966 ], [ 0.225392, 51.346909 ], [ 0.225392, 51.346847 ], [ 0.225389, 51.346786 ], [ 0.225385, 51.346725 ], [ 0.225382, 51.346672 ], [ 0.225368, 51.346611 ], [ 0.225348, 51.346554 ], [ 0.22533, 51.346497 ], [ 0.22531, 51.346439 ], [ 0.22529, 51.346386 ], [ 0.22527, 51.346333 ], [ 0.225255, 51.346279 ], [ 0.225242, 51.346222 ], [ 0.22523, 51.346172 ], [ 0.225215, 51.346119 ], [ 0.225206, 51.346065 ], [ 0.2252, 51.346012 ], [ 0.225194, 51.345959 ], [ 0.225186, 51.345905 ], [ 0.22518, 51.345856 ], [ 0.225173, 51.345806 ], [ 0.225167, 51.345757 ], [ 0.225157, 51.345711 ], [ 0.225144, 51.345661 ], [ 0.22513, 51.345608 ], [ 0.225118, 51.345554 ], [ 0.225104, 51.345501 ], [ 0.225092, 51.345448 ], [ 0.225076, 51.345394 ], [ 0.22506, 51.345341 ], [ 0.225045, 51.345287 ], [ 0.225034, 51.345234 ], [ 0.225021, 51.34518 ], [ 0.225008, 51.345127 ], [ 0.224997, 51.345074 ], [ 0.224988, 51.34502 ], [ 0.224982, 51.344971 ], [ 0.224976, 51.344921 ], [ 0.224974, 51.344868 ], [ 0.224973, 51.344818 ], [ 0.224973, 51.344769 ], [ 0.224967, 51.344715 ], [ 0.224965, 51.344658 ], [ 0.224964, 51.344608 ], [ 0.224955, 51.344551 ], [ 0.22495, 51.344498 ], [ 0.224948, 51.344448 ], [ 0.22495, 51.344398 ], [ 0.224946, 51.344353 ], [ 0.224934, 51.344307 ], [ 0.224913, 51.344257 ], [ 0.224881, 51.344204 ], [ 0.224852, 51.344154 ], [ 0.224832, 51.344109 ], [ 0.224812, 51.344059 ], [ 0.224795, 51.344013 ], [ 0.224777, 51.343964 ], [ 0.224758, 51.343914 ], [ 0.22474, 51.343864 ], [ 0.224727, 51.343815 ], [ 0.224715, 51.343765 ], [ 0.224701, 51.343716 ], [ 0.224687, 51.343666 ], [ 0.224674, 51.343616 ], [ 0.224658, 51.343567 ], [ 0.224641, 51.343517 ], [ 0.224623, 51.343472 ], [ 0.224605, 51.343422 ], [ 0.224587, 51.343372 ], [ 0.22457, 51.343327 ], [ 0.224555, 51.343277 ], [ 0.224543, 51.343227 ], [ 0.224531, 51.343178 ], [ 0.224521, 51.343128 ], [ 0.224515, 51.343075 ], [ 0.22451, 51.343025 ], [ 0.224505, 51.342976 ], [ 0.224499, 51.342926 ], [ 0.224491, 51.342876 ], [ 0.224481, 51.342823 ], [ 0.224467, 51.342773 ], [ 0.224452, 51.34272 ], [ 0.224439, 51.34267 ], [ 0.224425, 51.342625 ], [ 0.224413, 51.342575 ], [ 0.224403, 51.342525 ], [ 0.224392, 51.342476 ], [ 0.224381, 51.342422 ], [ 0.224372, 51.342373 ], [ 0.224366, 51.34232 ], [ 0.224363, 51.342266 ], [ 0.224362, 51.342213 ], [ 0.224367, 51.342159 ], [ 0.224373, 51.342106 ], [ 0.224381, 51.342052 ], [ 0.224389, 51.341999 ], [ 0.224398, 51.341946 ], [ 0.224407, 51.341892 ], [ 0.224419, 51.341839 ], [ 0.22443, 51.341785 ], [ 0.224438, 51.341732 ], [ 0.224446, 51.341679 ], [ 0.224454, 51.341625 ], [ 0.224463, 51.341572 ], [ 0.22447, 51.341518 ], [ 0.224473, 51.341465 ], [ 0.224475, 51.341408 ], [ 0.224475, 51.341354 ], [ 0.224476, 51.341301 ], [ 0.224478, 51.341251 ], [ 0.224478, 51.341198 ], [ 0.224482, 51.341148 ], [ 0.224485, 51.341099 ], [ 0.224483, 51.341049 ], [ 0.224478, 51.341 ], [ 0.224475, 51.34095 ], [ 0.224479, 51.340912 ], [ 0.224485, 51.340874 ], [ 0.224489, 51.340839 ], [ 0.224488, 51.340805 ], [ 0.224483, 51.340775 ], [ 0.224478, 51.34074 ], [ 0.224473, 51.340698 ], [ 0.224466, 51.340656 ], [ 0.224454, 51.340611 ], [ 0.224442, 51.340565 ], [ 0.224427, 51.340527 ], [ 0.22442, 51.340485 ], [ 0.224416, 51.340439 ], [ 0.224413, 51.340397 ], [ 0.224408, 51.340351 ], [ 0.224403, 51.340305 ], [ 0.224402, 51.340256 ], [ 0.224399, 51.34021 ], [ 0.224395, 51.340164 ], [ 0.224391, 51.340118 ], [ 0.224386, 51.340069 ], [ 0.224386, 51.340019 ], [ 0.224392, 51.339981 ], [ 0.224397, 51.339943 ], [ 0.224404, 51.339905 ], [ 0.224409, 51.339867 ], [ 0.224411, 51.339828 ], [ 0.224413, 51.339783 ], [ 0.224415, 51.339729 ], [ 0.22442, 51.339672 ], [ 0.224423, 51.339615 ], [ 0.22442, 51.339558 ], [ 0.224411, 51.3395 ], [ 0.2244, 51.339439 ], [ 0.224387, 51.339378 ], [ 0.224376, 51.339313 ], [ 0.224367, 51.339249 ], [ 0.224359, 51.339188 ], [ 0.224353, 51.339127 ], [ 0.224349, 51.339066 ], [ 0.224342, 51.339008 ], [ 0.224333, 51.338947 ], [ 0.224324, 51.338886 ], [ 0.224316, 51.338825 ], [ 0.224307, 51.338764 ], [ 0.224299, 51.338703 ], [ 0.224289, 51.338646 ], [ 0.224279, 51.338589 ], [ 0.224273, 51.338535 ], [ 0.224268, 51.338478 ], [ 0.224264, 51.338421 ], [ 0.224262, 51.338364 ], [ 0.224264, 51.338299 ], [ 0.224267, 51.338245 ], [ 0.22427, 51.338188 ], [ 0.22427, 51.338127 ], [ 0.224275, 51.338066 ], [ 0.224283, 51.338005 ], [ 0.224292, 51.337944 ], [ 0.224305, 51.337883 ], [ 0.224319, 51.337822 ], [ 0.224337, 51.337757 ], [ 0.224354, 51.3377 ], [ 0.224372, 51.337643 ], [ 0.224389, 51.337585 ], [ 0.224403, 51.337528 ], [ 0.224413, 51.337471 ], [ 0.224422, 51.33741 ], [ 0.224427, 51.337349 ], [ 0.224426, 51.337288 ], [ 0.224421, 51.337231 ], [ 0.224422, 51.33717 ], [ 0.224427, 51.337109 ], [ 0.224428, 51.337048 ], [ 0.22442, 51.336987 ], [ 0.224417, 51.336925 ], [ 0.22442, 51.336872 ], [ 0.224423, 51.336819 ], [ 0.224427, 51.336761 ], [ 0.22443, 51.336704 ], [ 0.224435, 51.336655 ], [ 0.224443, 51.336601 ], [ 0.22445, 51.336552 ], [ 0.224455, 51.336494 ], [ 0.224465, 51.336441 ], [ 0.224476, 51.336388 ], [ 0.224487, 51.336334 ], [ 0.224497, 51.336281 ], [ 0.224504, 51.336231 ], [ 0.224506, 51.336174 ], [ 0.22451, 51.336121 ], [ 0.224515, 51.336067 ], [ 0.224513, 51.33601 ], [ 0.224514, 51.33596 ], [ 0.224513, 51.335907 ], [ 0.224509, 51.335857 ], [ 0.224506, 51.335808 ], [ 0.224501, 51.335762 ], [ 0.224496, 51.335716 ], [ 0.224491, 51.33567 ], [ 0.224488, 51.335625 ], [ 0.224472, 51.335579 ], [ 0.224452, 51.335533 ], [ 0.224434, 51.335484 ], [ 0.224415, 51.335434 ], [ 0.224397, 51.335384 ], [ 0.224378, 51.335339 ], [ 0.224359, 51.335289 ], [ 0.224338, 51.335243 ], [ 0.224318, 51.335194 ], [ 0.2243, 51.335144 ], [ 0.22428, 51.335094 ], [ 0.224257, 51.335049 ], [ 0.224233, 51.334999 ], [ 0.224213, 51.334953 ], [ 0.224197, 51.334907 ], [ 0.224185, 51.334858 ], [ 0.224173, 51.334808 ], [ 0.224162, 51.334759 ], [ 0.224155, 51.334709 ], [ 0.224156, 51.33466 ], [ 0.224158, 51.33461 ], [ 0.224158, 51.334557 ], [ 0.224161, 51.334507 ], [ 0.224163, 51.334454 ], [ 0.224163, 51.334404 ], [ 0.224165, 51.334351 ], [ 0.224166, 51.334301 ], [ 0.224171, 51.334248 ], [ 0.224179, 51.334198 ], [ 0.22419, 51.334145 ], [ 0.224204, 51.334095 ], [ 0.224219, 51.334042 ], [ 0.224233, 51.333992 ], [ 0.22425, 51.333935 ], [ 0.224264, 51.333881 ], [ 0.224278, 51.333828 ], [ 0.224293, 51.333775 ], [ 0.224308, 51.333721 ], [ 0.224323, 51.333664 ], [ 0.224336, 51.333611 ], [ 0.224353, 51.333557 ], [ 0.224372, 51.333504 ], [ 0.224391, 51.33345 ], [ 0.224417, 51.333397 ], [ 0.224445, 51.333343 ], [ 0.224474, 51.333294 ], [ 0.224504, 51.333248 ], [ 0.224533, 51.333198 ], [ 0.224565, 51.333153 ], [ 0.224599, 51.333107 ], [ 0.224632, 51.333061 ], [ 0.224664, 51.333015 ], [ 0.224697, 51.332973 ], [ 0.224729, 51.332932 ], [ 0.224764, 51.33289 ], [ 0.224801, 51.332851 ], [ 0.224838, 51.332817 ], [ 0.224871, 51.332783 ], [ 0.224902, 51.332756 ], [ 0.224931, 51.332729 ], [ 0.224955, 51.332706 ], [ 0.224974, 51.332687 ], [ 0.224988, 51.332672 ], [ 0.225, 51.332653 ], [ 0.225015, 51.332634 ], [ 0.225036, 51.332607 ], [ 0.225056, 51.332577 ], [ 0.225078, 51.332546 ], [ 0.225103, 51.332508 ], [ 0.225133, 51.332474 ], [ 0.225166, 51.332439 ], [ 0.225203, 51.332401 ], [ 0.22524, 51.332359 ], [ 0.225274, 51.332321 ], [ 0.225311, 51.332279 ], [ 0.225352, 51.332241 ], [ 0.225395, 51.332203 ], [ 0.225438, 51.332165 ], [ 0.225479, 51.332127 ], [ 0.225522, 51.332088 ], [ 0.225564, 51.33205 ], [ 0.225603, 51.332012 ], [ 0.225641, 51.331974 ], [ 0.225679, 51.331936 ], [ 0.225718, 51.331898 ], [ 0.225757, 51.33186 ], [ 0.225796, 51.331821 ], [ 0.225834, 51.331787 ], [ 0.225874, 51.331753 ], [ 0.22591, 51.331715 ], [ 0.225946, 51.331676 ], [ 0.22598, 51.331642 ], [ 0.226015, 51.331608 ], [ 0.22605, 51.331573 ], [ 0.226083, 51.331535 ], [ 0.226115, 51.331501 ], [ 0.226143, 51.331463 ], [ 0.22617, 51.331425 ], [ 0.226196, 51.331387 ], [ 0.226223, 51.331348 ], [ 0.226247, 51.331314 ], [ 0.226268, 51.33128 ], [ 0.226285, 51.331242 ], [ 0.226303, 51.331203 ], [ 0.226317, 51.331169 ], [ 0.226328, 51.331131 ], [ 0.22634, 51.331093 ], [ 0.226353, 51.331055 ], [ 0.226368, 51.331017 ], [ 0.226383, 51.330978 ], [ 0.226396, 51.330944 ], [ 0.226411, 51.33091 ], [ 0.226426, 51.330872 ], [ 0.22644, 51.330833 ], [ 0.226454, 51.330799 ], [ 0.22647, 51.330765 ], [ 0.226488, 51.330727 ], [ 0.226505, 51.330696 ], [ 0.226522, 51.330662 ], [ 0.226541, 51.330627 ], [ 0.226564, 51.330593 ], [ 0.226585, 51.330555 ], [ 0.226607, 51.330517 ], [ 0.226625, 51.330479 ], [ 0.226647, 51.330441 ], [ 0.226673, 51.330402 ], [ 0.226702, 51.330364 ], [ 0.226734, 51.330326 ], [ 0.226767, 51.330288 ], [ 0.226801, 51.33025 ], [ 0.226834, 51.330212 ], [ 0.22687, 51.330177 ], [ 0.226907, 51.330139 ], [ 0.226944, 51.330101 ], [ 0.226984, 51.33007 ], [ 0.227022, 51.330032 ], [ 0.227059, 51.329998 ], [ 0.227098, 51.32996 ], [ 0.227135, 51.329922 ], [ 0.227169, 51.329884 ], [ 0.2272, 51.329845 ], [ 0.227229, 51.329803 ], [ 0.227257, 51.329765 ], [ 0.227284, 51.329723 ], [ 0.227312, 51.329685 ], [ 0.227338, 51.329643 ], [ 0.227362, 51.329601 ], [ 0.227386, 51.329563 ], [ 0.227411, 51.329521 ], [ 0.227439, 51.329479 ], [ 0.227466, 51.329437 ], [ 0.227493, 51.329395 ], [ 0.227518, 51.329353 ], [ 0.227544, 51.329315 ], [ 0.227572, 51.329277 ], [ 0.227602, 51.329243 ], [ 0.227626, 51.329205 ], [ 0.227645, 51.329166 ], [ 0.227657, 51.329128 ], [ 0.227665, 51.329086 ], [ 0.22767, 51.32904 ], [ 0.227679, 51.329002 ], [ 0.22769, 51.32896 ], [ 0.227701, 51.328922 ], [ 0.227711, 51.32888 ], [ 0.227719, 51.328838 ], [ 0.227729, 51.328796 ], [ 0.227739, 51.328758 ], [ 0.227749, 51.328716 ], [ 0.227759, 51.328678 ], [ 0.227769, 51.32864 ], [ 0.227779, 51.328598 ], [ 0.227789, 51.32856 ], [ 0.227801, 51.328522 ], [ 0.227817, 51.328484 ], [ 0.227835, 51.328449 ], [ 0.227852, 51.328411 ], [ 0.227871, 51.328377 ], [ 0.227895, 51.328339 ], [ 0.227921, 51.328304 ], [ 0.227953, 51.328274 ], [ 0.227988, 51.328247 ], [ 0.228029, 51.328224 ], [ 0.228071, 51.328201 ], [ 0.228116, 51.328178 ], [ 0.228163, 51.328156 ], [ 0.228218, 51.32814 ], [ 0.228275, 51.328121 ], [ 0.228329, 51.328098 ], [ 0.228382, 51.328075 ], [ 0.228438, 51.328052 ], [ 0.228495, 51.32803 ], [ 0.22855, 51.328007 ], [ 0.228606, 51.327984 ], [ 0.228664, 51.327961 ], [ 0.228724, 51.327938 ], [ 0.22878, 51.327915 ], [ 0.228836, 51.327896 ], [ 0.228896, 51.327869 ], [ 0.228951, 51.327843 ], [ 0.229007, 51.32782 ], [ 0.229062, 51.327797 ], [ 0.229121, 51.327774 ], [ 0.229183, 51.327751 ], [ 0.229247, 51.327728 ], [ 0.22931, 51.327702 ], [ 0.22937, 51.327675 ], [ 0.22943, 51.327644 ], [ 0.229488, 51.327614 ], [ 0.229545, 51.32758 ], [ 0.229602, 51.327545 ], [ 0.22966, 51.327507 ], [ 0.229716, 51.327473 ], [ 0.229772, 51.327438 ], [ 0.229823, 51.327404 ], [ 0.229872, 51.32737 ], [ 0.229915, 51.327343 ], [ 0.229955, 51.327316 ], [ 0.229994, 51.32729 ], [ 0.230036, 51.327263 ], [ 0.230078, 51.327236 ], [ 0.230119, 51.327209 ], [ 0.230153, 51.327183 ], [ 0.230185, 51.32716 ], [ 0.230215, 51.327133 ], [ 0.230243, 51.32711 ], [ 0.23027, 51.32708 ], [ 0.2303, 51.327049 ], [ 0.230332, 51.327019 ], [ 0.230358, 51.326992 ], [ 0.230382, 51.326969 ], [ 0.230406, 51.326939 ], [ 0.23043, 51.326904 ], [ 0.230452, 51.326878 ], [ 0.230473, 51.326855 ], [ 0.230494, 51.326828 ], [ 0.230517, 51.326805 ], [ 0.230541, 51.326782 ], [ 0.230566, 51.326752 ], [ 0.230587, 51.326729 ], [ 0.230602, 51.326714 ], [ 0.23076, 51.326523 ], [ 0.230743, 51.326508 ], [ 0.230729, 51.326496 ], [ 0.230714, 51.326481 ], [ 0.230699, 51.326466 ], [ 0.230676, 51.32645 ], [ 0.230644, 51.326431 ], [ 0.230624, 51.326408 ], [ 0.230601, 51.326378 ], [ 0.230573, 51.326351 ], [ 0.230547, 51.326317 ], [ 0.230512, 51.326279 ], [ 0.23049, 51.326248 ], [ 0.230468, 51.32621 ], [ 0.230453, 51.326176 ], [ 0.230441, 51.326145 ], [ 0.230432, 51.326122 ], [ 0.230429, 51.326099 ], [ 0.230422, 51.326069 ], [ 0.230421, 51.326038 ], [ 0.230412, 51.326008 ], [ 0.230399, 51.325973 ], [ 0.230384, 51.325935 ], [ 0.23037, 51.325901 ], [ 0.230358, 51.325871 ], [ 0.230348, 51.325836 ], [ 0.230337, 51.325806 ], [ 0.230322, 51.325771 ], [ 0.230305, 51.325741 ], [ 0.23029, 51.32571 ], [ 0.230276, 51.325672 ], [ 0.23026, 51.325634 ], [ 0.230243, 51.325596 ], [ 0.230223, 51.325558 ], [ 0.230201, 51.32552 ], [ 0.230177, 51.325481 ], [ 0.23015, 51.325443 ], [ 0.230121, 51.325405 ], [ 0.230099, 51.325371 ], [ 0.230078, 51.325344 ], [ 0.230052, 51.325314 ], [ 0.230024, 51.325279 ], [ 0.229998, 51.325249 ], [ 0.22997, 51.325214 ], [ 0.229941, 51.325184 ], [ 0.229913, 51.325153 ], [ 0.229883, 51.325123 ], [ 0.229853, 51.325096 ], [ 0.229827, 51.325062 ], [ 0.229802, 51.325031 ], [ 0.229777, 51.324993 ], [ 0.229749, 51.324955 ], [ 0.22972, 51.324917 ], [ 0.22969, 51.324879 ], [ 0.22966, 51.324837 ], [ 0.229627, 51.324799 ], [ 0.229592, 51.324757 ], [ 0.229556, 51.324715 ], [ 0.229526, 51.324673 ], [ 0.229496, 51.324627 ], [ 0.229459, 51.324585 ], [ 0.22942, 51.324539 ], [ 0.229379, 51.324493 ], [ 0.229333, 51.324444 ], [ 0.229274, 51.324387 ], [ 0.229207, 51.324333 ], [ 0.229136, 51.324284 ], [ 0.229064, 51.324234 ], [ 0.229, 51.324188 ], [ 0.228947, 51.324142 ], [ 0.228902, 51.3241 ], [ 0.228849, 51.324066 ], [ 0.228808, 51.324028 ], [ 0.228762, 51.323986 ], [ 0.228714, 51.32394 ], [ 0.228666, 51.323887 ], [ 0.228619, 51.323841 ], [ 0.228579, 51.323803 ], [ 0.228548, 51.323772 ], [ 0.228524, 51.323746 ], [ 0.228509, 51.323727 ], [ 0.228491, 51.323708 ], [ 0.228468, 51.323681 ], [ 0.228441, 51.323654 ], [ 0.228413, 51.32362 ], [ 0.228382, 51.323578 ], [ 0.228352, 51.323536 ], [ 0.228322, 51.323486 ], [ 0.228295, 51.323441 ], [ 0.228272, 51.323395 ], [ 0.228249, 51.323353 ], [ 0.228232, 51.323296 ], [ 0.228201, 51.323231 ], [ 0.228161, 51.323154 ], [ 0.228131, 51.323086 ], [ 0.228108, 51.323017 ], [ 0.22809, 51.322952 ], [ 0.228073, 51.322895 ], [ 0.22805, 51.322826 ], [ 0.228024, 51.322754 ], [ 0.227996, 51.322681 ], [ 0.227963, 51.322609 ], [ 0.227921, 51.322533 ], [ 0.227877, 51.322464 ], [ 0.227831, 51.322392 ], [ 0.227788, 51.322327 ], [ 0.227746, 51.322262 ], [ 0.227707, 51.322208 ], [ 0.227673, 51.322159 ], [ 0.22764, 51.322113 ], [ 0.227604, 51.322067 ], [ 0.227562, 51.322021 ], [ 0.227518, 51.321979 ], [ 0.227475, 51.32193 ], [ 0.227433, 51.321884 ], [ 0.227394, 51.321835 ], [ 0.227356, 51.321785 ], [ 0.227321, 51.321732 ], [ 0.227292, 51.321678 ], [ 0.227267, 51.321629 ], [ 0.227237, 51.321575 ], [ 0.227205, 51.321526 ], [ 0.227172, 51.321476 ], [ 0.227141, 51.321423 ], [ 0.227111, 51.321365 ], [ 0.227083, 51.321312 ], [ 0.227056, 51.321262 ], [ 0.227029, 51.321209 ], [ 0.226999, 51.321159 ], [ 0.226967, 51.32111 ], [ 0.226934, 51.32106 ], [ 0.226897, 51.321011 ], [ 0.226862, 51.320961 ], [ 0.226812, 51.320911 ], [ 0.226752, 51.320862 ], [ 0.226685, 51.32082 ], [ 0.226613, 51.320774 ], [ 0.226545, 51.320732 ], [ 0.226475, 51.320686 ], [ 0.226404, 51.320644 ], [ 0.226329, 51.320602 ], [ 0.22625, 51.320557 ], [ 0.226173, 51.320515 ], [ 0.226098, 51.320469 ], [ 0.226024, 51.320423 ], [ 0.225951, 51.320377 ], [ 0.22588, 51.320332 ], [ 0.225813, 51.32029 ], [ 0.225743, 51.32024 ], [ 0.225673, 51.320187 ], [ 0.225608, 51.320137 ], [ 0.225537, 51.32008 ], [ 0.225463, 51.320023 ], [ 0.225395, 51.319965 ], [ 0.225338, 51.319912 ], [ 0.225281, 51.319862 ], [ 0.225223, 51.31982 ], [ 0.225167, 51.319778 ], [ 0.225117, 51.31974 ], [ 0.225071, 51.319714 ], [ 0.225016, 51.319679 ], [ 0.224967, 51.319645 ], [ 0.224921, 51.319611 ], [ 0.224871, 51.31958 ], [ 0.224824, 51.319546 ], [ 0.224775, 51.319519 ], [ 0.22471, 51.319485 ], [ 0.224639, 51.31945 ], [ 0.224572, 51.319412 ], [ 0.224509, 51.319378 ], [ 0.224453, 51.31934 ], [ 0.224399, 51.319305 ], [ 0.224336, 51.319263 ], [ 0.224267, 51.319221 ], [ 0.224194, 51.319179 ], [ 0.224121, 51.319141 ], [ 0.224042, 51.319103 ], [ 0.223963, 51.319065 ], [ 0.223882, 51.319031 ], [ 0.223793, 51.318996 ], [ 0.22371, 51.318958 ], [ 0.22362, 51.318916 ], [ 0.223532, 51.318874 ], [ 0.223431, 51.318829 ], [ 0.223321, 51.318783 ], [ 0.223215, 51.318737 ], [ 0.223099, 51.318687 ], [ 0.222978, 51.318638 ], [ 0.222869, 51.318592 ], [ 0.222754, 51.318542 ], [ 0.222618, 51.318481 ], [ 0.222487, 51.318432 ], [ 0.222361, 51.318394 ], [ 0.222223, 51.318348 ], [ 0.22208, 51.31831 ], [ 0.221936, 51.318268 ], [ 0.221792, 51.318226 ], [ 0.221647, 51.318184 ], [ 0.221492, 51.318138 ], [ 0.221344, 51.318092 ], [ 0.221201, 51.31805 ], [ 0.221065, 51.318012 ], [ 0.220952, 51.317978 ], [ 0.220847, 51.317951 ], [ 0.22074, 51.317928 ], [ 0.220633, 51.317905 ], [ 0.220532, 51.317882 ], [ 0.220447, 51.31786 ], [ 0.220366, 51.317841 ], [ 0.220288, 51.317825 ], [ 0.220208, 51.31781 ], [ 0.22013, 51.317799 ], [ 0.220064, 51.317791 ], [ 0.220002, 51.317783 ], [ 0.219932, 51.31778 ], [ 0.219863, 51.317776 ], [ 0.219789, 51.317772 ], [ 0.21972, 51.317768 ], [ 0.219648, 51.317764 ], [ 0.219565, 51.317749 ], [ 0.219479, 51.31773 ], [ 0.219393, 51.317722 ], [ 0.219318, 51.317711 ], [ 0.219245, 51.317703 ], [ 0.21917, 51.317696 ], [ 0.219093, 51.317688 ], [ 0.219019, 51.31768 ], [ 0.218951, 51.317665 ], [ 0.218889, 51.31765 ], [ 0.218824, 51.317642 ], [ 0.218754, 51.317635 ], [ 0.218685, 51.317627 ], [ 0.218614, 51.317619 ], [ 0.218545, 51.317612 ], [ 0.218475, 51.3176 ], [ 0.218407, 51.317593 ], [ 0.218336, 51.317589 ], [ 0.21827, 51.317577 ], [ 0.218205, 51.31757 ], [ 0.218136, 51.31757 ], [ 0.218051, 51.317566 ], [ 0.217961, 51.317566 ], [ 0.217878, 51.317562 ], [ 0.217796, 51.317554 ], [ 0.21772, 51.317543 ], [ 0.217642, 51.317528 ], [ 0.217544, 51.317509 ], [ 0.21745, 51.31749 ], [ 0.217376, 51.317482 ], [ 0.217311, 51.317482 ], [ 0.217245, 51.317478 ], [ 0.217182, 51.317482 ], [ 0.217123, 51.317486 ], [ 0.21705, 51.31749 ], [ 0.216973, 51.317493 ], [ 0.216884, 51.31749 ], [ 0.216801, 51.317486 ], [ 0.216717, 51.317482 ], [ 0.21663, 51.317478 ], [ 0.21653, 51.317478 ], [ 0.21644, 51.317478 ], [ 0.216348, 51.317474 ], [ 0.216253, 51.317471 ], [ 0.216161, 51.317471 ], [ 0.216068, 51.317467 ], [ 0.215974, 51.317467 ], [ 0.215873, 51.317463 ], [ 0.21577, 51.317455 ], [ 0.215672, 51.317448 ], [ 0.21558, 51.317448 ], [ 0.215481, 51.317444 ], [ 0.215376, 51.317436 ], [ 0.215272, 51.317429 ], [ 0.215168, 51.317421 ], [ 0.215066, 51.317417 ], [ 0.214971, 51.317413 ], [ 0.214873, 51.317398 ], [ 0.214774, 51.317387 ], [ 0.214681, 51.317375 ], [ 0.214584, 51.317356 ], [ 0.21449, 51.317337 ], [ 0.214401, 51.317318 ], [ 0.214318, 51.317291 ], [ 0.214254, 51.317257 ], [ 0.214201, 51.317223 ], [ 0.214158, 51.317188 ], [ 0.214122, 51.317158 ], [ 0.214085, 51.31712 ], [ 0.214045, 51.317085 ], [ 0.213995, 51.317055 ], [ 0.213933, 51.317028 ], [ 0.213859, 51.316998 ], [ 0.213794, 51.316967 ], [ 0.213724, 51.316933 ], [ 0.213644, 51.316898 ], [ 0.213543, 51.316849 ], [ 0.213442, 51.316799 ], [ 0.213356, 51.31675 ], [ 0.213276, 51.316696 ], [ 0.213186, 51.316643 ], [ 0.213094, 51.316586 ], [ 0.212994, 51.316524 ], [ 0.212881, 51.316456 ], [ 0.212757, 51.316387 ], [ 0.212639, 51.316326 ], [ 0.212519, 51.316265 ], [ 0.212393, 51.3162 ], [ 0.212255, 51.316128 ], [ 0.212124, 51.316048 ], [ 0.211999, 51.315971 ], [ 0.211869, 51.315895 ], [ 0.211737, 51.315815 ], [ 0.211601, 51.315731 ], [ 0.211459, 51.315643 ], [ 0.211312, 51.315548 ], [ 0.211162, 51.315453 ], [ 0.211002, 51.315361 ], [ 0.210843, 51.315281 ], [ 0.210689, 51.315197 ], [ 0.210542, 51.315113 ], [ 0.210396, 51.315021 ], [ 0.210261, 51.314938 ], [ 0.210116, 51.314857 ], [ 0.209971, 51.314789 ], [ 0.209839, 51.314716 ], [ 0.209692, 51.314651 ], [ 0.209536, 51.31459 ], [ 0.20938, 51.314526 ], [ 0.209223, 51.314461 ], [ 0.209073, 51.3144 ], [ 0.208928, 51.314339 ], [ 0.208789, 51.31427 ], [ 0.208651, 51.314198 ], [ 0.208511, 51.314121 ], [ 0.208376, 51.314041 ], [ 0.208246, 51.313965 ], [ 0.208124, 51.313889 ], [ 0.208012, 51.31382 ], [ 0.207898, 51.313751 ], [ 0.207794, 51.313686 ], [ 0.207696, 51.313625 ], [ 0.207605, 51.313568 ], [ 0.207507, 51.313507 ], [ 0.207401, 51.313442 ], [ 0.207284, 51.313377 ], [ 0.207173, 51.31332 ], [ 0.207071, 51.313267 ], [ 0.206972, 51.313217 ], [ 0.206878, 51.313168 ], [ 0.206793, 51.313126 ], [ 0.206698, 51.31308 ], [ 0.206596, 51.313026 ], [ 0.20648, 51.312981 ], [ 0.20637, 51.312935 ], [ 0.206271, 51.312893 ], [ 0.206181, 51.312851 ], [ 0.206102, 51.312813 ], [ 0.206019, 51.312771 ], [ 0.205953, 51.312736 ], [ 0.205892, 51.312698 ], [ 0.205822, 51.312668 ], [ 0.20575, 51.312641 ], [ 0.205686, 51.312614 ], [ 0.205621, 51.312591 ], [ 0.205559, 51.312569 ], [ 0.205507, 51.312542 ], [ 0.205467, 51.312519 ], [ 0.205422, 51.3125 ], [ 0.205376, 51.312477 ], [ 0.205336, 51.312454 ], [ 0.205296, 51.312435 ], [ 0.205249, 51.312424 ], [ 0.205207, 51.312416 ], [ 0.205169, 51.312408 ], [ 0.205129, 51.312405 ], [ 0.205092, 51.312405 ], [ 0.205057, 51.312401 ], [ 0.205028, 51.312397 ], [ 0.205002, 51.312397 ], [ 0.204976, 51.312393 ], [ 0.204943, 51.312393 ], [ 0.204902, 51.312393 ], [ 0.204859, 51.312389 ], [ 0.2048, 51.312386 ], [ 0.204738, 51.312386 ], [ 0.204671, 51.312386 ], [ 0.204595, 51.312386 ], [ 0.204523, 51.312386 ], [ 0.204459, 51.312389 ], [ 0.204397, 51.312393 ], [ 0.204334, 51.312397 ], [ 0.204268, 51.312405 ], [ 0.204202, 51.312408 ], [ 0.204134, 51.312416 ], [ 0.204063, 51.312427 ], [ 0.203984, 51.312443 ], [ 0.203899, 51.312462 ], [ 0.20381, 51.312481 ], [ 0.203718, 51.3125 ], [ 0.203627, 51.312523 ], [ 0.203533, 51.312546 ], [ 0.20344, 51.31258 ], [ 0.203345, 51.312614 ], [ 0.203242, 51.312649 ], [ 0.20313, 51.312675 ], [ 0.203013, 51.312706 ], [ 0.202894, 51.312736 ], [ 0.202774, 51.312767 ], [ 0.202656, 51.312798 ], [ 0.202537, 51.312832 ], [ 0.202412, 51.312859 ], [ 0.202286, 51.312885 ], [ 0.202164, 51.312908 ], [ 0.202043, 51.312931 ], [ 0.201917, 51.312954 ], [ 0.20179, 51.312977 ], [ 0.201662, 51.313 ], [ 0.201536, 51.313023 ], [ 0.201411, 51.313049 ], [ 0.201289, 51.31308 ], [ 0.201162, 51.31311 ], [ 0.201038, 51.313148 ], [ 0.200924, 51.31319 ], [ 0.200817, 51.313232 ], [ 0.200721, 51.313278 ], [ 0.200627, 51.31332 ], [ 0.200535, 51.31337 ], [ 0.200445, 51.313423 ], [ 0.200355, 51.313477 ], [ 0.20027, 51.31353 ], [ 0.200185, 51.313591 ], [ 0.200098, 51.313648 ], [ 0.200004, 51.313705 ], [ 0.199906, 51.313759 ], [ 0.199813, 51.313816 ], [ 0.199729, 51.313873 ], [ 0.199621, 51.313923 ], [ 0.199487, 51.313961 ], [ 0.199345, 51.313995 ], [ 0.199201, 51.314018 ], [ 0.199061, 51.31403 ], [ 0.198922, 51.314041 ], [ 0.198782, 51.314053 ], [ 0.198649, 51.314064 ], [ 0.198525, 51.314072 ], [ 0.19841, 51.314087 ], [ 0.19831, 51.314102 ], [ 0.198219, 51.314114 ], [ 0.198142, 51.314121 ], [ 0.198067, 51.314125 ], [ 0.197995, 51.314125 ], [ 0.197926, 51.314114 ], [ 0.197866, 51.314091 ], [ 0.197816, 51.314056 ], [ 0.197768, 51.314011 ], [ 0.197718, 51.313961 ], [ 0.197665, 51.313904 ], [ 0.197603, 51.313839 ], [ 0.197533, 51.31377 ], [ 0.197455, 51.313702 ], [ 0.197368, 51.313629 ], [ 0.197264, 51.313564 ], [ 0.19716, 51.313499 ], [ 0.197048, 51.313446 ], [ 0.196934, 51.3134 ], [ 0.19681, 51.313362 ], [ 0.196676, 51.313332 ], [ 0.19653, 51.313301 ], [ 0.196375, 51.313278 ], [ 0.196212, 51.313259 ], [ 0.196045, 51.313244 ], [ 0.195871, 51.313229 ], [ 0.195692, 51.313209 ], [ 0.195515, 51.313198 ], [ 0.195344, 51.313183 ], [ 0.195174, 51.313164 ], [ 0.194984, 51.313145 ], [ 0.194809, 51.313129 ], [ 0.194656, 51.313118 ], [ 0.194508, 51.313099 ], [ 0.194354, 51.313076 ], [ 0.194201, 51.313053 ], [ 0.194051, 51.31303 ], [ 0.193902, 51.313007 ], [ 0.193754, 51.312981 ], [ 0.193608, 51.312958 ], [ 0.193462, 51.312939 ], [ 0.193318, 51.312923 ], [ 0.193176, 51.312912 ], [ 0.193033, 51.312904 ], [ 0.192894, 51.312901 ], [ 0.192757, 51.312897 ], [ 0.192626, 51.312897 ], [ 0.192495, 51.312901 ], [ 0.192363, 51.312904 ], [ 0.192232, 51.312908 ], [ 0.192102, 51.312908 ], [ 0.19197, 51.312908 ], [ 0.191834, 51.312904 ], [ 0.191703, 51.312901 ], [ 0.191574, 51.312893 ], [ 0.191449, 51.312881 ], [ 0.191332, 51.312862 ], [ 0.19123, 51.312847 ], [ 0.191145, 51.31282 ], [ 0.191081, 51.312786 ], [ 0.191031, 51.31274 ], [ 0.190974, 51.312691 ], [ 0.190906, 51.312645 ], [ 0.190836, 51.312603 ], [ 0.190756, 51.312576 ], [ 0.190671, 51.312565 ], [ 0.190588, 51.312569 ], [ 0.190511, 51.312599 ], [ 0.190444, 51.312633 ], [ 0.190387, 51.312675 ], [ 0.190334, 51.312721 ], [ 0.190281, 51.312767 ], [ 0.190223, 51.312809 ], [ 0.190155, 51.31284 ], [ 0.190078, 51.312862 ], [ 0.189994, 51.312881 ], [ 0.189909, 51.312901 ], [ 0.189823, 51.31292 ], [ 0.189741, 51.312927 ], [ 0.189659, 51.312935 ], [ 0.189582, 51.312942 ], [ 0.189514, 51.312954 ], [ 0.189465, 51.312973 ], [ 0.189432, 51.312996 ], [ 0.189412, 51.313019 ], [ 0.189406, 51.313042 ], [ 0.189168, 51.31303 ], [ 0.189114, 51.313026 ], [ 0.189057, 51.313026 ], [ 0.189001, 51.313026 ], [ 0.188943, 51.313026 ], [ 0.188883, 51.313026 ], [ 0.188823, 51.313026 ], [ 0.188762, 51.313026 ], [ 0.188698, 51.313026 ], [ 0.188634, 51.313023 ], [ 0.188567, 51.313019 ], [ 0.188499, 51.313015 ], [ 0.188427, 51.313011 ], [ 0.188357, 51.313007 ], [ 0.188286, 51.313004 ], [ 0.188215, 51.313 ], [ 0.188142, 51.312996 ], [ 0.188065, 51.312992 ], [ 0.187988, 51.312988 ], [ 0.18791, 51.312988 ], [ 0.187832, 51.312988 ], [ 0.187751, 51.312988 ], [ 0.18767, 51.312988 ], [ 0.187588, 51.312984 ], [ 0.187506, 51.312981 ], [ 0.187429, 51.312981 ], [ 0.187371, 51.312984 ], [ 0.187333, 51.312984 ], [ 0.187302, 51.312981 ], [ 0.187273, 51.312981 ], [ 0.187251, 51.312981 ], [ 0.187238, 51.312981 ], [ 0.18723, 51.312984 ], [ 0.187216, 51.312988 ], [ 0.18719, 51.312988 ], [ 0.187149, 51.312988 ], [ 0.187096, 51.312984 ], [ 0.187033, 51.312977 ], [ 0.186968, 51.312962 ], [ 0.186903, 51.31295 ], [ 0.186832, 51.312942 ], [ 0.186758, 51.312935 ], [ 0.186681, 51.312927 ], [ 0.186605, 51.312923 ], [ 0.186529, 51.31292 ], [ 0.186452, 51.312912 ], [ 0.186373, 51.312904 ], [ 0.186294, 51.312904 ], [ 0.186214, 51.312901 ], [ 0.18613, 51.312897 ], [ 0.186042, 51.312885 ], [ 0.185952, 51.312878 ], [ 0.185865, 51.312874 ], [ 0.185787, 51.312866 ], [ 0.185715, 51.312859 ], [ 0.18564, 51.312855 ], [ 0.185555, 51.312843 ], [ 0.185464, 51.312824 ], [ 0.185373, 51.312805 ], [ 0.185283, 51.312786 ], [ 0.185194, 51.312771 ], [ 0.185107, 51.312752 ], [ 0.185022, 51.312733 ], [ 0.184935, 51.31271 ], [ 0.18485, 51.312691 ], [ 0.184761, 51.312675 ], [ 0.18467, 51.312656 ], [ 0.184577, 51.312633 ], [ 0.184482, 51.312611 ], [ 0.184381, 51.312584 ], [ 0.184274, 51.312561 ], [ 0.184163, 51.312538 ], [ 0.184053, 51.312519 ], [ 0.183946, 51.312496 ], [ 0.183844, 51.312477 ], [ 0.183747, 51.312458 ], [ 0.183654, 51.312439 ], [ 0.183563, 51.312416 ], [ 0.183479, 51.312389 ], [ 0.183394, 51.312363 ], [ 0.183308, 51.31234 ], [ 0.183227, 51.312317 ], [ 0.18315, 51.312294 ], [ 0.183076, 51.312275 ], [ 0.183003, 51.312256 ], [ 0.182934, 51.312237 ], [ 0.182869, 51.312218 ], [ 0.182803, 51.312199 ], [ 0.182737, 51.312176 ], [ 0.182671, 51.312153 ], [ 0.182605, 51.31213 ], [ 0.182537, 51.312111 ], [ 0.18247, 51.312088 ], [ 0.182402, 51.312065 ], [ 0.182331, 51.312038 ], [ 0.182256, 51.312015 ], [ 0.18218, 51.311996 ], [ 0.182107, 51.311977 ], [ 0.182031, 51.311958 ], [ 0.181958, 51.311935 ], [ 0.181894, 51.311916 ], [ 0.181846, 51.311897 ], [ 0.181807, 51.311882 ], [ 0.181768, 51.311871 ], [ 0.18173, 51.311859 ], [ 0.181696, 51.311848 ], [ 0.181665, 51.311836 ], [ 0.181633, 51.311829 ], [ 0.181574, 51.311813 ], [ 0.181534, 51.311806 ], [ 0.181487, 51.311802 ], [ 0.181434, 51.311783 ], [ 0.181374, 51.311764 ], [ 0.18131, 51.311749 ], [ 0.181247, 51.311733 ], [ 0.181169, 51.311714 ], [ 0.181088, 51.311699 ], [ 0.181006, 51.31168 ], [ 0.180924, 51.311661 ], [ 0.180844, 51.311646 ], [ 0.180757, 51.311623 ], [ 0.180671, 51.3116 ], [ 0.180593, 51.311581 ], [ 0.180516, 51.311562 ], [ 0.180438, 51.311539 ], [ 0.180361, 51.31152 ], [ 0.180284, 51.311501 ], [ 0.180206, 51.311481 ], [ 0.180131, 51.311459 ], [ 0.180054, 51.311439 ], [ 0.179978, 51.311417 ], [ 0.1799, 51.311394 ], [ 0.179822, 51.311378 ], [ 0.179741, 51.311367 ], [ 0.179658, 51.311356 ], [ 0.179573, 51.311348 ], [ 0.179488, 51.31134 ], [ 0.179404, 51.31134 ], [ 0.17932, 51.311344 ], [ 0.179234, 51.311348 ], [ 0.179151, 51.311352 ], [ 0.179068, 51.311356 ], [ 0.178989, 51.311359 ], [ 0.178908, 51.311371 ], [ 0.178822, 51.311378 ], [ 0.178742, 51.31139 ], [ 0.178659, 51.311401 ], [ 0.178577, 51.311413 ], [ 0.178493, 51.311424 ], [ 0.178407, 51.311436 ], [ 0.178318, 51.311443 ], [ 0.17823, 51.311451 ], [ 0.17814, 51.311462 ], [ 0.178051, 51.31147 ], [ 0.177962, 51.311478 ], [ 0.177872, 51.311489 ], [ 0.177782, 51.311501 ], [ 0.177692, 51.311508 ], [ 0.1776, 51.31152 ], [ 0.17751, 51.311531 ], [ 0.177419, 51.311542 ], [ 0.177327, 51.31155 ], [ 0.177237, 51.311562 ], [ 0.177147, 51.311573 ], [ 0.177057, 51.311581 ], [ 0.176965, 51.311588 ], [ 0.176875, 51.311588 ], [ 0.176785, 51.311588 ], [ 0.176695, 51.311588 ], [ 0.176607, 51.311588 ], [ 0.176521, 51.311592 ], [ 0.176434, 51.3116 ], [ 0.176348, 51.311607 ], [ 0.176262, 51.311619 ], [ 0.176179, 51.311638 ], [ 0.176094, 51.311657 ], [ 0.176012, 51.311684 ], [ 0.17593, 51.311707 ], [ 0.175853, 51.311737 ], [ 0.175775, 51.311768 ], [ 0.175696, 51.31179 ], [ 0.175615, 51.311817 ], [ 0.175532, 51.31184 ], [ 0.175444, 51.311863 ], [ 0.175356, 51.311886 ], [ 0.175268, 51.311905 ], [ 0.175178, 51.311928 ], [ 0.175087, 51.311947 ], [ 0.174995, 51.31197 ], [ 0.174904, 51.311989 ], [ 0.174813, 51.312012 ], [ 0.174721, 51.312031 ], [ 0.174626, 51.31205 ], [ 0.174534, 51.312069 ], [ 0.174439, 51.312084 ], [ 0.174343, 51.312099 ], [ 0.17425, 51.312115 ], [ 0.174152, 51.31213 ], [ 0.174055, 51.312141 ], [ 0.173957, 51.312153 ], [ 0.173863, 51.31216 ], [ 0.173761, 51.312168 ], [ 0.173664, 51.312172 ], [ 0.173564, 51.31218 ], [ 0.173466, 51.312183 ], [ 0.17337, 51.312187 ], [ 0.173272, 51.312191 ], [ 0.173174, 51.312195 ], [ 0.173076, 51.312195 ], [ 0.172977, 51.312199 ], [ 0.172879, 51.312206 ], [ 0.172781, 51.312214 ], [ 0.172681, 51.312222 ], [ 0.172581, 51.312229 ], [ 0.172482, 51.312237 ], [ 0.172383, 51.312244 ], [ 0.172283, 51.312252 ], [ 0.172183, 51.31226 ], [ 0.172083, 51.312267 ], [ 0.171983, 51.312271 ], [ 0.171881, 51.312271 ], [ 0.17178, 51.312275 ], [ 0.171679, 51.312279 ], [ 0.171579, 51.312279 ], [ 0.171478, 51.312275 ], [ 0.171378, 51.312271 ], [ 0.171281, 51.312267 ], [ 0.171181, 51.312264 ], [ 0.171079, 51.312256 ], [ 0.170978, 51.312248 ], [ 0.170875, 51.312244 ], [ 0.17077, 51.312233 ], [ 0.170666, 51.312222 ], [ 0.170562, 51.31221 ], [ 0.170457, 51.312195 ], [ 0.170355, 51.312176 ], [ 0.17026, 51.312157 ], [ 0.170171, 51.312134 ], [ 0.170085, 51.312111 ], [ 0.170003, 51.31208 ], [ 0.169927, 51.31205 ], [ 0.169856, 51.312019 ], [ 0.169792, 51.311993 ], [ 0.169733, 51.311962 ], [ 0.169678, 51.311932 ], [ 0.169625, 51.311901 ], [ 0.16957, 51.311867 ], [ 0.16952, 51.311832 ], [ 0.169472, 51.311802 ], [ 0.169426, 51.311771 ], [ 0.169378, 51.311741 ], [ 0.169334, 51.311714 ], [ 0.169287, 51.311691 ], [ 0.169237, 51.311661 ], [ 0.169188, 51.31163 ], [ 0.169139, 51.311607 ], [ 0.169076, 51.311569 ], [ 0.169012, 51.311531 ], [ 0.168945, 51.311493 ], [ 0.168873, 51.311459 ], [ 0.1688, 51.31142 ], [ 0.168725, 51.31139 ], [ 0.168635, 51.311352 ], [ 0.168546, 51.311317 ], [ 0.168458, 51.311287 ], [ 0.168363, 51.311256 ], [ 0.168266, 51.31123 ], [ 0.168172, 51.311207 ], [ 0.168071, 51.311192 ], [ 0.167969, 51.31118 ], [ 0.167872, 51.311169 ], [ 0.167776, 51.311161 ], [ 0.167681, 51.311153 ], [ 0.167588, 51.311146 ], [ 0.167495, 51.311138 ], [ 0.167402, 51.311134 ], [ 0.167309, 51.311134 ], [ 0.16722, 51.311134 ], [ 0.167134, 51.311134 ], [ 0.167044, 51.311131 ], [ 0.166959, 51.311127 ], [ 0.166882, 51.311123 ], [ 0.166802, 51.311115 ], [ 0.166729, 51.311115 ], [ 0.166651, 51.311119 ], [ 0.16658, 51.311123 ], [ 0.166513, 51.311127 ], [ 0.166449, 51.311134 ], [ 0.166388, 51.311142 ], [ 0.16633, 51.31115 ], [ 0.166276, 51.311161 ], [ 0.166224, 51.311169 ], [ 0.166173, 51.311176 ], [ 0.166122, 51.31118 ], [ 0.16607, 51.311184 ], [ 0.166019, 51.311192 ], [ 0.165972, 51.311199 ], [ 0.165923, 51.311207 ], [ 0.165875, 51.311214 ], [ 0.165825, 51.311222 ], [ 0.165777, 51.31123 ], [ 0.165732, 51.311237 ], [ 0.165687, 51.311245 ], [ 0.16564, 51.311245 ], [ 0.165588, 51.311249 ], [ 0.165536, 51.311256 ], [ 0.165486, 51.311268 ], [ 0.165433, 51.311275 ], [ 0.16538, 51.311283 ], [ 0.165324, 51.311298 ], [ 0.165267, 51.311306 ], [ 0.165213, 51.311321 ], [ 0.165155, 51.311329 ], [ 0.165099, 51.311336 ], [ 0.165043, 51.31134 ], [ 0.164987, 51.311344 ], [ 0.164935, 51.311352 ], [ 0.164886, 51.311356 ], [ 0.164838, 51.311363 ], [ 0.16479, 51.311367 ], [ 0.164742, 51.311375 ], [ 0.164692, 51.311382 ], [ 0.164642, 51.311386 ], [ 0.164592, 51.311394 ], [ 0.164542, 51.311397 ], [ 0.164491, 51.311401 ], [ 0.164442, 51.311405 ], [ 0.164396, 51.311409 ], [ 0.164348, 51.311413 ], [ 0.164303, 51.311417 ], [ 0.164257, 51.31142 ], [ 0.16421, 51.311424 ], [ 0.164163, 51.311424 ], [ 0.164115, 51.311428 ], [ 0.164067, 51.311436 ], [ 0.16402, 51.311436 ], [ 0.163971, 51.311439 ], [ 0.163922, 51.311443 ], [ 0.163872, 51.311443 ], [ 0.163826, 51.311447 ], [ 0.16378, 51.311447 ], [ 0.163732, 51.311451 ], [ 0.163684, 51.311451 ], [ 0.163636, 51.311455 ], [ 0.163589, 51.311455 ], [ 0.16354, 51.311451 ], [ 0.163492, 51.311447 ], [ 0.163441, 51.311447 ], [ 0.163393, 51.311447 ], [ 0.163346, 51.311443 ], [ 0.163297, 51.311439 ], [ 0.163245, 51.311436 ], [ 0.163193, 51.311432 ], [ 0.163143, 51.311428 ], [ 0.163094, 51.311424 ], [ 0.163046, 51.311417 ], [ 0.162998, 51.311413 ], [ 0.162947, 51.311405 ], [ 0.162899, 51.311401 ], [ 0.162849, 51.311394 ], [ 0.162799, 51.311386 ], [ 0.162749, 51.311378 ], [ 0.162701, 51.311371 ], [ 0.162651, 51.311363 ], [ 0.162601, 51.311359 ], [ 0.162553, 51.311352 ], [ 0.162502, 51.311348 ], [ 0.162451, 51.31134 ], [ 0.162399, 51.311333 ], [ 0.162347, 51.311325 ], [ 0.162294, 51.311314 ], [ 0.162245, 51.311306 ], [ 0.162196, 51.311298 ], [ 0.162147, 51.311291 ], [ 0.162097, 51.311283 ], [ 0.162044, 51.311275 ], [ 0.161994, 51.311264 ], [ 0.161944, 51.311256 ], [ 0.161894, 51.311245 ], [ 0.161846, 51.311234 ], [ 0.161798, 51.311218 ], [ 0.16175, 51.311207 ], [ 0.161702, 51.311195 ], [ 0.161655, 51.311184 ], [ 0.161606, 51.311169 ], [ 0.161557, 51.311157 ], [ 0.161511, 51.311142 ], [ 0.161468, 51.311127 ], [ 0.161428, 51.311108 ], [ 0.161387, 51.311092 ], [ 0.161346, 51.311073 ], [ 0.161312, 51.311062 ], [ 0.161279, 51.31105 ], [ 0.16125, 51.311035 ], [ 0.161222, 51.311016 ], [ 0.161191, 51.310997 ], [ 0.161162, 51.310982 ], [ 0.161137, 51.310966 ], [ 0.161113, 51.310947 ], [ 0.161089, 51.310917 ], [ 0.161061, 51.310883 ], [ 0.161033, 51.310848 ], [ 0.161008, 51.310814 ], [ 0.160985, 51.31078 ], [ 0.16096, 51.310741 ], [ 0.160934, 51.310703 ], [ 0.160911, 51.310661 ], [ 0.160892, 51.310623 ], [ 0.160872, 51.310581 ], [ 0.160856, 51.310543 ], [ 0.160841, 51.310505 ], [ 0.160828, 51.310467 ], [ 0.160814, 51.310429 ], [ 0.160803, 51.310387 ], [ 0.160793, 51.310345 ], [ 0.160785, 51.310306 ], [ 0.16078, 51.310265 ], [ 0.160774, 51.310226 ], [ 0.16077, 51.310188 ], [ 0.160767, 51.31015 ], [ 0.160764, 51.310108 ], [ 0.160763, 51.31007 ], [ 0.160763, 51.310032 ], [ 0.160765, 51.30999 ], [ 0.160764, 51.309952 ], [ 0.16076, 51.309917 ], [ 0.160755, 51.309887 ], [ 0.16075, 51.309853 ], [ 0.160746, 51.309814 ], [ 0.160743, 51.309776 ], [ 0.160737, 51.309738 ], [ 0.160733, 51.309696 ], [ 0.16073, 51.309654 ], [ 0.160728, 51.30962 ], [ 0.160723, 51.309582 ], [ 0.160716, 51.309544 ], [ 0.160707, 51.309505 ], [ 0.160701, 51.309467 ], [ 0.160696, 51.309429 ], [ 0.160695, 51.309395 ], [ 0.160691, 51.309361 ], [ 0.160686, 51.309326 ], [ 0.160678, 51.309292 ], [ 0.160671, 51.309258 ], [ 0.160664, 51.309216 ], [ 0.160656, 51.309174 ], [ 0.160647, 51.309132 ], [ 0.160639, 51.309086 ], [ 0.160632, 51.309044 ], [ 0.160623, 51.308994 ], [ 0.160612, 51.308945 ], [ 0.160596, 51.308895 ], [ 0.160579, 51.308846 ], [ 0.16056, 51.3088 ], [ 0.160538, 51.308754 ], [ 0.160504, 51.308708 ], [ 0.160451, 51.308681 ], [ 0.16039, 51.30867 ], [ 0.160329, 51.30867 ], [ 0.160266, 51.308674 ], [ 0.160204, 51.308681 ], [ 0.160146, 51.308685 ], [ 0.160084, 51.308701 ], [ 0.16002, 51.308712 ], [ 0.159952, 51.30872 ], [ 0.159886, 51.308727 ], [ 0.159822, 51.308735 ], [ 0.15976, 51.308739 ], [ 0.159698, 51.308746 ], [ 0.159635, 51.308758 ], [ 0.159575, 51.308765 ], [ 0.159514, 51.308777 ], [ 0.15945, 51.308784 ], [ 0.159386, 51.308796 ], [ 0.159324, 51.308804 ], [ 0.159266, 51.308815 ], [ 0.15921, 51.308823 ], [ 0.159156, 51.308834 ], [ 0.159104, 51.308842 ], [ 0.159054, 51.308853 ], [ 0.159007, 51.308861 ], [ 0.158965, 51.308868 ], [ 0.158926, 51.308868 ], [ 0.158888, 51.308865 ], [ 0.158853, 51.308857 ], [ 0.158819, 51.308853 ], [ 0.15879, 51.308849 ], [ 0.158766, 51.308838 ], [ 0.158752, 51.308826 ], [ 0.158745, 51.308819 ], [ 0.158745, 51.308819 ], [ 0.158724, 51.308804 ], [ 0.158709, 51.308792 ], [ 0.158701, 51.308784 ], [ 0.158685, 51.308769 ], [ 0.158669, 51.308739 ], [ 0.158659, 51.308701 ], [ 0.158653, 51.308655 ], [ 0.158649, 51.308601 ], [ 0.158645, 51.308548 ], [ 0.15864, 51.308495 ], [ 0.158631, 51.308433 ], [ 0.158621, 51.308369 ], [ 0.158609, 51.308304 ], [ 0.158594, 51.308235 ], [ 0.158578, 51.308163 ], [ 0.158559, 51.308086 ], [ 0.158534, 51.30801 ], [ 0.158505, 51.30793 ], [ 0.158471, 51.30785 ], [ 0.158434, 51.30777 ], [ 0.158392, 51.307686 ], [ 0.158346, 51.307606 ], [ 0.158296, 51.307522 ], [ 0.158246, 51.307442 ], [ 0.158192, 51.307354 ], [ 0.158129, 51.307266 ], [ 0.158056, 51.307178 ], [ 0.157986, 51.307091 ], [ 0.157915, 51.307003 ], [ 0.15784, 51.306919 ], [ 0.157766, 51.306835 ], [ 0.157691, 51.306751 ], [ 0.157616, 51.306675 ], [ 0.157541, 51.306599 ], [ 0.157463, 51.306522 ], [ 0.157387, 51.30645 ], [ 0.157315, 51.306381 ], [ 0.157235, 51.306305 ], [ 0.15716, 51.306232 ], [ 0.157076, 51.306156 ], [ 0.156994, 51.306084 ], [ 0.156911, 51.306011 ], [ 0.156829, 51.305946 ], [ 0.156746, 51.305878 ], [ 0.156664, 51.305809 ], [ 0.15658, 51.305744 ], [ 0.156497, 51.305675 ], [ 0.156415, 51.305614 ], [ 0.156334, 51.305553 ], [ 0.156251, 51.305496 ], [ 0.156172, 51.305435 ], [ 0.156094, 51.305378 ], [ 0.156015, 51.305321 ], [ 0.15594, 51.305271 ], [ 0.155865, 51.305218 ], [ 0.15579, 51.305168 ], [ 0.155718, 51.305122 ], [ 0.155644, 51.305073 ], [ 0.155568, 51.305023 ], [ 0.155495, 51.304977 ], [ 0.155421, 51.304932 ], [ 0.155345, 51.304886 ], [ 0.155271, 51.304844 ], [ 0.155192, 51.304798 ], [ 0.15512, 51.30476 ], [ 0.155043, 51.304718 ], [ 0.154961, 51.304672 ], [ 0.154883, 51.304634 ], [ 0.154807, 51.304596 ], [ 0.15473, 51.304558 ], [ 0.154655, 51.304523 ], [ 0.154581, 51.304489 ], [ 0.154504, 51.304459 ], [ 0.154426, 51.304424 ], [ 0.154347, 51.30439 ], [ 0.154267, 51.304356 ], [ 0.154186, 51.304325 ], [ 0.154104, 51.304295 ], [ 0.154023, 51.304268 ], [ 0.153939, 51.304237 ], [ 0.153855, 51.304211 ], [ 0.153775, 51.304188 ], [ 0.153696, 51.304161 ], [ 0.153618, 51.304134 ], [ 0.153541, 51.304111 ], [ 0.153464, 51.304092 ], [ 0.153389, 51.304073 ], [ 0.153323, 51.304058 ], [ 0.153264, 51.304039 ], [ 0.153215, 51.304024 ], [ 0.153165, 51.304012 ], [ 0.153118, 51.303997 ], [ 0.153079, 51.303978 ], [ 0.153045, 51.303955 ], [ 0.153012, 51.303925 ], [ 0.152973, 51.303894 ], [ 0.152921, 51.30386 ], [ 0.152858, 51.303837 ], [ 0.152788, 51.303829 ], [ 0.152716, 51.303825 ], [ 0.152647, 51.303822 ], [ 0.152583, 51.303818 ], [ 0.152518, 51.303814 ], [ 0.152452, 51.303799 ], [ 0.15238, 51.303783 ], [ 0.152309, 51.303764 ], [ 0.152241, 51.303738 ], [ 0.152173, 51.303707 ], [ 0.152105, 51.303677 ], [ 0.152034, 51.303638 ], [ 0.151967, 51.303593 ], [ 0.151901, 51.303547 ], [ 0.151838, 51.30349 ], [ 0.151776, 51.303429 ], [ 0.151713, 51.303368 ], [ 0.151646, 51.30331 ], [ 0.151589, 51.303261 ], [ 0.151514, 51.303196 ], [ 0.151432, 51.303127 ], [ 0.151358, 51.303062 ], [ 0.15128, 51.303005 ], [ 0.151193, 51.30294 ], [ 0.151102, 51.302876 ], [ 0.151009, 51.302811 ], [ 0.150914, 51.302753 ], [ 0.150815, 51.302696 ], [ 0.150713, 51.302639 ], [ 0.150615, 51.302586 ], [ 0.150513, 51.302536 ], [ 0.150412, 51.302486 ], [ 0.150315, 51.302437 ], [ 0.150217, 51.302387 ], [ 0.150117, 51.302338 ], [ 0.150016, 51.302296 ], [ 0.149915, 51.302246 ], [ 0.149814, 51.3022 ], [ 0.149712, 51.302158 ], [ 0.149612, 51.302116 ], [ 0.149512, 51.302071 ], [ 0.149415, 51.302029 ], [ 0.149311, 51.301987 ], [ 0.149208, 51.301941 ], [ 0.149105, 51.301903 ], [ 0.149001, 51.301865 ], [ 0.148895, 51.301823 ], [ 0.148787, 51.301784 ], [ 0.148678, 51.301746 ], [ 0.148563, 51.301712 ], [ 0.148445, 51.301674 ], [ 0.148326, 51.30164 ], [ 0.148217, 51.301609 ], [ 0.148109, 51.301579 ], [ 0.148002, 51.301552 ], [ 0.147897, 51.301525 ], [ 0.147787, 51.301498 ], [ 0.14768, 51.301472 ], [ 0.14757, 51.301449 ], [ 0.14746, 51.301422 ], [ 0.147347, 51.301399 ], [ 0.147239, 51.301372 ], [ 0.147131, 51.30135 ], [ 0.147022, 51.301331 ], [ 0.146911, 51.301308 ], [ 0.146801, 51.301285 ], [ 0.146692, 51.301266 ], [ 0.146585, 51.301243 ], [ 0.146478, 51.30122 ], [ 0.146366, 51.301197 ], [ 0.146254, 51.301174 ], [ 0.146141, 51.301147 ], [ 0.146034, 51.301121 ], [ 0.14591, 51.301098 ], [ 0.14579, 51.301071 ], [ 0.145657, 51.301048 ], [ 0.145525, 51.301022 ], [ 0.145396, 51.300995 ], [ 0.145266, 51.300972 ], [ 0.145146, 51.300949 ], [ 0.145035, 51.300922 ], [ 0.144928, 51.300899 ], [ 0.14483, 51.300877 ], [ 0.14474, 51.300857 ], [ 0.14466, 51.300838 ], [ 0.14459, 51.300819 ], [ 0.144519, 51.3008 ], [ 0.144451, 51.300785 ], [ 0.144388, 51.300781 ], [ 0.144337, 51.300789 ], [ 0.1443, 51.300808 ], [ 0.144275, 51.300831 ], [ 0.144249, 51.300854 ], [ 0.14422, 51.300877 ], [ 0.144189, 51.300892 ], [ 0.144158, 51.300896 ], [ 0.144123, 51.300892 ], [ 0.144088, 51.300888 ], [ 0.144053, 51.300884 ], [ 0.144012, 51.30088 ], [ 0.14397, 51.300877 ], [ 0.143931, 51.300873 ], [ 0.143895, 51.300865 ], [ 0.143863, 51.300861 ], [ 0.143834, 51.300857 ], [ 0.143915, 51.300884 ], [ 0.143932, 51.300888 ], [ 0.143949, 51.300892 ], [ 0.143968, 51.300896 ], [ 0.143989, 51.300903 ], [ 0.144011, 51.300911 ], [ 0.144029, 51.300915 ], [ 0.144044, 51.300915 ], [ 0.144057, 51.300919 ], [ 0.144068, 51.300919 ], [ 0.144082, 51.300919 ], [ 0.1441, 51.300922 ], [ 0.144116, 51.300922 ], [ 0.144132, 51.300922 ], [ 0.144149, 51.300926 ], [ 0.144166, 51.300926 ], [ 0.144187, 51.300926 ], [ 0.144211, 51.300922 ], [ 0.144234, 51.300919 ], [ 0.144254, 51.300911 ], [ 0.14427, 51.300903 ], [ 0.144284, 51.300892 ], [ 0.144298, 51.300877 ], [ 0.144309, 51.300865 ], [ 0.144319, 51.300854 ], [ 0.144328, 51.300846 ], [ 0.144335, 51.300838 ], [ 0.144338, 51.300831 ], [ 0.144338, 51.300827 ], [ 0.144338, 51.300823 ], [ 0.144338, 51.300823 ], [ 0.144338, 51.300823 ], [ 0.144338, 51.300823 ], [ 0.144356, 51.300816 ], [ 0.144386, 51.300808 ], [ 0.144426, 51.300808 ], [ 0.144479, 51.300812 ], [ 0.144541, 51.300827 ], [ 0.14461, 51.300846 ], [ 0.144683, 51.300869 ], [ 0.144762, 51.300892 ], [ 0.144846, 51.300911 ], [ 0.144935, 51.30093 ], [ 0.145029, 51.300949 ], [ 0.145127, 51.300968 ], [ 0.145229, 51.300987 ], [ 0.14533, 51.301006 ], [ 0.14543, 51.301025 ], [ 0.145528, 51.301048 ], [ 0.145624, 51.301067 ], [ 0.145717, 51.301086 ], [ 0.145807, 51.301106 ], [ 0.145894, 51.301125 ], [ 0.145981, 51.30114 ], [ 0.146064, 51.301159 ], [ 0.146144, 51.301178 ], [ 0.14622, 51.301197 ], [ 0.146294, 51.301216 ], [ 0.146366, 51.301231 ], [ 0.146437, 51.30125 ], [ 0.146507, 51.301269 ], [ 0.146572, 51.301281 ], [ 0.14664, 51.301296 ], [ 0.146708, 51.301308 ], [ 0.146776, 51.301323 ], [ 0.146846, 51.301338 ], [ 0.146918, 51.301353 ], [ 0.146992, 51.301369 ], [ 0.147068, 51.301384 ], [ 0.147145, 51.301399 ], [ 0.147221, 51.301414 ], [ 0.147297, 51.30143 ], [ 0.147376, 51.301449 ], [ 0.147458, 51.301468 ], [ 0.147538, 51.301483 ], [ 0.147617, 51.301502 ], [ 0.1477, 51.301525 ], [ 0.147783, 51.301544 ], [ 0.147866, 51.301563 ], [ 0.147951, 51.301586 ], [ 0.148038, 51.301605 ], [ 0.148123, 51.301628 ], [ 0.148207, 51.301651 ], [ 0.148292, 51.301674 ], [ 0.148378, 51.301701 ], [ 0.148465, 51.301727 ], [ 0.148553, 51.301758 ], [ 0.148638, 51.301792 ], [ 0.148724, 51.301823 ], [ 0.148811, 51.301853 ], [ 0.148897, 51.301887 ], [ 0.148981, 51.301918 ], [ 0.149065, 51.301952 ], [ 0.149148, 51.301987 ], [ 0.149229, 51.302025 ], [ 0.14931, 51.302059 ], [ 0.14939, 51.302093 ], [ 0.149467, 51.302128 ], [ 0.149542, 51.302158 ], [ 0.149616, 51.302193 ], [ 0.14969, 51.302223 ], [ 0.149766, 51.302258 ], [ 0.149841, 51.302292 ], [ 0.149916, 51.302322 ], [ 0.14999, 51.302361 ], [ 0.150063, 51.302391 ], [ 0.150135, 51.302422 ], [ 0.150208, 51.30246 ], [ 0.150279, 51.30249 ], [ 0.150349, 51.302528 ], [ 0.150418, 51.302559 ], [ 0.150486, 51.302597 ], [ 0.150553, 51.302635 ], [ 0.150621, 51.302673 ], [ 0.150688, 51.302704 ], [ 0.150755, 51.302742 ], [ 0.15082, 51.30278 ], [ 0.150882, 51.302822 ], [ 0.15094, 51.30286 ], [ 0.150998, 51.302902 ], [ 0.151056, 51.302944 ], [ 0.151114, 51.302982 ], [ 0.151173, 51.303024 ], [ 0.15123, 51.303062 ], [ 0.151282, 51.303101 ], [ 0.151334, 51.303142 ], [ 0.151387, 51.303181 ], [ 0.151438, 51.303223 ], [ 0.151488, 51.303261 ], [ 0.151536, 51.303299 ], [ 0.151582, 51.303341 ], [ 0.151629, 51.303383 ], [ 0.151672, 51.303421 ], [ 0.151717, 51.303463 ], [ 0.151762, 51.303501 ], [ 0.151803, 51.303539 ], [ 0.151846, 51.303577 ], [ 0.151892, 51.303616 ], [ 0.151938, 51.30365 ], [ 0.151985, 51.303684 ], [ 0.152031, 51.303711 ], [ 0.152077, 51.303734 ], [ 0.152124, 51.303757 ], [ 0.152169, 51.30378 ], [ 0.152215, 51.303802 ], [ 0.152262, 51.303822 ], [ 0.152314, 51.303844 ], [ 0.152367, 51.303863 ], [ 0.152422, 51.303883 ], [ 0.152474, 51.303898 ], [ 0.152515, 51.303913 ], [ 0.152543, 51.303925 ], [ 0.152561, 51.303932 ], [ 0.152569, 51.30394 ], [ 0.152604, 51.303974 ], [ 0.152614, 51.304001 ], [ 0.152618, 51.304028 ], [ 0.152611, 51.304062 ], [ 0.15259, 51.304096 ], [ 0.152559, 51.304127 ], [ 0.152519, 51.304157 ], [ 0.152475, 51.304192 ], [ 0.152432, 51.30423 ], [ 0.152388, 51.304264 ], [ 0.152341, 51.304298 ], [ 0.152295, 51.304336 ], [ 0.152246, 51.304375 ], [ 0.152198, 51.304417 ], [ 0.152151, 51.304455 ], [ 0.152106, 51.304493 ], [ 0.152062, 51.304531 ], [ 0.152014, 51.304577 ], [ 0.151966, 51.304623 ], [ 0.151921, 51.304665 ], [ 0.151875, 51.304707 ], [ 0.15183, 51.304749 ], [ 0.151789, 51.30479 ], [ 0.151747, 51.304832 ], [ 0.151706, 51.304874 ], [ 0.151667, 51.304913 ], [ 0.151627, 51.304954 ], [ 0.151588, 51.304993 ], [ 0.151554, 51.305035 ], [ 0.151521, 51.305073 ], [ 0.151484, 51.305107 ], [ 0.151446, 51.305145 ], [ 0.15141, 51.305176 ], [ 0.151376, 51.30521 ], [ 0.151344, 51.305241 ], [ 0.151312, 51.305271 ], [ 0.151281, 51.305302 ], [ 0.151249, 51.305332 ], [ 0.151216, 51.305363 ], [ 0.151186, 51.305397 ], [ 0.151157, 51.305428 ], [ 0.151127, 51.305458 ], [ 0.151098, 51.305485 ], [ 0.15107, 51.305515 ], [ 0.151043, 51.305542 ], [ 0.151015, 51.305572 ], [ 0.150987, 51.305599 ], [ 0.150962, 51.305626 ], [ 0.150941, 51.305653 ], [ 0.15092, 51.305679 ], [ 0.150893, 51.305702 ], [ 0.150862, 51.305729 ], [ 0.15083, 51.305756 ], [ 0.150802, 51.305779 ], [ 0.150776, 51.305805 ], [ 0.150748, 51.305832 ], [ 0.150722, 51.305859 ], [ 0.150696, 51.305885 ], [ 0.150669, 51.305912 ], [ 0.150644, 51.305935 ], [ 0.150617, 51.305962 ], [ 0.150593, 51.305984 ], [ 0.15057, 51.306007 ], [ 0.150548, 51.306034 ], [ 0.150529, 51.306061 ], [ 0.150507, 51.306087 ], [ 0.150483, 51.30611 ], [ 0.150461, 51.306133 ], [ 0.150439, 51.306164 ], [ 0.150417, 51.30619 ], [ 0.150392, 51.306221 ], [ 0.150365, 51.306248 ], [ 0.150334, 51.306274 ], [ 0.150302, 51.306297 ], [ 0.15027, 51.30632 ], [ 0.150239, 51.306343 ], [ 0.150211, 51.306366 ], [ 0.15018, 51.306393 ], [ 0.150149, 51.306416 ], [ 0.150117, 51.306442 ], [ 0.150085, 51.306465 ], [ 0.150054, 51.306492 ], [ 0.150021, 51.306515 ], [ 0.149988, 51.306538 ], [ 0.149954, 51.30656 ], [ 0.149921, 51.30658 ], [ 0.149887, 51.306599 ], [ 0.149851, 51.306618 ], [ 0.149816, 51.306633 ], [ 0.14978, 51.306644 ], [ 0.149745, 51.30666 ], [ 0.149707, 51.306667 ], [ 0.149668, 51.306679 ], [ 0.149629, 51.306694 ], [ 0.149591, 51.306705 ], [ 0.149553, 51.306713 ], [ 0.149514, 51.306724 ], [ 0.149474, 51.306732 ], [ 0.149433, 51.30674 ], [ 0.149392, 51.306744 ], [ 0.149355, 51.306751 ], [ 0.149314, 51.306755 ], [ 0.149274, 51.306763 ], [ 0.149236, 51.306766 ], [ 0.149194, 51.306766 ], [ 0.149153, 51.306766 ], [ 0.149112, 51.30677 ], [ 0.14907, 51.30677 ], [ 0.149029, 51.306774 ], [ 0.148988, 51.306778 ], [ 0.148948, 51.306782 ], [ 0.14891, 51.306782 ], [ 0.148872, 51.306786 ], [ 0.148834, 51.306786 ], [ 0.148797, 51.306786 ], [ 0.14876, 51.306789 ], [ 0.148721, 51.306789 ], [ 0.148682, 51.306793 ], [ 0.148644, 51.306793 ], [ 0.148606, 51.306793 ], [ 0.148567, 51.306793 ], [ 0.148529, 51.306793 ], [ 0.148491, 51.306793 ], [ 0.148454, 51.306793 ], [ 0.148415, 51.306793 ], [ 0.148375, 51.306797 ], [ 0.148335, 51.306797 ], [ 0.148292, 51.306797 ], [ 0.148251, 51.306801 ], [ 0.148214, 51.306801 ], [ 0.148175, 51.306801 ], [ 0.148135, 51.306805 ], [ 0.148091, 51.306805 ], [ 0.148047, 51.306805 ], [ 0.148006, 51.306805 ], [ 0.147965, 51.306805 ], [ 0.147925, 51.306805 ], [ 0.147886, 51.306805 ], [ 0.147848, 51.306805 ], [ 0.147809, 51.306808 ], [ 0.147772, 51.306805 ], [ 0.147735, 51.306805 ], [ 0.147696, 51.306801 ], [ 0.147656, 51.306793 ], [ 0.147615, 51.306793 ], [ 0.147572, 51.306789 ], [ 0.14753, 51.306786 ], [ 0.147489, 51.306782 ], [ 0.147448, 51.306778 ], [ 0.147406, 51.306774 ], [ 0.147365, 51.306774 ], [ 0.147323, 51.30677 ], [ 0.14728, 51.30677 ], [ 0.14724, 51.306766 ], [ 0.1472, 51.306766 ], [ 0.14716, 51.306766 ], [ 0.14712, 51.306766 ], [ 0.147078, 51.306763 ], [ 0.147039, 51.306759 ], [ 0.146998, 51.306759 ], [ 0.146953, 51.306755 ], [ 0.146908, 51.306755 ], [ 0.146863, 51.306751 ], [ 0.146816, 51.306747 ], [ 0.146769, 51.306747 ], [ 0.146723, 51.306744 ], [ 0.146676, 51.30674 ], [ 0.146628, 51.306736 ], [ 0.146582, 51.306732 ], [ 0.146535, 51.306728 ], [ 0.146487, 51.306724 ], [ 0.14644, 51.306717 ], [ 0.146393, 51.306713 ], [ 0.146343, 51.306709 ], [ 0.146292, 51.306702 ], [ 0.14624, 51.306698 ], [ 0.14619, 51.306694 ], [ 0.146143, 51.306683 ], [ 0.146097, 51.306675 ], [ 0.146051, 51.306663 ], [ 0.146006, 51.306652 ], [ 0.145961, 51.306644 ], [ 0.145917, 51.306633 ], [ 0.145874, 51.306618 ], [ 0.145831, 51.306606 ], [ 0.145789, 51.306591 ], [ 0.145749, 51.30658 ], [ 0.145707, 51.306564 ], [ 0.145668, 51.306549 ], [ 0.145631, 51.306534 ], [ 0.145594, 51.306522 ], [ 0.145556, 51.306507 ], [ 0.14552, 51.306496 ], [ 0.145484, 51.306484 ], [ 0.145447, 51.306473 ], [ 0.145414, 51.306461 ], [ 0.145381, 51.30645 ], [ 0.145345, 51.306442 ], [ 0.145316, 51.306427 ], [ 0.145291, 51.306416 ], [ 0.145267, 51.3064 ], [ 0.145241, 51.306389 ], [ 0.145212, 51.306374 ], [ 0.145177, 51.306362 ], [ 0.14514, 51.306351 ], [ 0.145103, 51.306343 ], [ 0.145066, 51.306332 ], [ 0.145028, 51.306316 ], [ 0.144992, 51.306305 ], [ 0.144958, 51.30629 ], [ 0.144926, 51.306278 ], [ 0.144892, 51.306267 ], [ 0.144859, 51.306255 ], [ 0.144828, 51.30624 ], [ 0.144796, 51.306229 ], [ 0.144762, 51.306217 ], [ 0.144726, 51.306202 ], [ 0.144688, 51.30619 ], [ 0.144654, 51.306175 ], [ 0.144622, 51.306164 ], [ 0.144589, 51.306156 ], [ 0.144558, 51.306148 ], [ 0.144528, 51.306133 ], [ 0.144493, 51.306122 ], [ 0.144456, 51.30611 ], [ 0.14442, 51.306099 ], [ 0.144385, 51.306087 ], [ 0.14435, 51.306076 ], [ 0.144313, 51.306065 ], [ 0.144277, 51.306053 ], [ 0.144243, 51.306045 ], [ 0.144209, 51.306034 ], [ 0.144177, 51.306026 ], [ 0.144143, 51.306023 ], [ 0.144107, 51.306015 ], [ 0.144073, 51.306007 ], [ 0.144038, 51.306 ], [ 0.144005, 51.305992 ], [ 0.14397, 51.305984 ], [ 0.143936, 51.305981 ], [ 0.143903, 51.305973 ], [ 0.143868, 51.305965 ], [ 0.143833, 51.305958 ], [ 0.143801, 51.30595 ], [ 0.143768, 51.305943 ], [ 0.143736, 51.305935 ], [ 0.143702, 51.305927 ], [ 0.143668, 51.305923 ], [ 0.143633, 51.30592 ], [ 0.143598, 51.305916 ], [ 0.143561, 51.305916 ], [ 0.143521, 51.30592 ], [ 0.143481, 51.30592 ], [ 0.143444, 51.30592 ], [ 0.143407, 51.305916 ], [ 0.143371, 51.30592 ], [ 0.143335, 51.305923 ], [ 0.1433, 51.305923 ], [ 0.143266, 51.305923 ], [ 0.143234, 51.305927 ], [ 0.143201, 51.305931 ], [ 0.143168, 51.305935 ], [ 0.143136, 51.305939 ], [ 0.143103, 51.305943 ], [ 0.143071, 51.305946 ], [ 0.143038, 51.30595 ], [ 0.143003, 51.305958 ], [ 0.142968, 51.305965 ], [ 0.142934, 51.305969 ], [ 0.142902, 51.305977 ], [ 0.142871, 51.305984 ], [ 0.142839, 51.305996 ], [ 0.142807, 51.306004 ], [ 0.142774, 51.306011 ], [ 0.142744, 51.306023 ], [ 0.142712, 51.30603 ], [ 0.142683, 51.306038 ], [ 0.142655, 51.306049 ], [ 0.142626, 51.306061 ], [ 0.142597, 51.306072 ], [ 0.142566, 51.306084 ], [ 0.142539, 51.306099 ], [ 0.142511, 51.306107 ], [ 0.142482, 51.306118 ], [ 0.142453, 51.306129 ], [ 0.142426, 51.306145 ], [ 0.142399, 51.306156 ], [ 0.142373, 51.306171 ], [ 0.142345, 51.306183 ], [ 0.142315, 51.306194 ], [ 0.142286, 51.306206 ], [ 0.142258, 51.306221 ], [ 0.142231, 51.306236 ], [ 0.142207, 51.306252 ], [ 0.142181, 51.306267 ], [ 0.142155, 51.306278 ], [ 0.142131, 51.306293 ], [ 0.142103, 51.306305 ], [ 0.142077, 51.30632 ], [ 0.142054, 51.306335 ], [ 0.142034, 51.306351 ], [ 0.142013, 51.306366 ], [ 0.141994, 51.306381 ], [ 0.141973, 51.306396 ], [ 0.141952, 51.306412 ], [ 0.141931, 51.306427 ], [ 0.141909, 51.306442 ], [ 0.141889, 51.306458 ], [ 0.14187, 51.306473 ], [ 0.141853, 51.306484 ], [ 0.141835, 51.306499 ], [ 0.141816, 51.306511 ], [ 0.141797, 51.306526 ], [ 0.141778, 51.306541 ], [ 0.141761, 51.306557 ], [ 0.141745, 51.306572 ], [ 0.141729, 51.306587 ], [ 0.141712, 51.306602 ], [ 0.141694, 51.306622 ], [ 0.141676, 51.306637 ], [ 0.141661, 51.306656 ], [ 0.141643, 51.306671 ], [ 0.141626, 51.306686 ], [ 0.141609, 51.306705 ], [ 0.14159, 51.306724 ], [ 0.141571, 51.30674 ], [ 0.141552, 51.306759 ], [ 0.141531, 51.306778 ], [ 0.141512, 51.306797 ], [ 0.141492, 51.306816 ], [ 0.141472, 51.306831 ], [ 0.14145, 51.30685 ], [ 0.141426, 51.306869 ], [ 0.141403, 51.306881 ], [ 0.141381, 51.306896 ], [ 0.141361, 51.306911 ], [ 0.141339, 51.306927 ], [ 0.141315, 51.306942 ], [ 0.14129, 51.306957 ], [ 0.141268, 51.306973 ], [ 0.141245, 51.306988 ], [ 0.141221, 51.307003 ], [ 0.141198, 51.307014 ], [ 0.141174, 51.30703 ], [ 0.141147, 51.307045 ], [ 0.141123, 51.307056 ], [ 0.1411, 51.307068 ], [ 0.141075, 51.307087 ], [ 0.14105, 51.307102 ], [ 0.141026, 51.307117 ], [ 0.141002, 51.307133 ], [ 0.140976, 51.307144 ], [ 0.14095, 51.307159 ], [ 0.140923, 51.307175 ], [ 0.140897, 51.307186 ], [ 0.140866, 51.307201 ], [ 0.140836, 51.307213 ], [ 0.140813, 51.307224 ], [ 0.140789, 51.307239 ], [ 0.140761, 51.307251 ], [ 0.140737, 51.307266 ], [ 0.140711, 51.307281 ], [ 0.140685, 51.307297 ], [ 0.14066, 51.307312 ], [ 0.140634, 51.307327 ], [ 0.140607, 51.307342 ], [ 0.140577, 51.307358 ], [ 0.140549, 51.307373 ], [ 0.140524, 51.307388 ], [ 0.1405, 51.307404 ], [ 0.140476, 51.307415 ], [ 0.140449, 51.307426 ], [ 0.140422, 51.307438 ], [ 0.140397, 51.307449 ], [ 0.140373, 51.307465 ], [ 0.14035, 51.30748 ], [ 0.140324, 51.307495 ], [ 0.140295, 51.30751 ], [ 0.140266, 51.307529 ], [ 0.14024, 51.307545 ], [ 0.140216, 51.30756 ], [ 0.140189, 51.307571 ], [ 0.140158, 51.307587 ], [ 0.140127, 51.307602 ], [ 0.140098, 51.307617 ], [ 0.140072, 51.307632 ], [ 0.140045, 51.307648 ], [ 0.140019, 51.307659 ], [ 0.139997, 51.307671 ], [ 0.13998, 51.307686 ], [ 0.139957, 51.307701 ], [ 0.139932, 51.307713 ], [ 0.139908, 51.307728 ], [ 0.139879, 51.307743 ], [ 0.139852, 51.307754 ], [ 0.139826, 51.30777 ], [ 0.1398, 51.307785 ], [ 0.139774, 51.3078 ], [ 0.139749, 51.307816 ], [ 0.139724, 51.307831 ], [ 0.139695, 51.30785 ], [ 0.139666, 51.307865 ], [ 0.139642, 51.30788 ], [ 0.139617, 51.307896 ], [ 0.139591, 51.307911 ], [ 0.139564, 51.307922 ], [ 0.139537, 51.307938 ], [ 0.139508, 51.307953 ], [ 0.139476, 51.307968 ], [ 0.139444, 51.30798 ], [ 0.139412, 51.307995 ], [ 0.139379, 51.30801 ], [ 0.139348, 51.308025 ], [ 0.13932, 51.308041 ], [ 0.139289, 51.30806 ], [ 0.139258, 51.308071 ], [ 0.139228, 51.30809 ], [ 0.139197, 51.308109 ], [ 0.139171, 51.308125 ], [ 0.139144, 51.30814 ], [ 0.139116, 51.308155 ], [ 0.139088, 51.30817 ], [ 0.13906, 51.308186 ], [ 0.139035, 51.308193 ], [ 0.13901, 51.308205 ], [ 0.138982, 51.308216 ], [ 0.138954, 51.308228 ], [ 0.138929, 51.308239 ], [ 0.138904, 51.30825 ], [ 0.13888, 51.308266 ], [ 0.138854, 51.308281 ], [ 0.13883, 51.308296 ], [ 0.138801, 51.308308 ], [ 0.13877, 51.308323 ], [ 0.138738, 51.308342 ], [ 0.138705, 51.308357 ], [ 0.138673, 51.308372 ], [ 0.138641, 51.308392 ], [ 0.138612, 51.308407 ], [ 0.138584, 51.308422 ], [ 0.138556, 51.308437 ], [ 0.138529, 51.308456 ], [ 0.1385, 51.308475 ], [ 0.138474, 51.308495 ], [ 0.138453, 51.30851 ], [ 0.138431, 51.308525 ], [ 0.138399, 51.30854 ], [ 0.138367, 51.308552 ], [ 0.138338, 51.308571 ], [ 0.138308, 51.30859 ], [ 0.13828, 51.308609 ], [ 0.138249, 51.308628 ], [ 0.13822, 51.308643 ], [ 0.138188, 51.308662 ], [ 0.138154, 51.308681 ], [ 0.138121, 51.308697 ], [ 0.138091, 51.308712 ], [ 0.138063, 51.308731 ], [ 0.138033, 51.308746 ], [ 0.138002, 51.308762 ], [ 0.137972, 51.308781 ], [ 0.137942, 51.308804 ], [ 0.137912, 51.308823 ], [ 0.137883, 51.308842 ], [ 0.13785, 51.308861 ], [ 0.137818, 51.30888 ], [ 0.137792, 51.308895 ], [ 0.137766, 51.308914 ], [ 0.137737, 51.308933 ], [ 0.137707, 51.308956 ], [ 0.137679, 51.308979 ], [ 0.137651, 51.309006 ], [ 0.137617, 51.309032 ], [ 0.137581, 51.309055 ], [ 0.137546, 51.309078 ], [ 0.137512, 51.309105 ], [ 0.137478, 51.309132 ], [ 0.137443, 51.309166 ], [ 0.137409, 51.309193 ], [ 0.137375, 51.309223 ], [ 0.137342, 51.30925 ], [ 0.137313, 51.30928 ], [ 0.137286, 51.309307 ], [ 0.13726, 51.309334 ], [ 0.137234, 51.309361 ], [ 0.137205, 51.309391 ], [ 0.137176, 51.309422 ], [ 0.137149, 51.309452 ], [ 0.137121, 51.309483 ], [ 0.137094, 51.309509 ], [ 0.137066, 51.30954 ], [ 0.137037, 51.30957 ], [ 0.137008, 51.309605 ], [ 0.136982, 51.309639 ], [ 0.136956, 51.309673 ], [ 0.136928, 51.309708 ], [ 0.1369, 51.309738 ], [ 0.136875, 51.309772 ], [ 0.13685, 51.309807 ], [ 0.136825, 51.309837 ], [ 0.1368, 51.309868 ], [ 0.136776, 51.309898 ], [ 0.136756, 51.309929 ], [ 0.136737, 51.309959 ], [ 0.136716, 51.309994 ], [ 0.136694, 51.310024 ], [ 0.136673, 51.310055 ], [ 0.136653, 51.310089 ], [ 0.136634, 51.31012 ], [ 0.136615, 51.310154 ], [ 0.136599, 51.310184 ], [ 0.136583, 51.310215 ], [ 0.136568, 51.310245 ], [ 0.136553, 51.310276 ], [ 0.136536, 51.31031 ], [ 0.136521, 51.310337 ], [ 0.136505, 51.310364 ], [ 0.136489, 51.31039 ], [ 0.136477, 51.310413 ], [ 0.136444, 51.310487 ], [ 0.136418, 51.310553 ], [ 0.136392, 51.310619 ], [ 0.136375, 51.310661 ], [ 0.136353, 51.310703 ], [ 0.136328, 51.310753 ], [ 0.136305, 51.310806 ], [ 0.13628, 51.31086 ], [ 0.136253, 51.310913 ], [ 0.136225, 51.310974 ], [ 0.136197, 51.311031 ], [ 0.136172, 51.311089 ], [ 0.136147, 51.311146 ], [ 0.136117, 51.311199 ], [ 0.136087, 51.311253 ], [ 0.136059, 51.31131 ], [ 0.136033, 51.311367 ], [ 0.135999, 51.311432 ], [ 0.135956, 51.311504 ], [ 0.13591, 51.311577 ], [ 0.135866, 51.311646 ], [ 0.135822, 51.311718 ], [ 0.135779, 51.311787 ], [ 0.135734, 51.311859 ], [ 0.13569, 51.311928 ], [ 0.135644, 51.311996 ], [ 0.1356, 51.312069 ], [ 0.135555, 51.312138 ], [ 0.13551, 51.312206 ], [ 0.135463, 51.312279 ], [ 0.135415, 51.312347 ], [ 0.135368, 51.31242 ], [ 0.135322, 51.312492 ], [ 0.135279, 51.312572 ], [ 0.135236, 51.312653 ], [ 0.135201, 51.312729 ], [ 0.135171, 51.312805 ], [ 0.135141, 51.312878 ], [ 0.135103, 51.312958 ], [ 0.13506, 51.313034 ], [ 0.135016, 51.31311 ], [ 0.134973, 51.313187 ], [ 0.134928, 51.313267 ], [ 0.134883, 51.313351 ], [ 0.134839, 51.313431 ], [ 0.134794, 51.313515 ], [ 0.13475, 51.313599 ], [ 0.134709, 51.313679 ], [ 0.134666, 51.313759 ], [ 0.134628, 51.313839 ], [ 0.134586, 51.313927 ], [ 0.134547, 51.314014 ], [ 0.134507, 51.314098 ], [ 0.134466, 51.314186 ], [ 0.134425, 51.31427 ], [ 0.134378, 51.314365 ], [ 0.134331, 51.314453 ], [ 0.13427, 51.314556 ], [ 0.134212, 51.314659 ], [ 0.134151, 51.31477 ], [ 0.134096, 51.314884 ], [ 0.134042, 51.314995 ], [ 0.133976, 51.315109 ], [ 0.133902, 51.315216 ], [ 0.13382, 51.315311 ], [ 0.133719, 51.315395 ], [ 0.133607, 51.31546 ], [ 0.133487, 51.31551 ], [ 0.133359, 51.315552 ], [ 0.133229, 51.31559 ], [ 0.1331, 51.315624 ], [ 0.132972, 51.315662 ], [ 0.132843, 51.315701 ], [ 0.132713, 51.315735 ], [ 0.132585, 51.315777 ], [ 0.132457, 51.315815 ], [ 0.132328, 51.315849 ], [ 0.132192, 51.315884 ], [ 0.132053, 51.31591 ], [ 0.131914, 51.315937 ], [ 0.131762, 51.315968 ], [ 0.131604, 51.315998 ], [ 0.131451, 51.316021 ], [ 0.131309, 51.316044 ], [ 0.131171, 51.316067 ], [ 0.131029, 51.316082 ], [ 0.130892, 51.316093 ], [ 0.130747, 51.316101 ], [ 0.130603, 51.316112 ], [ 0.130462, 51.31612 ], [ 0.13032, 51.316128 ], [ 0.130174, 51.316128 ], [ 0.13003, 51.316128 ], [ 0.129888, 51.316124 ], [ 0.129751, 51.316124 ], [ 0.129617, 51.316128 ], [ 0.129486, 51.316128 ], [ 0.129357, 51.316132 ], [ 0.12923, 51.316135 ], [ 0.129106, 51.316143 ], [ 0.12898, 51.316151 ], [ 0.128856, 51.316166 ], [ 0.128734, 51.316177 ], [ 0.128612, 51.316189 ], [ 0.12849, 51.316196 ], [ 0.12837, 51.316196 ], [ 0.128255, 51.316196 ], [ 0.128142, 51.316196 ], [ 0.128027, 51.316189 ], [ 0.127907, 51.316173 ], [ 0.127785, 51.316154 ], [ 0.127664, 51.316143 ], [ 0.127544, 51.316124 ], [ 0.127431, 51.316105 ], [ 0.127323, 51.316086 ], [ 0.127217, 51.316067 ], [ 0.127108, 51.316048 ], [ 0.127002, 51.316032 ], [ 0.126892, 51.316017 ], [ 0.126776, 51.316006 ], [ 0.12666, 51.315994 ], [ 0.126543, 51.315983 ], [ 0.126426, 51.315971 ], [ 0.126308, 51.315964 ], [ 0.126188, 51.315952 ], [ 0.126071, 51.315941 ], [ 0.125955, 51.315933 ], [ 0.125838, 51.315922 ], [ 0.125718, 51.31591 ], [ 0.125599, 51.315903 ], [ 0.125479, 51.315895 ], [ 0.12536, 51.315887 ], [ 0.125246, 51.315884 ], [ 0.125143, 51.315876 ], [ 0.125046, 51.315865 ], [ 0.12495, 51.315849 ], [ 0.124852, 51.315838 ], [ 0.124746, 51.315826 ], [ 0.124634, 51.315819 ], [ 0.124524, 51.315811 ], [ 0.124423, 51.315804 ], [ 0.124327, 51.315804 ], [ 0.124233, 51.315807 ], [ 0.124144, 51.315804 ], [ 0.124055, 51.3158 ], [ 0.123964, 51.315796 ], [ 0.123873, 51.315792 ], [ 0.123777, 51.315781 ], [ 0.123683, 51.315765 ], [ 0.123599, 51.315746 ], [ 0.12352, 51.315723 ], [ 0.123444, 51.315701 ], [ 0.123367, 51.315678 ], [ 0.123286, 51.315655 ], [ 0.123202, 51.315632 ], [ 0.123119, 51.315613 ], [ 0.12304, 51.31559 ], [ 0.122958, 51.315571 ], [ 0.122872, 51.315548 ], [ 0.122781, 51.315529 ], [ 0.122693, 51.31551 ], [ 0.122607, 51.315487 ], [ 0.122521, 51.315468 ], [ 0.122436, 51.315445 ], [ 0.122354, 51.31543 ], [ 0.122271, 51.315411 ], [ 0.122187, 51.315392 ], [ 0.122101, 51.315372 ], [ 0.122016, 51.31535 ], [ 0.12193, 51.31533 ], [ 0.121843, 51.315304 ], [ 0.121754, 51.315281 ], [ 0.121661, 51.315258 ], [ 0.12157, 51.315239 ], [ 0.121478, 51.31522 ], [ 0.121386, 51.315197 ], [ 0.121294, 51.315174 ], [ 0.121199, 51.315147 ], [ 0.121103, 51.315125 ], [ 0.121009, 51.315102 ], [ 0.120914, 51.315079 ], [ 0.120819, 51.315056 ], [ 0.120724, 51.315033 ], [ 0.12063, 51.31501 ], [ 0.120534, 51.314987 ], [ 0.12044, 51.31496 ], [ 0.120347, 51.314938 ], [ 0.120244, 51.314911 ], [ 0.120138, 51.314888 ], [ 0.120028, 51.314869 ], [ 0.119915, 51.31485 ], [ 0.119803, 51.314831 ], [ 0.119694, 51.314804 ], [ 0.119584, 51.314781 ], [ 0.119473, 51.314754 ], [ 0.11936, 51.314728 ], [ 0.119246, 51.314701 ], [ 0.119133, 51.314678 ], [ 0.119019, 51.314655 ], [ 0.118906, 51.314632 ], [ 0.118795, 51.31461 ], [ 0.118685, 51.31459 ], [ 0.118582, 51.314568 ], [ 0.118481, 51.314541 ], [ 0.11838, 51.314514 ], [ 0.118279, 51.314487 ], [ 0.118184, 51.314461 ], [ 0.118094, 51.31443 ], [ 0.118013, 51.3144 ], [ 0.117937, 51.314365 ], [ 0.117861, 51.314331 ], [ 0.117782, 51.3143 ], [ 0.117703, 51.314266 ], [ 0.117626, 51.314236 ], [ 0.117548, 51.314205 ], [ 0.117474, 51.314171 ], [ 0.117401, 51.314133 ], [ 0.117327, 51.314098 ], [ 0.117251, 51.314064 ], [ 0.117179, 51.314034 ], [ 0.117104, 51.314003 ], [ 0.117027, 51.313976 ], [ 0.116956, 51.31395 ], [ 0.116889, 51.31393 ], [ 0.116819, 51.313911 ], [ 0.116754, 51.313892 ], [ 0.116695, 51.313873 ], [ 0.116636, 51.31385 ], [ 0.116567, 51.313831 ], [ 0.116492, 51.313816 ], [ 0.116418, 51.313797 ], [ 0.11635, 51.313785 ], [ 0.116281, 51.31377 ], [ 0.116214, 51.313755 ], [ 0.116148, 51.313744 ], [ 0.116084, 51.313728 ], [ 0.116023, 51.313717 ], [ 0.115964, 51.313702 ], [ 0.115903, 51.313686 ], [ 0.115852, 51.313671 ], [ 0.115802, 51.313656 ], [ 0.11575, 51.313644 ], [ 0.115694, 51.313629 ], [ 0.115639, 51.313618 ], [ 0.115585, 51.313602 ], [ 0.115532, 51.313595 ], [ 0.115483, 51.313583 ], [ 0.115433, 51.313576 ], [ 0.115382, 51.313564 ], [ 0.115336, 51.313557 ], [ 0.115291, 51.313549 ], [ 0.115244, 51.313541 ], [ 0.115192, 51.31353 ], [ 0.115143, 51.313522 ], [ 0.115096, 51.313519 ], [ 0.11505, 51.313515 ], [ 0.115004, 51.313511 ], [ 0.114954, 51.313503 ], [ 0.114903, 51.313499 ], [ 0.114852, 51.313492 ], [ 0.114806, 51.313488 ], [ 0.114763, 51.31348 ], [ 0.114718, 51.313473 ], [ 0.114674, 51.313461 ], [ 0.114629, 51.31345 ], [ 0.114582, 51.313438 ], [ 0.114535, 51.313431 ], [ 0.114489, 51.313419 ], [ 0.114443, 51.313412 ], [ 0.114398, 51.313404 ], [ 0.114353, 51.313396 ], [ 0.114308, 51.313389 ], [ 0.114264, 51.313377 ], [ 0.114218, 51.31337 ], [ 0.114171, 51.313362 ], [ 0.114125, 51.313354 ], [ 0.114081, 51.313343 ], [ 0.114035, 51.313335 ], [ 0.113991, 51.313324 ], [ 0.113948, 51.313309 ], [ 0.113904, 51.313301 ], [ 0.113858, 51.31329 ], [ 0.113814, 51.313278 ], [ 0.113772, 51.313267 ], [ 0.11373, 51.313255 ], [ 0.113691, 51.313244 ], [ 0.113654, 51.313232 ], [ 0.113616, 51.313217 ], [ 0.113575, 51.313206 ], [ 0.113536, 51.313194 ], [ 0.113499, 51.313183 ], [ 0.113459, 51.313168 ], [ 0.113421, 51.313152 ], [ 0.113385, 51.313141 ], [ 0.113353, 51.313133 ], [ 0.113324, 51.313122 ], [ 0.113297, 51.31311 ], [ 0.113274, 51.313103 ], [ 0.113245, 51.313091 ], [ 0.113212, 51.313076 ], [ 0.113176, 51.313061 ], [ 0.113139, 51.313045 ], [ 0.113099, 51.31303 ], [ 0.113061, 51.313011 ], [ 0.113026, 51.312996 ], [ 0.112989, 51.312973 ], [ 0.112945, 51.312958 ], [ 0.112895, 51.312939 ], [ 0.112832, 51.31292 ], [ 0.112769, 51.312901 ], [ 0.11271, 51.312881 ], [ 0.112653, 51.312859 ], [ 0.112597, 51.312836 ], [ 0.112523, 51.312809 ], [ 0.112447, 51.312786 ], [ 0.112373, 51.312759 ], [ 0.112302, 51.312736 ], [ 0.112241, 51.312725 ], [ 0.112186, 51.312714 ], [ 0.112133, 51.312706 ], [ 0.11208, 51.312702 ], [ 0.112023, 51.312691 ], [ 0.111954, 51.312679 ], [ 0.111879, 51.312668 ], [ 0.111807, 51.312653 ], [ 0.111734, 51.312637 ], [ 0.111662, 51.312622 ], [ 0.11159, 51.312603 ], [ 0.111515, 51.312591 ], [ 0.111436, 51.31258 ], [ 0.111358, 51.312569 ], [ 0.111275, 51.312561 ], [ 0.111193, 51.312553 ], [ 0.111117, 51.312546 ], [ 0.111042, 51.312538 ], [ 0.110964, 51.312538 ], [ 0.110884, 51.312542 ], [ 0.110807, 51.312542 ], [ 0.110734, 51.312546 ], [ 0.110656, 51.312542 ], [ 0.110572, 51.312546 ], [ 0.110492, 51.312546 ], [ 0.110413, 51.312546 ], [ 0.110336, 51.312542 ], [ 0.11026, 51.312534 ], [ 0.110182, 51.312523 ], [ 0.110099, 51.312504 ], [ 0.110021, 51.312485 ], [ 0.109945, 51.312469 ], [ 0.109861, 51.312454 ], [ 0.10977, 51.312439 ], [ 0.109682, 51.312424 ], [ 0.109602, 51.312408 ], [ 0.109526, 51.312393 ], [ 0.109453, 51.312378 ], [ 0.10937, 51.312363 ], [ 0.109284, 51.312347 ], [ 0.109201, 51.312336 ], [ 0.109122, 51.312321 ], [ 0.109046, 51.312302 ], [ 0.108975, 51.312286 ], [ 0.108898, 51.312267 ], [ 0.108813, 51.312252 ], [ 0.108724, 51.312237 ], [ 0.108645, 51.312225 ], [ 0.108561, 51.312206 ], [ 0.10848, 51.312187 ], [ 0.108403, 51.312168 ], [ 0.108335, 51.312149 ], [ 0.108276, 51.312126 ], [ 0.108225, 51.312107 ], [ 0.108177, 51.312092 ], [ 0.108123, 51.312073 ], [ 0.108069, 51.31205 ], [ 0.108015, 51.312023 ], [ 0.107965, 51.311996 ], [ 0.107907, 51.311962 ], [ 0.107859, 51.311935 ], [ 0.107808, 51.311909 ], [ 0.107755, 51.311882 ], [ 0.107702, 51.311851 ], [ 0.10765, 51.311817 ], [ 0.107589, 51.311787 ], [ 0.107519, 51.311764 ], [ 0.10745, 51.311733 ], [ 0.107368, 51.311695 ], [ 0.107284, 51.311661 ], [ 0.107198, 51.31163 ], [ 0.10711, 51.311596 ], [ 0.10703, 51.311565 ], [ 0.106958, 51.311539 ], [ 0.106886, 51.311508 ], [ 0.106815, 51.311478 ], [ 0.106747, 51.311455 ], [ 0.106679, 51.311424 ], [ 0.106615, 51.311394 ], [ 0.106554, 51.311363 ], [ 0.106498, 51.311333 ], [ 0.106449, 51.311302 ], [ 0.106399, 51.311272 ], [ 0.106352, 51.311241 ], [ 0.10629, 51.311211 ], [ 0.106227, 51.311184 ], [ 0.106169, 51.311153 ], [ 0.106109, 51.311123 ], [ 0.10604, 51.311089 ], [ 0.105979, 51.311054 ], [ 0.105924, 51.31102 ], [ 0.105865, 51.310982 ], [ 0.105809, 51.310944 ], [ 0.105754, 51.310902 ], [ 0.105701, 51.310863 ], [ 0.10565, 51.310829 ], [ 0.105605, 51.310795 ], [ 0.105557, 51.31076 ], [ 0.105508, 51.310726 ], [ 0.105461, 51.310692 ], [ 0.105411, 51.310657 ], [ 0.105364, 51.310623 ], [ 0.105322, 51.310585 ], [ 0.105281, 51.310547 ], [ 0.105241, 51.310513 ], [ 0.1052, 51.310478 ], [ 0.10516, 51.310448 ], [ 0.105119, 51.310421 ], [ 0.105077, 51.31039 ], [ 0.105036, 51.310356 ], [ 0.104987, 51.310318 ], [ 0.104931, 51.31028 ], [ 0.10488, 51.310242 ], [ 0.104825, 51.310204 ], [ 0.10477, 51.310169 ], [ 0.104717, 51.310131 ], [ 0.104672, 51.310097 ], [ 0.104634, 51.310066 ], [ 0.104596, 51.310032 ], [ 0.104558, 51.310001 ], [ 0.104516, 51.309963 ], [ 0.104464, 51.309917 ], [ 0.104408, 51.309872 ], [ 0.104355, 51.309826 ], [ 0.104301, 51.309776 ], [ 0.104245, 51.309727 ], [ 0.104187, 51.309685 ], [ 0.104132, 51.309639 ], [ 0.104078, 51.309589 ], [ 0.104026, 51.309544 ], [ 0.103977, 51.309498 ], [ 0.103925, 51.309456 ], [ 0.10387, 51.30941 ], [ 0.103819, 51.309361 ], [ 0.103765, 51.309311 ], [ 0.103712, 51.309265 ], [ 0.103661, 51.309219 ], [ 0.103612, 51.309177 ], [ 0.103567, 51.309135 ], [ 0.103527, 51.309093 ], [ 0.103489, 51.309051 ], [ 0.103453, 51.309017 ], [ 0.103421, 51.308983 ], [ 0.103387, 51.308948 ], [ 0.103348, 51.308926 ], [ 0.103302, 51.308903 ], [ 0.103253, 51.30888 ], [ 0.103206, 51.308861 ], [ 0.103161, 51.308838 ], [ 0.103118, 51.308819 ], [ 0.103076, 51.308811 ], [ 0.103032, 51.308815 ], [ 0.10299, 51.308819 ], [ 0.102942, 51.30883 ], [ 0.102892, 51.308842 ], [ 0.102845, 51.308853 ], [ 0.102809, 51.308861 ], [ 0.102772, 51.308872 ], [ 0.102732, 51.308891 ], [ 0.102686, 51.30891 ], [ 0.102639, 51.308933 ], [ 0.102578, 51.308968 ], [ 0.102505, 51.309002 ], [ 0.102433, 51.309048 ], [ 0.102353, 51.309101 ], [ 0.10227, 51.309151 ], [ 0.102177, 51.309196 ], [ 0.102091, 51.309235 ], [ 0.102019, 51.309273 ], [ 0.101954, 51.309311 ], [ 0.101882, 51.309345 ], [ 0.101797, 51.309376 ], [ 0.1017, 51.309402 ], [ 0.101596, 51.309429 ], [ 0.101492, 51.30946 ], [ 0.101392, 51.309486 ], [ 0.101294, 51.309517 ], [ 0.101179, 51.309555 ], [ 0.101051, 51.309593 ], [ 0.100933, 51.309627 ], [ 0.100816, 51.309662 ], [ 0.100696, 51.3097 ], [ 0.100586, 51.309738 ], [ 0.10048, 51.309784 ], [ 0.100368, 51.309834 ], [ 0.100262, 51.309887 ], [ 0.100163, 51.309948 ], [ 0.100072, 51.310005 ], [ 0.099982, 51.310066 ], [ 0.0999, 51.310127 ], [ 0.099821, 51.310192 ], [ 0.099746, 51.310265 ], [ 0.09967, 51.310337 ], [ 0.099587, 51.310413 ], [ 0.099506, 51.31049 ], [ 0.099426, 51.310562 ], [ 0.099349, 51.31065 ], [ 0.09927, 51.310722 ], [ 0.099183, 51.310791 ], [ 0.099085, 51.31086 ], [ 0.09898, 51.310924 ], [ 0.098871, 51.310993 ], [ 0.09876, 51.311062 ], [ 0.098651, 51.311134 ], [ 0.098548, 51.311207 ], [ 0.09845, 51.311298 ], [ 0.098357, 51.311375 ], [ 0.098268, 51.311439 ], [ 0.098184, 51.311493 ], [ 0.098115, 51.311539 ], [ 0.098058, 51.311573 ], [ 0.098017, 51.311604 ], [ 0.097984, 51.31163 ], [ 0.097957, 51.311653 ], [ 0.097931, 51.311668 ], [ 0.097907, 51.311687 ], [ 0.097887, 51.311707 ], [ 0.097871, 51.311726 ], [ 0.097855, 51.311741 ], [ 0.097836, 51.311756 ], [ 0.097814, 51.311775 ], [ 0.097794, 51.311794 ], [ 0.097774, 51.31181 ], [ 0.097753, 51.311829 ], [ 0.09773, 51.31184 ], [ 0.097705, 51.311859 ], [ 0.097683, 51.311874 ], [ 0.097666, 51.311893 ], [ 0.097651, 51.311909 ], [ 0.097635, 51.311924 ], [ 0.097616, 51.311943 ], [ 0.097594, 51.311954 ], [ 0.097574, 51.311974 ], [ 0.097553, 51.311989 ], [ 0.097529, 51.312008 ], [ 0.097506, 51.312019 ], [ 0.097481, 51.312031 ], [ 0.097456, 51.312042 ], [ 0.09743, 51.312054 ], [ 0.097408, 51.312065 ], [ 0.097386, 51.312077 ], [ 0.097366, 51.312092 ], [ 0.097347, 51.312103 ], [ 0.097328, 51.312115 ], [ 0.097307, 51.312126 ], [ 0.09728, 51.312134 ], [ 0.097251, 51.312141 ], [ 0.097223, 51.312149 ], [ 0.097198, 51.31216 ], [ 0.097173, 51.312168 ], [ 0.097145, 51.31218 ], [ 0.09712, 51.312187 ], [ 0.097097, 51.312195 ], [ 0.097072, 51.312206 ], [ 0.097049, 51.312214 ], [ 0.097026, 51.312222 ], [ 0.097006, 51.312233 ], [ 0.096983, 51.312244 ], [ 0.09696, 51.312252 ], [ 0.096937, 51.31226 ], [ 0.096915, 51.312271 ], [ 0.096891, 51.312279 ], [ 0.096865, 51.312286 ], [ 0.096841, 51.312298 ], [ 0.096819, 51.312305 ], [ 0.096797, 51.312313 ], [ 0.096773, 51.312321 ], [ 0.09675, 51.312328 ], [ 0.096728, 51.31234 ], [ 0.096703, 51.312347 ], [ 0.096675, 51.312355 ], [ 0.096646, 51.312363 ], [ 0.096618, 51.31237 ], [ 0.096588, 51.312378 ], [ 0.096557, 51.312386 ], [ 0.096524, 51.312393 ], [ 0.096491, 51.312405 ], [ 0.096457, 51.312412 ], [ 0.096422, 51.312424 ], [ 0.096388, 51.312431 ], [ 0.096356, 51.312443 ], [ 0.096325, 51.312454 ], [ 0.096293, 51.312462 ], [ 0.096257, 51.312469 ], [ 0.09622, 51.312477 ], [ 0.096184, 51.312489 ], [ 0.096147, 51.312496 ], [ 0.096108, 51.312504 ], [ 0.096069, 51.312511 ], [ 0.096032, 51.312527 ], [ 0.095992, 51.312534 ], [ 0.095952, 51.312542 ], [ 0.095913, 51.31255 ], [ 0.095872, 51.312561 ], [ 0.095832, 51.312572 ], [ 0.095793, 51.312588 ], [ 0.09575, 51.312599 ], [ 0.095707, 51.312611 ], [ 0.095661, 51.312622 ], [ 0.095618, 51.312637 ], [ 0.095573, 51.312649 ], [ 0.095523, 51.312664 ], [ 0.095469, 51.312683 ], [ 0.095414, 51.312698 ], [ 0.09536, 51.312717 ], [ 0.095304, 51.312729 ], [ 0.095249, 51.31274 ], [ 0.095194, 51.312756 ], [ 0.095135, 51.312771 ], [ 0.095078, 51.312786 ], [ 0.095019, 51.312809 ], [ 0.09496, 51.312828 ], [ 0.094898, 51.312855 ], [ 0.094836, 51.312881 ], [ 0.094775, 51.312908 ], [ 0.094715, 51.312935 ], [ 0.094652, 51.312965 ], [ 0.094583, 51.312992 ], [ 0.094514, 51.313023 ], [ 0.094446, 51.313053 ], [ 0.094369, 51.313087 ], [ 0.094289, 51.313118 ], [ 0.09421, 51.313141 ], [ 0.094125, 51.313164 ], [ 0.094037, 51.313187 ], [ 0.093955, 51.313206 ], [ 0.093876, 51.313225 ], [ 0.093792, 51.313244 ], [ 0.093702, 51.313263 ], [ 0.093613, 51.313282 ], [ 0.093513, 51.313313 ], [ 0.093414, 51.313347 ], [ 0.093314, 51.313396 ], [ 0.093218, 51.31345 ], [ 0.093134, 51.313507 ], [ 0.093062, 51.313557 ], [ 0.092995, 51.313602 ], [ 0.092937, 51.313637 ], [ 0.092885, 51.313675 ], [ 0.092832, 51.313709 ], [ 0.09278, 51.313736 ], [ 0.092725, 51.313759 ], [ 0.092666, 51.313782 ], [ 0.092603, 51.313805 ], [ 0.09254, 51.31382 ], [ 0.092477, 51.313839 ], [ 0.092415, 51.313854 ], [ 0.092352, 51.313869 ], [ 0.092288, 51.313885 ], [ 0.092225, 51.3139 ], [ 0.09216, 51.313919 ], [ 0.092096, 51.31393 ], [ 0.092031, 51.313942 ], [ 0.091964, 51.313953 ], [ 0.091897, 51.313969 ], [ 0.091828, 51.313988 ], [ 0.091755, 51.314003 ], [ 0.091681, 51.314018 ], [ 0.091606, 51.314034 ], [ 0.091533, 51.314049 ], [ 0.091453, 51.314068 ], [ 0.091372, 51.314083 ], [ 0.091293, 51.314102 ], [ 0.09121, 51.314125 ], [ 0.091127, 51.314144 ], [ 0.091044, 51.314163 ], [ 0.090958, 51.314182 ], [ 0.090868, 51.314201 ], [ 0.090776, 51.314217 ], [ 0.090685, 51.314232 ], [ 0.090587, 51.314251 ], [ 0.090485, 51.314266 ], [ 0.090382, 51.314281 ], [ 0.090277, 51.314297 ], [ 0.090171, 51.314316 ], [ 0.090067, 51.314331 ], [ 0.089966, 51.314346 ], [ 0.089864, 51.314362 ], [ 0.089759, 51.314373 ], [ 0.089656, 51.314377 ], [ 0.089555, 51.314377 ], [ 0.089464, 51.314373 ], [ 0.089383, 51.314373 ], [ 0.089301, 51.314369 ], [ 0.089221, 51.314373 ], [ 0.089141, 51.314377 ], [ 0.089059, 51.314384 ], [ 0.088976, 51.314392 ], [ 0.088899, 51.314396 ], [ 0.088829, 51.3144 ], [ 0.088762, 51.314403 ], [ 0.088704, 51.314407 ], [ 0.088648, 51.314403 ], [ 0.088594, 51.3144 ], [ 0.088543, 51.314396 ], [ 0.088488, 51.3144 ], [ 0.088421, 51.3144 ], [ 0.088349, 51.3144 ], [ 0.088279, 51.3144 ], [ 0.088207, 51.3144 ], [ 0.088129, 51.3144 ], [ 0.088055, 51.314396 ], [ 0.087991, 51.314396 ], [ 0.087929, 51.314392 ], [ 0.087865, 51.314388 ], [ 0.087796, 51.314384 ], [ 0.087722, 51.314384 ], [ 0.087645, 51.314388 ], [ 0.087579, 51.314392 ], [ 0.087519, 51.314396 ], [ 0.087459, 51.314407 ], [ 0.087395, 51.314419 ], [ 0.08733, 51.31443 ], [ 0.087262, 51.314442 ], [ 0.08719, 51.314461 ], [ 0.087109, 51.314476 ], [ 0.087022, 51.314484 ], [ 0.086938, 51.314499 ], [ 0.086832, 51.314522 ], [ 0.086726, 51.314545 ], [ 0.086612, 51.314575 ], [ 0.086509, 51.314606 ], [ 0.086422, 51.314636 ], [ 0.086329, 51.314678 ], [ 0.086246, 51.31472 ], [ 0.086172, 51.314777 ], [ 0.086096, 51.314838 ], [ 0.086017, 51.314903 ], [ 0.085949, 51.314968 ], [ 0.085862, 51.315029 ], [ 0.085788, 51.31509 ], [ 0.085713, 51.315163 ], [ 0.085635, 51.315239 ], [ 0.085573, 51.315323 ], [ 0.085519, 51.315407 ], [ 0.085465, 51.315487 ], [ 0.085418, 51.315567 ], [ 0.085379, 51.315651 ], [ 0.085355, 51.315742 ], [ 0.08533, 51.31583 ], [ 0.085299, 51.315926 ], [ 0.085259, 51.316013 ], [ 0.085221, 51.316109 ], [ 0.085194, 51.316204 ], [ 0.085174, 51.316296 ], [ 0.085158, 51.316383 ], [ 0.085145, 51.316471 ], [ 0.085134, 51.316555 ], [ 0.085132, 51.316631 ], [ 0.085141, 51.316704 ], [ 0.085159, 51.316772 ], [ 0.085177, 51.316833 ], [ 0.085192, 51.316883 ], [ 0.085198, 51.316933 ], [ 0.085191, 51.316975 ], [ 0.085174, 51.317009 ], [ 0.085144, 51.317036 ], [ 0.085111, 51.317062 ], [ 0.085074, 51.317089 ], [ 0.085033, 51.317112 ], [ 0.084994, 51.317135 ], [ 0.084956, 51.317154 ], [ 0.084917, 51.317169 ], [ 0.084878, 51.317184 ], [ 0.084838, 51.317203 ], [ 0.084799, 51.317223 ], [ 0.084759, 51.317238 ], [ 0.084717, 51.317253 ], [ 0.084676, 51.317268 ], [ 0.084635, 51.317284 ], [ 0.084593, 51.317299 ], [ 0.084553, 51.31731 ], [ 0.084513, 51.317326 ], [ 0.084472, 51.317337 ], [ 0.08443, 51.317348 ], [ 0.084385, 51.31736 ], [ 0.084337, 51.317371 ], [ 0.084293, 51.317387 ], [ 0.08425, 51.317398 ], [ 0.084206, 51.317413 ], [ 0.084159, 51.317429 ], [ 0.084112, 51.31744 ], [ 0.084058, 51.317455 ], [ 0.083998, 51.317471 ], [ 0.083937, 51.317482 ], [ 0.083874, 51.317497 ], [ 0.083811, 51.317509 ], [ 0.083747, 51.31752 ], [ 0.083696, 51.317532 ], [ 0.083657, 51.317539 ], [ 0.083621, 51.317547 ], [ 0.083588, 51.317551 ], [ 0.083558, 51.317554 ], [ 0.08353, 51.317558 ], [ 0.0835, 51.317558 ], [ 0.083469, 51.317558 ], [ 0.083438, 51.317562 ], [ 0.083411, 51.317566 ], [ 0.083383, 51.317566 ], [ 0.083355, 51.31757 ], [ 0.083325, 51.31757 ], [ 0.083294, 51.317574 ], [ 0.083261, 51.317574 ], [ 0.083226, 51.317577 ], [ 0.083188, 51.317577 ], [ 0.083143, 51.317577 ], [ 0.083095, 51.317581 ], [ 0.083042, 51.317577 ], [ 0.082988, 51.317577 ], [ 0.082933, 51.317577 ], [ 0.082873, 51.317574 ], [ 0.082813, 51.317574 ], [ 0.082752, 51.31757 ], [ 0.082689, 51.317566 ], [ 0.082627, 51.317562 ], [ 0.082562, 51.317554 ], [ 0.082494, 51.317547 ], [ 0.082427, 51.317543 ], [ 0.08236, 51.317535 ], [ 0.082291, 51.317524 ], [ 0.082222, 51.317516 ], [ 0.082153, 51.317513 ], [ 0.082085, 51.317505 ], [ 0.082018, 51.317501 ], [ 0.081951, 51.317497 ], [ 0.081881, 51.31749 ], [ 0.08181, 51.317486 ], [ 0.081742, 51.317482 ], [ 0.081675, 51.317478 ], [ 0.081607, 51.317478 ], [ 0.081537, 51.317474 ], [ 0.08147, 51.317471 ], [ 0.081402, 51.317467 ], [ 0.081332, 51.317463 ], [ 0.081262, 51.317451 ], [ 0.081189, 51.317444 ], [ 0.081114, 51.317436 ], [ 0.081038, 51.317429 ], [ 0.080962, 51.317421 ], [ 0.080882, 51.317417 ], [ 0.080801, 51.317406 ], [ 0.080722, 51.317394 ], [ 0.080641, 51.317383 ], [ 0.080562, 51.317371 ], [ 0.080485, 51.31736 ], [ 0.080406, 51.317345 ], [ 0.080327, 51.317333 ], [ 0.08025, 51.317318 ], [ 0.080171, 51.317306 ], [ 0.080091, 51.317295 ], [ 0.080012, 51.317284 ], [ 0.079934, 51.317272 ], [ 0.079856, 51.317261 ], [ 0.079782, 51.317249 ], [ 0.079713, 51.317238 ], [ 0.079644, 51.31723 ], [ 0.079579, 51.317219 ], [ 0.079513, 51.317211 ], [ 0.079446, 51.3172 ], [ 0.07938, 51.317184 ], [ 0.079316, 51.317165 ], [ 0.079254, 51.317146 ], [ 0.079199, 51.317116 ], [ 0.079149, 51.317089 ], [ 0.079103, 51.317062 ], [ 0.07905, 51.317036 ], [ 0.078992, 51.317013 ], [ 0.078926, 51.31699 ], [ 0.078855, 51.316967 ], [ 0.078789, 51.316948 ], [ 0.078724, 51.316929 ], [ 0.078661, 51.316906 ], [ 0.078595, 51.316887 ], [ 0.078527, 51.316868 ], [ 0.078451, 51.316849 ], [ 0.078376, 51.31683 ], [ 0.078307, 51.316814 ], [ 0.078228, 51.316795 ], [ 0.078152, 51.316776 ], [ 0.078081, 51.31675 ], [ 0.078005, 51.316727 ], [ 0.077926, 51.316704 ], [ 0.077833, 51.316681 ], [ 0.077739, 51.316654 ], [ 0.077651, 51.316627 ], [ 0.077564, 51.316605 ], [ 0.077473, 51.316582 ], [ 0.077384, 51.316559 ], [ 0.077299, 51.31654 ], [ 0.077209, 51.316517 ], [ 0.077119, 51.316498 ], [ 0.077031, 51.316479 ], [ 0.076948, 51.316456 ], [ 0.076862, 51.316433 ], [ 0.07677, 51.316414 ], [ 0.076677, 51.316391 ], [ 0.076583, 51.316368 ], [ 0.076491, 51.316349 ], [ 0.076396, 51.316334 ], [ 0.076294, 51.316315 ], [ 0.076195, 51.316292 ], [ 0.076099, 51.316269 ], [ 0.076007, 51.316254 ], [ 0.075914, 51.316238 ], [ 0.075824, 51.316219 ], [ 0.075741, 51.3162 ], [ 0.075658, 51.316185 ], [ 0.07558, 51.31617 ], [ 0.075508, 51.316151 ], [ 0.075443, 51.316132 ], [ 0.075381, 51.316105 ], [ 0.075326, 51.316082 ], [ 0.075284, 51.316059 ], [ 0.075242, 51.31604 ], [ 0.0752, 51.316025 ], [ 0.075158, 51.316009 ], [ 0.075117, 51.315994 ], [ 0.075078, 51.315983 ], [ 0.075044, 51.315975 ], [ 0.075015, 51.315968 ], [ 0.074984, 51.315964 ], [ 0.074951, 51.315968 ], [ 0.074921, 51.315975 ], [ 0.07489, 51.31599 ], [ 0.074862, 51.316009 ], [ 0.074833, 51.316029 ], [ 0.074806, 51.316048 ], [ 0.074778, 51.316067 ], [ 0.074751, 51.316086 ], [ 0.07472, 51.316109 ], [ 0.074692, 51.316132 ], [ 0.074667, 51.316154 ], [ 0.074648, 51.316181 ], [ 0.074633, 51.316208 ], [ 0.074615, 51.316231 ], [ 0.074594, 51.316257 ], [ 0.074569, 51.316284 ], [ 0.074542, 51.316311 ], [ 0.074513, 51.316334 ], [ 0.074481, 51.316364 ], [ 0.074454, 51.316387 ], [ 0.07443, 51.316414 ], [ 0.07441, 51.316437 ], [ 0.074391, 51.316456 ], [ 0.074371, 51.316475 ], [ 0.074351, 51.316498 ], [ 0.074331, 51.316517 ], [ 0.074309, 51.31654 ], [ 0.074288, 51.316566 ], [ 0.074268, 51.316597 ], [ 0.07425, 51.316627 ], [ 0.074234, 51.316662 ], [ 0.074222, 51.3167 ], [ 0.074211, 51.316742 ], [ 0.074202, 51.31678 ], [ 0.074193, 51.316822 ], [ 0.074182, 51.316868 ], [ 0.074169, 51.316914 ], [ 0.074157, 51.316959 ], [ 0.074144, 51.317005 ], [ 0.074128, 51.317055 ], [ 0.074113, 51.317101 ], [ 0.074101, 51.317142 ], [ 0.074093, 51.317184 ], [ 0.074085, 51.317223 ], [ 0.074079, 51.317261 ], [ 0.074073, 51.317299 ], [ 0.074068, 51.317337 ], [ 0.07406, 51.317375 ], [ 0.07405, 51.317413 ], [ 0.074041, 51.317455 ], [ 0.074036, 51.317497 ], [ 0.074029, 51.317539 ], [ 0.074016, 51.317581 ], [ 0.074, 51.317623 ], [ 0.073983, 51.317669 ], [ 0.073961, 51.317715 ], [ 0.073934, 51.31776 ], [ 0.073901, 51.31781 ], [ 0.073864, 51.317852 ], [ 0.073825, 51.317898 ], [ 0.073783, 51.317944 ], [ 0.07374, 51.317993 ], [ 0.073694, 51.318043 ], [ 0.073645, 51.318092 ], [ 0.073592, 51.318142 ], [ 0.073535, 51.318192 ], [ 0.073476, 51.318241 ], [ 0.073418, 51.318287 ], [ 0.073356, 51.318333 ], [ 0.073288, 51.318375 ], [ 0.073214, 51.318413 ], [ 0.073138, 51.318455 ], [ 0.07306, 51.318497 ], [ 0.072981, 51.318542 ], [ 0.072901, 51.318588 ], [ 0.072819, 51.31863 ], [ 0.072742, 51.318668 ], [ 0.072669, 51.31871 ], [ 0.072597, 51.318748 ], [ 0.072526, 51.318787 ], [ 0.072454, 51.318821 ], [ 0.072379, 51.318855 ], [ 0.072304, 51.318893 ], [ 0.072226, 51.318935 ], [ 0.072143, 51.318974 ], [ 0.07206, 51.319012 ], [ 0.071976, 51.319054 ], [ 0.071892, 51.319096 ], [ 0.071811, 51.319138 ], [ 0.071725, 51.319183 ], [ 0.071636, 51.319229 ], [ 0.071549, 51.319279 ], [ 0.071458, 51.319332 ], [ 0.071368, 51.319389 ], [ 0.071282, 51.319447 ], [ 0.071202, 51.319508 ], [ 0.071129, 51.319572 ], [ 0.071053, 51.319633 ], [ 0.070984, 51.319702 ], [ 0.070935, 51.319771 ], [ 0.070907, 51.319839 ], [ 0.070888, 51.319908 ], [ 0.070876, 51.319973 ], [ 0.070872, 51.320038 ], [ 0.070872, 51.320099 ], [ 0.070874, 51.320156 ], [ 0.070881, 51.320206 ], [ 0.070893, 51.320255 ], [ 0.070903, 51.32029 ], [ 0.070907, 51.320316 ], [ 0.070907, 51.320339 ], [ 0.070902, 51.320358 ], [ 0.070902, 51.320431 ], [ 0.070893, 51.320461 ], [ 0.070874, 51.32048 ], [ 0.070855, 51.320507 ], [ 0.070839, 51.320538 ], [ 0.070831, 51.320568 ], [ 0.070829, 51.320599 ], [ 0.070828, 51.320633 ], [ 0.070824, 51.320667 ], [ 0.070813, 51.320705 ], [ 0.070799, 51.320744 ], [ 0.070781, 51.320782 ], [ 0.070758, 51.320812 ], [ 0.070728, 51.320839 ], [ 0.070685, 51.320862 ], [ 0.07063, 51.320885 ], [ 0.070573, 51.320908 ], [ 0.070513, 51.320923 ], [ 0.070453, 51.320946 ], [ 0.070389, 51.320972 ], [ 0.070326, 51.321003 ], [ 0.070271, 51.321049 ], [ 0.070217, 51.321095 ], [ 0.070166, 51.321148 ], [ 0.07011, 51.321201 ], [ 0.070056, 51.321251 ], [ 0.070002, 51.321308 ], [ 0.069946, 51.321369 ], [ 0.069887, 51.321434 ], [ 0.069823, 51.321503 ], [ 0.069755, 51.321579 ], [ 0.069674, 51.321663 ], [ 0.069591, 51.321747 ], [ 0.069507, 51.321831 ], [ 0.069419, 51.321915 ], [ 0.06933, 51.322002 ], [ 0.069241, 51.322094 ], [ 0.069152, 51.322185 ], [ 0.069062, 51.322277 ], [ 0.068974, 51.322369 ], [ 0.068887, 51.32246 ], [ 0.068793, 51.322552 ], [ 0.068697, 51.322647 ], [ 0.068599, 51.322746 ], [ 0.068502, 51.322842 ], [ 0.068406, 51.322941 ], [ 0.068312, 51.323032 ], [ 0.068217, 51.323128 ], [ 0.068121, 51.323223 ], [ 0.068023, 51.323318 ], [ 0.067921, 51.32341 ], [ 0.067815, 51.323509 ], [ 0.067715, 51.323601 ], [ 0.067615, 51.323692 ], [ 0.067514, 51.323788 ], [ 0.067413, 51.323879 ], [ 0.067313, 51.323967 ], [ 0.067218, 51.324059 ], [ 0.067127, 51.32415 ], [ 0.067037, 51.324242 ], [ 0.066948, 51.324326 ], [ 0.066863, 51.324409 ], [ 0.06678, 51.324486 ], [ 0.066701, 51.324566 ], [ 0.066627, 51.324642 ], [ 0.066558, 51.32473 ], [ 0.066499, 51.324814 ], [ 0.066447, 51.324898 ], [ 0.066392, 51.324982 ], [ 0.066333, 51.325073 ], [ 0.066268, 51.325157 ], [ 0.066196, 51.325245 ], [ 0.066121, 51.325329 ], [ 0.066047, 51.325405 ], [ 0.065965, 51.325478 ], [ 0.06587, 51.325542 ], [ 0.065765, 51.3256 ], [ 0.065655, 51.325649 ], [ 0.065545, 51.325687 ], [ 0.065443, 51.325722 ], [ 0.065348, 51.325764 ], [ 0.065261, 51.325802 ], [ 0.065182, 51.325832 ], [ 0.065103, 51.325863 ], [ 0.065025, 51.325897 ], [ 0.064954, 51.325928 ], [ 0.064895, 51.325951 ], [ 0.064842, 51.325977 ], [ 0.064791, 51.326 ], [ 0.064734, 51.326027 ], [ 0.064678, 51.32605 ], [ 0.064625, 51.326061 ], [ 0.064564, 51.326076 ], [ 0.064499, 51.326092 ], [ 0.06443, 51.326103 ], [ 0.064362, 51.326111 ], [ 0.064301, 51.326115 ], [ 0.064248, 51.326118 ], [ 0.064198, 51.326122 ], [ 0.064151, 51.32613 ], [ 0.064101, 51.32613 ], [ 0.064054, 51.326126 ], [ 0.064009, 51.326122 ], [ 0.063966, 51.326115 ], [ 0.063923, 51.326111 ], [ 0.063878, 51.326111 ], [ 0.063833, 51.326111 ], [ 0.063793, 51.326115 ], [ 0.063758, 51.326115 ], [ 0.063724, 51.326115 ], [ 0.063686, 51.326118 ], [ 0.063646, 51.326122 ], [ 0.063609, 51.326126 ], [ 0.063572, 51.326122 ], [ 0.063535, 51.326122 ], [ 0.063499, 51.326122 ], [ 0.06346, 51.326122 ], [ 0.063417, 51.326126 ], [ 0.063374, 51.326134 ], [ 0.063339, 51.326141 ], [ 0.063308, 51.326153 ], [ 0.063281, 51.326168 ], [ 0.063252, 51.326183 ], [ 0.063226, 51.326195 ], [ 0.063208, 51.326206 ], [ 0.063187, 51.326218 ], [ 0.063164, 51.326233 ], [ 0.063149, 51.326248 ], [ 0.063132, 51.326267 ], [ 0.063115, 51.32629 ], [ 0.063096, 51.326309 ], [ 0.063078, 51.326328 ], [ 0.063061, 51.326347 ], [ 0.063046, 51.32637 ], [ 0.063035, 51.326389 ], [ 0.063022, 51.326412 ], [ 0.063011, 51.326431 ], [ 0.063007, 51.32645 ], [ 0.063003, 51.326473 ], [ 0.063, 51.326492 ], [ 0.062999, 51.326511 ], [ 0.062994, 51.32653 ], [ 0.062992, 51.32655 ], [ 0.062992, 51.326565 ], [ 0.062993, 51.326584 ], [ 0.062993, 51.326607 ], [ 0.062995, 51.32663 ], [ 0.062996, 51.326652 ], [ 0.063, 51.326672 ], [ 0.062998, 51.326698 ], [ 0.062997, 51.326725 ], [ 0.062998, 51.326748 ], [ 0.062998, 51.326771 ], [ 0.062996, 51.326797 ], [ 0.062993, 51.326824 ], [ 0.062989, 51.326858 ], [ 0.062986, 51.326889 ], [ 0.062983, 51.326916 ], [ 0.062977, 51.326939 ], [ 0.062967, 51.326965 ], [ 0.06296, 51.326992 ], [ 0.062955, 51.327015 ], [ 0.062952, 51.327034 ], [ 0.062952, 51.327057 ], [ 0.062952, 51.327076 ], [ 0.062949, 51.327091 ], [ 0.062947, 51.32711 ], [ 0.062943, 51.327129 ], [ 0.062939, 51.327148 ], [ 0.062935, 51.327175 ], [ 0.062929, 51.327198 ], [ 0.062924, 51.327217 ], [ 0.062925, 51.32724 ], [ 0.062923, 51.32727 ], [ 0.062916, 51.327297 ], [ 0.062907, 51.32732 ], [ 0.062894, 51.327354 ], [ 0.062884, 51.327381 ], [ 0.062874, 51.327404 ], [ 0.06287, 51.327427 ], [ 0.062865, 51.32745 ], [ 0.062862, 51.327465 ], [ 0.062856, 51.32748 ], [ 0.062846, 51.327499 ], [ 0.06284, 51.327518 ], [ 0.062834, 51.327538 ], [ 0.062826, 51.327557 ], [ 0.062821, 51.327568 ], [ 0.062818, 51.327583 ], [ 0.062815, 51.327602 ], [ 0.062814, 51.327618 ], [ 0.062812, 51.327633 ], [ 0.062808, 51.327648 ], [ 0.062803, 51.32766 ], [ 0.0628, 51.327671 ], [ 0.062798, 51.327686 ], [ 0.062793, 51.327705 ], [ 0.062786, 51.327724 ], [ 0.062783, 51.327732 ], [ 0.062781, 51.327751 ], [ 0.062779, 51.327763 ], [ 0.062778, 51.327766 ], [ 0.062764, 51.327785 ], [ 0.062755, 51.327805 ], [ 0.062747, 51.327824 ], [ 0.062744, 51.327846 ], [ 0.06274, 51.327869 ], [ 0.062734, 51.327885 ], [ 0.062729, 51.327896 ], [ 0.062721, 51.327915 ], [ 0.062718, 51.327919 ], [ 0.062693, 51.327961 ], [ 0.06267, 51.327995 ], [ 0.06266, 51.328018 ], [ 0.062648, 51.328037 ], [ 0.062629, 51.328064 ], [ 0.062614, 51.328087 ], [ 0.062602, 51.32811 ], [ 0.062585, 51.328129 ], [ 0.062569, 51.328148 ], [ 0.062551, 51.328163 ], [ 0.062537, 51.328175 ], [ 0.062521, 51.328186 ], [ 0.062504, 51.328201 ], [ 0.062488, 51.328213 ], [ 0.062471, 51.328228 ], [ 0.062455, 51.328243 ], [ 0.062442, 51.328262 ], [ 0.062429, 51.328278 ], [ 0.06241, 51.328293 ], [ 0.062393, 51.328304 ], [ 0.062378, 51.32832 ], [ 0.06236, 51.328335 ], [ 0.062342, 51.328346 ], [ 0.062324, 51.328361 ], [ 0.062307, 51.328377 ], [ 0.06229, 51.328392 ], [ 0.062269, 51.328411 ], [ 0.06225, 51.328426 ], [ 0.062232, 51.328442 ], [ 0.062212, 51.328457 ], [ 0.062196, 51.328476 ], [ 0.062183, 51.328491 ], [ 0.062172, 51.32851 ], [ 0.062162, 51.328529 ], [ 0.062156, 51.328548 ], [ 0.062147, 51.328567 ], [ 0.062131, 51.328587 ], [ 0.062121, 51.328606 ], [ 0.06211, 51.328625 ], [ 0.062092, 51.328636 ], [ 0.062072, 51.328655 ], [ 0.062055, 51.328678 ], [ 0.062031, 51.328701 ], [ 0.062015, 51.32872 ], [ 0.062006, 51.328732 ], [ 0.061996, 51.328747 ], [ 0.061986, 51.328766 ], [ 0.061974, 51.328789 ], [ 0.061963, 51.328808 ], [ 0.061955, 51.328823 ], [ 0.061949, 51.328842 ], [ 0.061941, 51.328857 ], [ 0.061935, 51.328873 ], [ 0.06193, 51.328892 ], [ 0.061926, 51.328911 ], [ 0.061923, 51.328926 ], [ 0.061918, 51.328941 ], [ 0.061912, 51.328953 ], [ 0.061904, 51.328972 ], [ 0.061892, 51.328995 ], [ 0.061876, 51.32901 ], [ 0.061864, 51.329025 ], [ 0.061854, 51.329044 ], [ 0.061849, 51.32906 ], [ 0.061839, 51.329079 ], [ 0.061829, 51.329098 ], [ 0.061816, 51.329117 ], [ 0.061805, 51.329136 ], [ 0.061793, 51.329155 ], [ 0.061779, 51.329174 ], [ 0.061763, 51.329197 ], [ 0.061746, 51.32922 ], [ 0.06173, 51.329243 ], [ 0.061714, 51.329262 ], [ 0.061696, 51.329281 ], [ 0.061679, 51.329296 ], [ 0.061665, 51.329311 ], [ 0.06165, 51.329327 ], [ 0.061632, 51.329346 ], [ 0.061615, 51.329365 ], [ 0.061594, 51.329384 ], [ 0.061576, 51.329403 ], [ 0.061562, 51.329426 ], [ 0.061551, 51.329445 ], [ 0.061542, 51.329468 ], [ 0.061532, 51.329487 ], [ 0.061522, 51.329506 ], [ 0.061508, 51.329525 ], [ 0.061491, 51.329552 ], [ 0.061475, 51.329578 ], [ 0.061464, 51.329601 ], [ 0.061457, 51.32962 ], [ 0.061448, 51.329651 ], [ 0.061435, 51.329681 ], [ 0.061422, 51.329712 ], [ 0.061409, 51.329742 ], [ 0.0614, 51.329765 ], [ 0.061396, 51.329784 ], [ 0.06139, 51.329803 ], [ 0.061387, 51.329826 ], [ 0.061385, 51.329849 ], [ 0.061381, 51.329872 ], [ 0.061375, 51.329899 ], [ 0.061371, 51.329929 ], [ 0.061366, 51.329956 ], [ 0.061365, 51.329987 ], [ 0.061366, 51.330013 ], [ 0.061367, 51.330036 ], [ 0.061369, 51.330059 ], [ 0.061374, 51.33009 ], [ 0.061376, 51.330112 ], [ 0.061375, 51.330139 ], [ 0.061371, 51.330166 ], [ 0.061365, 51.330193 ], [ 0.061362, 51.330212 ], [ 0.061359, 51.330231 ], [ 0.061351, 51.330254 ], [ 0.061347, 51.330261 ], [ 0.061348, 51.330269 ], [ 0.061348, 51.330269 ], [ 0.061348, 51.330269 ], [ 0.061348, 51.330269 ], [ 0.061348, 51.330269 ], [ 0.061348, 51.330269 ], [ 0.061348, 51.330269 ], [ 0.061399, 51.330376 ], [ 0.061415, 51.330402 ], [ 0.061431, 51.330433 ], [ 0.061446, 51.330467 ], [ 0.061457, 51.330502 ], [ 0.061464, 51.330536 ], [ 0.061466, 51.33057 ], [ 0.061463, 51.330608 ], [ 0.061455, 51.330643 ], [ 0.061447, 51.330688 ], [ 0.061435, 51.33073 ], [ 0.061421, 51.330769 ], [ 0.061405, 51.330807 ], [ 0.061388, 51.330849 ], [ 0.061364, 51.330887 ], [ 0.061336, 51.330921 ], [ 0.061308, 51.330955 ], [ 0.061288, 51.330994 ], [ 0.061269, 51.331039 ], [ 0.061251, 51.331081 ], [ 0.061234, 51.33112 ], [ 0.061209, 51.331165 ], [ 0.061184, 51.331215 ], [ 0.061165, 51.331264 ], [ 0.061147, 51.331314 ], [ 0.061133, 51.331364 ], [ 0.061129, 51.331402 ], [ 0.061122, 51.331451 ], [ 0.061115, 51.331505 ], [ 0.061105, 51.331558 ], [ 0.061093, 51.331615 ], [ 0.061076, 51.331676 ], [ 0.06105, 51.331734 ], [ 0.061016, 51.331791 ], [ 0.060974, 51.331852 ], [ 0.060925, 51.331909 ], [ 0.060873, 51.33197 ], [ 0.06082, 51.332031 ], [ 0.060765, 51.332092 ], [ 0.06071, 51.332157 ], [ 0.060663, 51.332218 ], [ 0.060613, 51.332279 ], [ 0.06056, 51.332344 ], [ 0.060508, 51.332405 ], [ 0.060456, 51.332466 ], [ 0.060408, 51.332535 ], [ 0.060362, 51.332603 ], [ 0.060321, 51.332672 ], [ 0.06028, 51.332737 ], [ 0.060238, 51.332802 ], [ 0.060199, 51.332867 ], [ 0.060162, 51.332935 ], [ 0.060112, 51.333 ], [ 0.060045, 51.333054 ], [ 0.059961, 51.333103 ], [ 0.059867, 51.333149 ], [ 0.059768, 51.333187 ], [ 0.059673, 51.333233 ], [ 0.05957, 51.333282 ], [ 0.059458, 51.333321 ], [ 0.059343, 51.333351 ], [ 0.059224, 51.333385 ], [ 0.059105, 51.333416 ], [ 0.058987, 51.333454 ], [ 0.058871, 51.333485 ], [ 0.058753, 51.333523 ], [ 0.058634, 51.333553 ], [ 0.058513, 51.33358 ], [ 0.058388, 51.333611 ], [ 0.058264, 51.333645 ], [ 0.058146, 51.333687 ], [ 0.058031, 51.333729 ], [ 0.057924, 51.333786 ], [ 0.057827, 51.333843 ], [ 0.057738, 51.333904 ], [ 0.057654, 51.333969 ], [ 0.057572, 51.334026 ], [ 0.057485, 51.334076 ], [ 0.057395, 51.334126 ], [ 0.057307, 51.334167 ], [ 0.057222, 51.334206 ], [ 0.057137, 51.334244 ], [ 0.057051, 51.334274 ], [ 0.056967, 51.334297 ], [ 0.056893, 51.334309 ], [ 0.056841, 51.334316 ], [ 0.056803, 51.334324 ], [ 0.056771, 51.334343 ], [ 0.056743, 51.334358 ], [ 0.056714, 51.334381 ], [ 0.056686, 51.334415 ], [ 0.05665, 51.334446 ], [ 0.056598, 51.334476 ], [ 0.056538, 51.334515 ], [ 0.056479, 51.334549 ], [ 0.056418, 51.334595 ], [ 0.056351, 51.334641 ], [ 0.056283, 51.334686 ], [ 0.056217, 51.334732 ], [ 0.056154, 51.334782 ], [ 0.056092, 51.334824 ], [ 0.056029, 51.334862 ], [ 0.055966, 51.334904 ], [ 0.055893, 51.334942 ], [ 0.055817, 51.33498 ], [ 0.055738, 51.335018 ], [ 0.055661, 51.335052 ], [ 0.055582, 51.335083 ], [ 0.055507, 51.33511 ], [ 0.055435, 51.33514 ], [ 0.055355, 51.335171 ], [ 0.055269, 51.335205 ], [ 0.055179, 51.335251 ], [ 0.055086, 51.335297 ], [ 0.054993, 51.335346 ], [ 0.054902, 51.3354 ], [ 0.054815, 51.335445 ], [ 0.054724, 51.335491 ], [ 0.054625, 51.335537 ], [ 0.054518, 51.335583 ], [ 0.054416, 51.335628 ], [ 0.05432, 51.335674 ], [ 0.05424, 51.335724 ], [ 0.054176, 51.335766 ], [ 0.054123, 51.335804 ], [ 0.054076, 51.335842 ], [ 0.054038, 51.33588 ], [ 0.054021, 51.335926 ], [ 0.054021, 51.335976 ], [ 0.05402, 51.336033 ], [ 0.05401, 51.336094 ], [ 0.05399, 51.336155 ], [ 0.053961, 51.336216 ], [ 0.053929, 51.336277 ], [ 0.053896, 51.336342 ], [ 0.053863, 51.336411 ], [ 0.053826, 51.336479 ], [ 0.053787, 51.336544 ], [ 0.053748, 51.336613 ], [ 0.053707, 51.336678 ], [ 0.05367, 51.336731 ], [ 0.053641, 51.336777 ], [ 0.053617, 51.336811 ], [ 0.053596, 51.336845 ], [ 0.053585, 51.33688 ], [ 0.053577, 51.336918 ], [ 0.053567, 51.336964 ], [ 0.053551, 51.337006 ], [ 0.053533, 51.337051 ], [ 0.053515, 51.337101 ], [ 0.053497, 51.337147 ], [ 0.053481, 51.337193 ], [ 0.053466, 51.337246 ], [ 0.05345, 51.337299 ], [ 0.053429, 51.33736 ], [ 0.053404, 51.337421 ], [ 0.053375, 51.337479 ], [ 0.053347, 51.337536 ], [ 0.053317, 51.337593 ], [ 0.053286, 51.337646 ], [ 0.053255, 51.337708 ], [ 0.053227, 51.337765 ], [ 0.053198, 51.337822 ], [ 0.053163, 51.337879 ], [ 0.053119, 51.337936 ], [ 0.053075, 51.33799 ], [ 0.053037, 51.338043 ], [ 0.053004, 51.338093 ], [ 0.052966, 51.338146 ], [ 0.05292, 51.3382 ], [ 0.052874, 51.338257 ], [ 0.05283, 51.338314 ], [ 0.052783, 51.338379 ], [ 0.052735, 51.33844 ], [ 0.052688, 51.338497 ], [ 0.052645, 51.338562 ], [ 0.052608, 51.338623 ], [ 0.052576, 51.338684 ], [ 0.052548, 51.338741 ], [ 0.052521, 51.338802 ], [ 0.052495, 51.338863 ], [ 0.05247, 51.338924 ], [ 0.052446, 51.338982 ], [ 0.05242, 51.339039 ], [ 0.052396, 51.339104 ], [ 0.052374, 51.339161 ], [ 0.052353, 51.339222 ], [ 0.052332, 51.339279 ], [ 0.052319, 51.339336 ], [ 0.052317, 51.339397 ], [ 0.052325, 51.339462 ], [ 0.052339, 51.339519 ], [ 0.052355, 51.339577 ], [ 0.052372, 51.33963 ], [ 0.052387, 51.339683 ], [ 0.052402, 51.339733 ], [ 0.052417, 51.33979 ], [ 0.052436, 51.339844 ], [ 0.052456, 51.339901 ], [ 0.05248, 51.339958 ], [ 0.052507, 51.340015 ], [ 0.052535, 51.340076 ], [ 0.052559, 51.340134 ], [ 0.052576, 51.340195 ], [ 0.052587, 51.34026 ], [ 0.052592, 51.340321 ], [ 0.052593, 51.340385 ], [ 0.052593, 51.340454 ], [ 0.052593, 51.340523 ], [ 0.052591, 51.340588 ], [ 0.052584, 51.340652 ], [ 0.052569, 51.340721 ], [ 0.052544, 51.340786 ], [ 0.052506, 51.340855 ], [ 0.05246, 51.340927 ], [ 0.052412, 51.340996 ], [ 0.052365, 51.341064 ], [ 0.052321, 51.341133 ], [ 0.052278, 51.341206 ], [ 0.052239, 51.341274 ], [ 0.052201, 51.341347 ], [ 0.052163, 51.341419 ], [ 0.052128, 51.341488 ], [ 0.052093, 51.34156 ], [ 0.052051, 51.341625 ], [ 0.051999, 51.34169 ], [ 0.051943, 51.341743 ], [ 0.051875, 51.341805 ], [ 0.051808, 51.341866 ], [ 0.05174, 51.341923 ], [ 0.051669, 51.34198 ], [ 0.051597, 51.34203 ], [ 0.051522, 51.342087 ], [ 0.051451, 51.342148 ], [ 0.051386, 51.342209 ], [ 0.051329, 51.34227 ], [ 0.051278, 51.342339 ], [ 0.051231, 51.342403 ], [ 0.051181, 51.342476 ], [ 0.05113, 51.342548 ], [ 0.051081, 51.342617 ], [ 0.05104, 51.342689 ], [ 0.051008, 51.342762 ], [ 0.050982, 51.342842 ], [ 0.050967, 51.342918 ], [ 0.050955, 51.342995 ], [ 0.050944, 51.343071 ], [ 0.050928, 51.343151 ], [ 0.050908, 51.343227 ], [ 0.050881, 51.343296 ], [ 0.050843, 51.343353 ], [ 0.050779, 51.343414 ], [ 0.050693, 51.343468 ], [ 0.050594, 51.343517 ], [ 0.050489, 51.343567 ], [ 0.050377, 51.343613 ], [ 0.050261, 51.343655 ], [ 0.050145, 51.343693 ], [ 0.050037, 51.343735 ], [ 0.049938, 51.343777 ], [ 0.049839, 51.343822 ], [ 0.049744, 51.343872 ], [ 0.049655, 51.343922 ], [ 0.049568, 51.343971 ], [ 0.049483, 51.344021 ], [ 0.0494, 51.344067 ], [ 0.049317, 51.344116 ], [ 0.049227, 51.34417 ], [ 0.049134, 51.344223 ], [ 0.049041, 51.344273 ], [ 0.048946, 51.344318 ], [ 0.048853, 51.344364 ], [ 0.048762, 51.344398 ], [ 0.048674, 51.344433 ], [ 0.048587, 51.344471 ], [ 0.048495, 51.344509 ], [ 0.0484, 51.344543 ], [ 0.048304, 51.344582 ], [ 0.048201, 51.344616 ], [ 0.048093, 51.344646 ], [ 0.047972, 51.344681 ], [ 0.047837, 51.344711 ], [ 0.047703, 51.344738 ], [ 0.047576, 51.344765 ], [ 0.04745, 51.344795 ], [ 0.047337, 51.344826 ], [ 0.047236, 51.344856 ], [ 0.047133, 51.344902 ], [ 0.047029, 51.344952 ], [ 0.046928, 51.345001 ], [ 0.046827, 51.345058 ], [ 0.046729, 51.345127 ], [ 0.046634, 51.345203 ], [ 0.046527, 51.345291 ], [ 0.046411, 51.345386 ], [ 0.046269, 51.345505 ], [ 0.046125, 51.345615 ], [ 0.045991, 51.345711 ], [ 0.045868, 51.345798 ], [ 0.045744, 51.345879 ], [ 0.045616, 51.345955 ], [ 0.045487, 51.34602 ], [ 0.045351, 51.346081 ], [ 0.045224, 51.346161 ], [ 0.045104, 51.346237 ], [ 0.044983, 51.346302 ], [ 0.044864, 51.346363 ], [ 0.044749, 51.346416 ], [ 0.044638, 51.346474 ], [ 0.044533, 51.346527 ], [ 0.04444, 51.346577 ], [ 0.044355, 51.346626 ], [ 0.044274, 51.346672 ], [ 0.044192, 51.346722 ], [ 0.044113, 51.346771 ], [ 0.044042, 51.346809 ], [ 0.04397, 51.346855 ], [ 0.043904, 51.346893 ], [ 0.043846, 51.346924 ], [ 0.04379, 51.346962 ], [ 0.043738, 51.347 ], [ 0.043685, 51.347031 ], [ 0.043634, 51.347054 ], [ 0.043585, 51.34708 ], [ 0.043539, 51.347103 ], [ 0.043497, 51.347126 ], [ 0.043453, 51.347153 ], [ 0.043408, 51.347179 ], [ 0.043365, 51.347202 ], [ 0.043322, 51.347229 ], [ 0.043282, 51.347252 ], [ 0.043248, 51.347279 ], [ 0.043211, 51.347305 ], [ 0.043173, 51.347328 ], [ 0.043133, 51.347351 ], [ 0.043091, 51.347374 ], [ 0.04305, 51.347401 ], [ 0.04301, 51.347423 ], [ 0.042969, 51.347446 ], [ 0.042929, 51.347469 ], [ 0.042884, 51.347492 ], [ 0.042837, 51.347511 ], [ 0.042786, 51.347523 ], [ 0.042734, 51.34753 ], [ 0.042682, 51.347538 ], [ 0.04263, 51.347546 ], [ 0.042576, 51.347553 ], [ 0.042519, 51.347561 ], [ 0.042465, 51.347565 ], [ 0.042414, 51.347569 ], [ 0.042371, 51.347572 ], [ 0.042332, 51.34758 ], [ 0.042292, 51.347584 ], [ 0.042251, 51.34758 ], [ 0.042209, 51.34758 ], [ 0.042167, 51.347576 ], [ 0.042119, 51.347572 ], [ 0.042067, 51.347565 ], [ 0.042014, 51.347557 ], [ 0.041964, 51.347549 ], [ 0.041916, 51.347546 ], [ 0.041872, 51.347542 ], [ 0.041832, 51.347542 ], [ 0.041793, 51.347538 ], [ 0.04175, 51.347527 ], [ 0.041708, 51.347519 ], [ 0.041667, 51.347515 ], [ 0.041617, 51.347511 ], [ 0.041565, 51.347507 ], [ 0.041515, 51.347504 ], [ 0.041467, 51.347496 ], [ 0.041418, 51.347492 ], [ 0.041364, 51.347488 ], [ 0.04131, 51.347485 ], [ 0.041256, 51.347481 ], [ 0.041204, 51.347477 ], [ 0.041155, 51.347473 ], [ 0.041107, 51.347465 ], [ 0.041056, 51.347458 ], [ 0.041008, 51.34745 ], [ 0.040961, 51.347443 ], [ 0.040915, 51.347435 ], [ 0.040867, 51.347427 ], [ 0.04082, 51.34742 ], [ 0.04078, 51.347412 ], [ 0.040742, 51.347408 ], [ 0.040704, 51.347404 ], [ 0.040663, 51.347401 ], [ 0.040622, 51.347397 ], [ 0.040579, 51.347389 ], [ 0.040532, 51.347382 ], [ 0.040484, 51.347378 ], [ 0.040438, 51.34737 ], [ 0.040393, 51.347366 ], [ 0.040351, 51.347359 ], [ 0.040306, 51.347347 ], [ 0.040261, 51.34734 ], [ 0.040216, 51.347336 ], [ 0.040167, 51.347328 ], [ 0.040117, 51.347324 ], [ 0.040064, 51.347321 ], [ 0.040011, 51.347317 ], [ 0.039961, 51.347309 ], [ 0.039912, 51.347301 ], [ 0.039862, 51.347298 ], [ 0.039814, 51.347294 ], [ 0.039764, 51.347286 ], [ 0.039714, 51.347282 ], [ 0.039664, 51.347279 ], [ 0.039614, 51.347271 ], [ 0.039564, 51.347263 ], [ 0.039513, 51.347256 ], [ 0.039462, 51.347248 ], [ 0.039409, 51.34724 ], [ 0.039356, 51.347233 ], [ 0.039306, 51.347225 ], [ 0.039257, 51.347221 ], [ 0.039203, 51.347218 ], [ 0.039148, 51.347214 ], [ 0.039091, 51.34721 ], [ 0.039036, 51.347206 ], [ 0.03898, 51.347202 ], [ 0.038928, 51.347198 ], [ 0.038873, 51.347195 ], [ 0.038815, 51.347187 ], [ 0.038757, 51.347179 ], [ 0.038693, 51.347176 ], [ 0.038621, 51.347172 ], [ 0.038544, 51.347168 ], [ 0.038453, 51.347172 ], [ 0.038356, 51.347172 ], [ 0.03825, 51.347176 ], [ 0.038145, 51.347183 ], [ 0.03805, 51.347195 ], [ 0.037944, 51.34721 ], [ 0.037841, 51.347229 ], [ 0.037744, 51.347248 ], [ 0.037648, 51.347279 ], [ 0.037557, 51.347309 ], [ 0.03747, 51.34734 ], [ 0.03738, 51.347378 ], [ 0.037294, 51.347416 ], [ 0.037215, 51.347454 ], [ 0.037146, 51.347492 ], [ 0.037085, 51.347527 ], [ 0.037027, 51.347557 ], [ 0.036974, 51.347584 ], [ 0.036924, 51.34761 ], [ 0.036877, 51.347633 ], [ 0.036833, 51.347652 ], [ 0.036793, 51.347664 ], [ 0.036758, 51.347672 ], [ 0.036675, 51.347687 ], [ 0.036622, 51.347694 ], [ 0.036578, 51.347713 ], [ 0.036538, 51.34774 ], [ 0.036505, 51.347774 ], [ 0.036483, 51.347816 ], [ 0.036471, 51.347858 ], [ 0.03646, 51.347904 ], [ 0.036448, 51.347946 ], [ 0.03644, 51.347992 ], [ 0.036431, 51.34803 ], [ 0.036422, 51.348076 ], [ 0.036415, 51.348122 ], [ 0.036403, 51.348164 ], [ 0.036384, 51.348209 ], [ 0.036359, 51.348251 ], [ 0.036322, 51.348286 ], [ 0.03627, 51.348312 ], [ 0.036208, 51.348328 ], [ 0.036144, 51.348331 ], [ 0.036085, 51.348331 ], [ 0.036027, 51.348331 ], [ 0.035975, 51.348335 ], [ 0.035934, 51.348339 ], [ 0.035902, 51.348343 ], [ 0.035878, 51.348347 ], [ 0.035865, 51.348347 ], [ 0.035859, 51.348347 ], [ 0.035857, 51.348351 ], [ 0.035857, 51.348351 ], [ 0.035857, 51.348351 ], [ 0.035857, 51.348351 ], [ 0.035837, 51.34837 ], [ 0.035808, 51.348392 ], [ 0.035769, 51.348427 ], [ 0.035717, 51.348461 ], [ 0.035654, 51.348499 ], [ 0.03558, 51.348534 ], [ 0.035499, 51.348572 ], [ 0.035414, 51.348602 ], [ 0.03533, 51.348633 ], [ 0.035243, 51.348667 ], [ 0.035161, 51.348705 ], [ 0.035088, 51.34874 ], [ 0.035019, 51.348774 ], [ 0.034956, 51.348804 ], [ 0.034893, 51.348839 ], [ 0.034827, 51.348862 ], [ 0.034752, 51.348877 ], [ 0.034662, 51.348885 ], [ 0.034553, 51.348896 ], [ 0.03444, 51.348907 ], [ 0.034317, 51.348919 ], [ 0.03419, 51.34893 ], [ 0.034052, 51.348942 ], [ 0.033899, 51.348949 ], [ 0.033738, 51.348957 ], [ 0.033575, 51.348961 ], [ 0.033409, 51.348961 ], [ 0.033257, 51.348965 ], [ 0.033105, 51.348968 ], [ 0.032946, 51.348968 ], [ 0.032786, 51.348961 ], [ 0.032626, 51.348949 ], [ 0.032468, 51.348938 ], [ 0.032316, 51.348923 ], [ 0.03217, 51.348915 ], [ 0.03203, 51.348904 ], [ 0.031888, 51.348904 ], [ 0.031741, 51.348915 ], [ 0.031586, 51.348934 ], [ 0.03143, 51.348953 ], [ 0.031277, 51.34898 ], [ 0.031125, 51.349003 ], [ 0.03098, 51.349026 ], [ 0.030839, 51.349041 ], [ 0.030699, 51.349056 ], [ 0.030568, 51.349068 ], [ 0.030433, 51.349083 ], [ 0.0303, 51.349094 ], [ 0.03018, 51.34911 ], [ 0.030057, 51.349125 ], [ 0.029926, 51.349148 ], [ 0.0298, 51.349155 ], [ 0.029675, 51.349171 ], [ 0.02955, 51.34919 ], [ 0.029428, 51.349209 ], [ 0.02931, 51.349232 ], [ 0.029192, 51.349255 ], [ 0.029081, 51.349274 ], [ 0.028982, 51.349297 ], [ 0.028897, 51.349316 ], [ 0.028811, 51.349339 ], [ 0.02873, 51.349358 ], [ 0.028653, 51.349381 ], [ 0.028576, 51.3494 ], [ 0.028498, 51.349422 ], [ 0.028423, 51.349445 ], [ 0.028355, 51.349468 ], [ 0.02829, 51.349491 ], [ 0.028224, 51.349518 ], [ 0.028146, 51.349552 ], [ 0.028067, 51.349586 ], [ 0.027987, 51.349621 ], [ 0.027912, 51.349655 ], [ 0.027842, 51.349693 ], [ 0.027777, 51.349735 ], [ 0.027707, 51.349777 ], [ 0.027642, 51.349823 ], [ 0.027579, 51.349869 ], [ 0.02752, 51.349918 ], [ 0.027466, 51.349968 ], [ 0.027415, 51.350018 ], [ 0.027369, 51.350067 ], [ 0.027325, 51.350121 ], [ 0.027287, 51.350174 ], [ 0.027253, 51.350231 ], [ 0.027224, 51.350285 ], [ 0.027192, 51.350349 ], [ 0.027164, 51.350407 ], [ 0.02714, 51.350468 ], [ 0.027121, 51.350529 ], [ 0.027105, 51.35059 ], [ 0.027094, 51.350655 ], [ 0.02709, 51.350719 ], [ 0.027091, 51.350784 ], [ 0.027098, 51.350853 ], [ 0.027104, 51.350925 ], [ 0.027106, 51.350994 ], [ 0.027108, 51.35107 ], [ 0.027113, 51.351151 ], [ 0.02712, 51.351231 ], [ 0.02713, 51.351315 ], [ 0.02714, 51.351398 ], [ 0.027147, 51.351486 ], [ 0.027148, 51.35157 ], [ 0.027145, 51.351662 ], [ 0.027135, 51.351746 ], [ 0.027123, 51.35183 ], [ 0.027113, 51.35191 ], [ 0.027104, 51.35199 ], [ 0.027097, 51.352074 ], [ 0.027089, 51.352154 ], [ 0.027083, 51.352238 ], [ 0.027077, 51.352322 ], [ 0.02707, 51.352406 ], [ 0.027066, 51.352493 ], [ 0.02706, 51.352581 ], [ 0.027052, 51.352676 ], [ 0.027044, 51.352776 ], [ 0.027033, 51.352875 ], [ 0.027023, 51.352974 ], [ 0.027013, 51.353077 ], [ 0.026996, 51.353176 ], [ 0.026985, 51.353271 ], [ 0.02698, 51.353367 ], [ 0.026981, 51.353458 ], [ 0.026974, 51.353554 ], [ 0.026969, 51.353645 ], [ 0.026964, 51.353733 ], [ 0.026955, 51.353825 ], [ 0.026944, 51.353916 ], [ 0.026935, 51.354008 ], [ 0.026925, 51.354099 ], [ 0.026911, 51.354191 ], [ 0.026898, 51.354279 ], [ 0.026888, 51.354362 ], [ 0.02688, 51.35445 ], [ 0.026871, 51.354538 ], [ 0.026858, 51.354622 ], [ 0.026845, 51.35471 ], [ 0.026834, 51.354797 ], [ 0.026822, 51.354881 ], [ 0.026804, 51.354965 ], [ 0.026779, 51.355049 ], [ 0.026746, 51.355125 ], [ 0.026705, 51.355202 ], [ 0.026661, 51.355267 ], [ 0.026615, 51.355328 ], [ 0.026561, 51.355381 ], [ 0.026494, 51.355438 ], [ 0.026421, 51.355488 ], [ 0.026342, 51.35553 ], [ 0.026254, 51.355564 ], [ 0.026168, 51.355598 ], [ 0.026067, 51.355637 ], [ 0.025971, 51.355671 ], [ 0.025873, 51.355705 ], [ 0.025772, 51.35574 ], [ 0.025663, 51.35577 ], [ 0.025547, 51.355812 ], [ 0.025432, 51.355854 ], [ 0.025321, 51.3559 ], [ 0.025213, 51.355953 ], [ 0.025111, 51.356014 ], [ 0.025018, 51.356075 ], [ 0.024933, 51.356144 ], [ 0.02485, 51.356213 ], [ 0.024769, 51.356289 ], [ 0.024677, 51.356369 ], [ 0.024585, 51.356441 ], [ 0.02449, 51.35651 ], [ 0.024396, 51.356579 ], [ 0.024303, 51.35664 ], [ 0.024208, 51.356705 ], [ 0.024112, 51.356773 ], [ 0.024012, 51.356846 ], [ 0.023903, 51.356914 ], [ 0.023784, 51.356987 ], [ 0.023657, 51.357059 ], [ 0.023541, 51.357121 ], [ 0.023415, 51.35717 ], [ 0.023284, 51.357216 ], [ 0.02317, 51.357265 ], [ 0.023064, 51.357311 ], [ 0.022953, 51.357365 ], [ 0.022839, 51.357426 ], [ 0.022732, 51.35749 ], [ 0.022639, 51.357555 ], [ 0.022554, 51.35762 ], [ 0.022484, 51.357685 ], [ 0.022425, 51.35775 ], [ 0.022386, 51.357815 ], [ 0.022363, 51.357883 ], [ 0.02235, 51.357956 ], [ 0.022347, 51.358032 ], [ 0.022348, 51.358112 ], [ 0.022348, 51.358196 ], [ 0.022347, 51.35828 ], [ 0.022348, 51.358368 ], [ 0.022352, 51.358456 ], [ 0.022356, 51.358547 ], [ 0.022358, 51.358635 ], [ 0.022358, 51.358719 ], [ 0.022355, 51.358803 ], [ 0.022354, 51.358883 ], [ 0.022357, 51.358971 ], [ 0.022363, 51.359047 ], [ 0.022372, 51.359116 ], [ 0.022378, 51.359173 ], [ 0.02238, 51.359226 ], [ 0.022373, 51.359276 ], [ 0.02235, 51.359322 ], [ 0.022311, 51.359371 ], [ 0.022262, 51.359425 ], [ 0.022209, 51.359482 ], [ 0.022153, 51.359547 ], [ 0.022098, 51.359608 ], [ 0.022043, 51.359673 ], [ 0.021987, 51.359737 ], [ 0.021927, 51.359802 ], [ 0.021864, 51.359871 ], [ 0.021801, 51.359936 ], [ 0.021745, 51.359997 ], [ 0.021694, 51.360062 ], [ 0.021654, 51.36013 ], [ 0.021621, 51.360203 ], [ 0.021591, 51.360275 ], [ 0.021564, 51.360344 ], [ 0.021537, 51.360416 ], [ 0.021513, 51.360489 ], [ 0.021483, 51.360561 ], [ 0.021444, 51.36063 ], [ 0.021381, 51.360695 ], [ 0.021296, 51.360737 ], [ 0.021191, 51.360764 ], [ 0.021083, 51.360783 ], [ 0.020977, 51.360813 ], [ 0.020886, 51.360859 ], [ 0.02081, 51.360916 ], [ 0.020741, 51.360969 ], [ 0.02067, 51.361031 ], [ 0.020596, 51.361092 ], [ 0.020521, 51.361145 ], [ 0.020446, 51.361198 ], [ 0.020366, 51.361256 ], [ 0.020284, 51.361305 ], [ 0.020202, 51.361359 ], [ 0.020114, 51.361408 ], [ 0.020019, 51.361462 ], [ 0.019931, 51.361511 ], [ 0.019842, 51.361565 ], [ 0.01975, 51.361618 ], [ 0.019662, 51.361675 ], [ 0.019577, 51.361736 ], [ 0.019492, 51.361801 ], [ 0.019409, 51.361866 ], [ 0.01933, 51.361931 ], [ 0.019252, 51.361996 ], [ 0.01917, 51.362057 ], [ 0.019092, 51.362118 ], [ 0.01901, 51.362183 ], [ 0.018928, 51.362247 ], [ 0.018847, 51.362312 ], [ 0.018772, 51.36237 ], [ 0.018688, 51.362434 ], [ 0.018605, 51.362499 ], [ 0.018526, 51.36256 ], [ 0.018446, 51.362617 ], [ 0.018367, 51.362675 ], [ 0.018292, 51.362736 ], [ 0.018217, 51.362797 ], [ 0.018141, 51.362858 ], [ 0.018061, 51.362919 ], [ 0.017982, 51.362976 ], [ 0.017905, 51.363041 ], [ 0.017828, 51.363102 ], [ 0.01775, 51.363163 ], [ 0.017671, 51.36322 ], [ 0.01759, 51.363281 ], [ 0.017507, 51.363342 ], [ 0.017423, 51.363407 ], [ 0.017338, 51.363464 ], [ 0.01725, 51.363522 ], [ 0.017158, 51.363575 ], [ 0.017059, 51.363625 ], [ 0.016962, 51.36367 ], [ 0.016852, 51.363716 ], [ 0.016743, 51.363766 ], [ 0.016638, 51.363811 ], [ 0.01654, 51.363861 ], [ 0.016433, 51.363914 ], [ 0.016329, 51.363964 ], [ 0.016227, 51.364014 ], [ 0.016128, 51.364067 ], [ 0.016027, 51.36412 ], [ 0.015929, 51.364174 ], [ 0.015831, 51.364223 ], [ 0.015733, 51.364273 ], [ 0.015637, 51.364323 ], [ 0.015539, 51.364372 ], [ 0.01544, 51.364418 ], [ 0.015339, 51.364464 ], [ 0.015237, 51.36451 ], [ 0.015136, 51.364555 ], [ 0.015033, 51.364593 ], [ 0.014929, 51.364635 ], [ 0.014827, 51.364677 ], [ 0.014724, 51.364712 ], [ 0.014619, 51.36475 ], [ 0.014515, 51.364788 ], [ 0.014414, 51.364819 ], [ 0.014311, 51.364853 ], [ 0.014208, 51.364887 ], [ 0.014114, 51.364918 ], [ 0.014006, 51.364952 ], [ 0.013897, 51.364983 ], [ 0.013793, 51.365009 ], [ 0.013699, 51.365036 ], [ 0.013608, 51.365063 ], [ 0.013518, 51.365089 ], [ 0.013389, 51.365131 ], [ 0.013277, 51.365154 ], [ 0.01319, 51.365162 ], [ 0.013104, 51.365169 ], [ 0.013007, 51.365181 ], [ 0.012905, 51.3652 ], [ 0.012797, 51.365219 ], [ 0.01269, 51.36525 ], [ 0.01258, 51.36528 ], [ 0.012468, 51.365318 ], [ 0.012356, 51.365349 ], [ 0.012242, 51.365383 ], [ 0.012128, 51.365421 ], [ 0.012012, 51.365463 ], [ 0.011898, 51.365501 ], [ 0.011781, 51.365543 ], [ 0.011669, 51.365581 ], [ 0.011556, 51.36562 ], [ 0.011445, 51.365662 ], [ 0.011341, 51.3657 ], [ 0.011228, 51.365742 ], [ 0.011115, 51.365784 ], [ 0.011012, 51.365822 ], [ 0.010898, 51.365864 ], [ 0.010786, 51.36591 ], [ 0.010677, 51.365955 ], [ 0.010567, 51.365997 ], [ 0.01046, 51.366039 ], [ 0.01035, 51.366085 ], [ 0.01024, 51.366131 ], [ 0.010129, 51.366177 ], [ 0.010017, 51.366219 ], [ 0.009907, 51.366264 ], [ 0.009798, 51.36631 ], [ 0.009693, 51.366352 ], [ 0.00958, 51.366398 ], [ 0.009468, 51.36644 ], [ 0.009359, 51.366478 ], [ 0.009252, 51.366516 ], [ 0.009145, 51.36655 ], [ 0.009039, 51.366592 ], [ 0.008934, 51.366634 ], [ 0.008832, 51.366672 ], [ 0.008731, 51.366707 ], [ 0.008629, 51.366741 ], [ 0.008526, 51.366768 ], [ 0.008423, 51.366787 ], [ 0.008314, 51.366795 ], [ 0.008205, 51.366791 ], [ 0.008099, 51.366787 ], [ 0.008001, 51.366791 ], [ 0.007897, 51.366806 ], [ 0.007815, 51.366829 ], [ 0.007763, 51.366863 ], [ 0.007744, 51.366905 ], [ 0.00774, 51.366947 ], [ 0.007739, 51.366993 ], [ 0.00773, 51.367031 ], [ 0.007704, 51.367065 ], [ 0.007662, 51.3671 ], [ 0.007607, 51.367134 ], [ 0.007549, 51.367157 ], [ 0.007483, 51.367184 ], [ 0.007405, 51.36721 ], [ 0.007326, 51.367237 ], [ 0.007244, 51.367264 ], [ 0.007166, 51.36729 ], [ 0.007083, 51.367325 ], [ 0.007004, 51.367351 ], [ 0.00693, 51.367378 ], [ 0.006863, 51.367405 ], [ 0.006794, 51.367432 ], [ 0.006726, 51.367454 ], [ 0.006663, 51.367477 ], [ 0.006593, 51.367508 ], [ 0.006525, 51.367542 ], [ 0.006462, 51.367573 ], [ 0.006399, 51.367603 ], [ 0.006338, 51.367638 ], [ 0.006281, 51.367672 ], [ 0.006223, 51.36771 ], [ 0.006168, 51.367748 ], [ 0.006119, 51.36779 ], [ 0.006066, 51.367832 ], [ 0.006016, 51.36787 ], [ 0.005967, 51.367912 ], [ 0.005919, 51.367954 ], [ 0.005869, 51.368 ], [ 0.00582, 51.368053 ], [ 0.005772, 51.368103 ], [ 0.005724, 51.368153 ], [ 0.005679, 51.368202 ], [ 0.005633, 51.368252 ], [ 0.005587, 51.368301 ], [ 0.005543, 51.368351 ], [ 0.0055, 51.368401 ], [ 0.005461, 51.368446 ], [ 0.005427, 51.368496 ], [ 0.005397, 51.368542 ], [ 0.005368, 51.368587 ], [ 0.00534, 51.368637 ], [ 0.005312, 51.368687 ], [ 0.005291, 51.368736 ], [ 0.005267, 51.368793 ], [ 0.005241, 51.368843 ], [ 0.005208, 51.368889 ], [ 0.005169, 51.368935 ], [ 0.005125, 51.36898 ], [ 0.005081, 51.369026 ], [ 0.005035, 51.369076 ], [ 0.004989, 51.369125 ], [ 0.004947, 51.369167 ], [ 0.004904, 51.369217 ], [ 0.00486, 51.369266 ], [ 0.004816, 51.369308 ], [ 0.004773, 51.369354 ], [ 0.004728, 51.369404 ], [ 0.004684, 51.369446 ], [ 0.004639, 51.369495 ], [ 0.004596, 51.369541 ], [ 0.004557, 51.369587 ], [ 0.004524, 51.369637 ], [ 0.0045, 51.369678 ], [ 0.004479, 51.36972 ], [ 0.004453, 51.369759 ], [ 0.004422, 51.369797 ], [ 0.004392, 51.369839 ], [ 0.004361, 51.369877 ], [ 0.004325, 51.369926 ], [ 0.004292, 51.369968 ], [ 0.004254, 51.370014 ], [ 0.00422, 51.37006 ], [ 0.004186, 51.370106 ], [ 0.004155, 51.370152 ], [ 0.004127, 51.370193 ], [ 0.004103, 51.370228 ], [ 0.004085, 51.370262 ], [ 0.004068, 51.370285 ], [ 0.004053, 51.370308 ], [ 0.004038, 51.370331 ], [ 0.004024, 51.37035 ], [ 0.004008, 51.370369 ], [ 0.003984, 51.370388 ], [ 0.003949, 51.370411 ], [ 0.003905, 51.370434 ], [ 0.003863, 51.370464 ], [ 0.003834, 51.370499 ], [ 0.003817, 51.370529 ], [ 0.003807, 51.370556 ], [ 0.003801, 51.370579 ], [ 0.003795, 51.370602 ], [ 0.00379, 51.370621 ], [ 0.003782, 51.37064 ], [ 0.003773, 51.370659 ], [ 0.003759, 51.370678 ], [ 0.003744, 51.370701 ], [ 0.003724, 51.370731 ], [ 0.003704, 51.370758 ], [ 0.003683, 51.370789 ], [ 0.003668, 51.370823 ], [ 0.003653, 51.370857 ], [ 0.003631, 51.370892 ], [ 0.0036, 51.370922 ], [ 0.00356, 51.370945 ], [ 0.003516, 51.370956 ], [ 0.003472, 51.370964 ], [ 0.003429, 51.370972 ], [ 0.003388, 51.370972 ], [ 0.003347, 51.370972 ], [ 0.003307, 51.370968 ], [ 0.003268, 51.370964 ], [ 0.003228, 51.370956 ], [ 0.003185, 51.370949 ], [ 0.003142, 51.370941 ], [ 0.003099, 51.370937 ], [ 0.003054, 51.37093 ], [ 0.003008, 51.370926 ], [ 0.002958, 51.370926 ], [ 0.002908, 51.37093 ], [ 0.00286, 51.370941 ], [ 0.002817, 51.370956 ], [ 0.002779, 51.370975 ], [ 0.002743, 51.370995 ], [ 0.00271, 51.37101 ], [ 0.002675, 51.371033 ], [ 0.002637, 51.371052 ], [ 0.002595, 51.371067 ], [ 0.002556, 51.371082 ], [ 0.002514, 51.371101 ], [ 0.00247, 51.37112 ], [ 0.002427, 51.371143 ], [ 0.002384, 51.371166 ], [ 0.002339, 51.371189 ], [ 0.002289, 51.371212 ], [ 0.002236, 51.371235 ], [ 0.002181, 51.371262 ], [ 0.002123, 51.371284 ], [ 0.002066, 51.371311 ], [ 0.002013, 51.371338 ], [ 0.001964, 51.371365 ], [ 0.001915, 51.371387 ], [ 0.001867, 51.371414 ], [ 0.001817, 51.371441 ], [ 0.001766, 51.371464 ], [ 0.001719, 51.37149 ], [ 0.001676, 51.371517 ], [ 0.001628, 51.371544 ], [ 0.001576, 51.371571 ], [ 0.001524, 51.371597 ], [ 0.001473, 51.371624 ], [ 0.00142, 51.371651 ], [ 0.001364, 51.371677 ], [ 0.001307, 51.371708 ], [ 0.001255, 51.371731 ], [ 0.001193, 51.371757 ], [ 0.001125, 51.371788 ], [ 0.001056, 51.371815 ], [ 0.000985, 51.371841 ], [ 0.000919, 51.371872 ], [ 0.000857, 51.371906 ], [ 0.000795, 51.371941 ], [ 0.000735, 51.371979 ], [ 0.000673, 51.372009 ], [ 0.000608, 51.37204 ], [ 0.000543, 51.372074 ], [ 0.000477, 51.372108 ], [ 0.000413, 51.372143 ], [ 0.000351, 51.372173 ], [ 0.000289, 51.372208 ], [ 0.000227, 51.372238 ], [ 0.000167, 51.372265 ], [ 0.000111, 51.372288 ], [ 0.00006, 51.372303 ], [ 0.000017, 51.372318 ], [ -0.000018, 51.37233 ], [ -0.000046, 51.372337 ], [ -0.000068, 51.372341 ], [ -0.00008, 51.372349 ], [ -0.000122, 51.372353 ], [ -0.000178, 51.372368 ], [ -0.000243, 51.372387 ], [ -0.000311, 51.37241 ], [ -0.000385, 51.372429 ], [ -0.000463, 51.372448 ], [ -0.000542, 51.372463 ], [ -0.000621, 51.372478 ], [ -0.000697, 51.372498 ], [ -0.000772, 51.37252 ], [ -0.000844, 51.372543 ], [ -0.000912, 51.37257 ], [ -0.000979, 51.372593 ], [ -0.001045, 51.372623 ], [ -0.001109, 51.372654 ], [ -0.001166, 51.372681 ], [ -0.00122, 51.372707 ], [ -0.001272, 51.372738 ], [ -0.00132, 51.372765 ], [ -0.00137, 51.372791 ], [ -0.001421, 51.372814 ], [ -0.001474, 51.372845 ], [ -0.001527, 51.372871 ], [ -0.001584, 51.372902 ], [ -0.00164, 51.372936 ], [ -0.00169, 51.372967 ], [ -0.001748, 51.373005 ], [ -0.001805, 51.373039 ], [ -0.001862, 51.37307 ], [ -0.001916, 51.3731 ], [ -0.001974, 51.373127 ], [ -0.00203, 51.373154 ], [ -0.002084, 51.37318 ], [ -0.002136, 51.373203 ], [ -0.002181, 51.373234 ], [ -0.002224, 51.37326 ], [ -0.002264, 51.373283 ], [ -0.002304, 51.373306 ], [ -0.002341, 51.373329 ], [ -0.002378, 51.373356 ], [ -0.002412, 51.373379 ], [ -0.002447, 51.373402 ], [ -0.00248, 51.373421 ], [ -0.002514, 51.373444 ], [ -0.002549, 51.373463 ], [ -0.002592, 51.373486 ], [ -0.002635, 51.373512 ], [ -0.002666, 51.373535 ], [ -0.002693, 51.373558 ], [ -0.002722, 51.373581 ], [ -0.002748, 51.373596 ], [ -0.00278, 51.373619 ], [ -0.002813, 51.373638 ], [ -0.002852, 51.373657 ], [ -0.002888, 51.373676 ], [ -0.002921, 51.373695 ], [ -0.00295, 51.373714 ], [ -0.002976, 51.373734 ], [ -0.003001, 51.373753 ], [ -0.003027, 51.373772 ], [ -0.003054, 51.373787 ], [ -0.00308, 51.373802 ], [ -0.003103, 51.373817 ], [ -0.003125, 51.37384 ], [ -0.003149, 51.373856 ], [ -0.003176, 51.373871 ], [ -0.003204, 51.373886 ], [ -0.003232, 51.373901 ], [ -0.00326, 51.373917 ], [ -0.003289, 51.373932 ], [ -0.003317, 51.373947 ], [ -0.003344, 51.373962 ], [ -0.00337, 51.373978 ], [ -0.003392, 51.373989 ], [ -0.003414, 51.374008 ], [ -0.003435, 51.374027 ], [ -0.003456, 51.374046 ], [ -0.003479, 51.374062 ], [ -0.003511, 51.374081 ], [ -0.00354, 51.374092 ], [ -0.003571, 51.374107 ], [ -0.003599, 51.374123 ], [ -0.003623, 51.374138 ], [ -0.003649, 51.374157 ], [ -0.003674, 51.374172 ], [ -0.003699, 51.374191 ], [ -0.003725, 51.374207 ], [ -0.003751, 51.374226 ], [ -0.003776, 51.374241 ], [ -0.003801, 51.374256 ], [ -0.003826, 51.374275 ], [ -0.003851, 51.374294 ], [ -0.003877, 51.37431 ], [ -0.003903, 51.374329 ], [ -0.003927, 51.374351 ], [ -0.003949, 51.374374 ], [ -0.003972, 51.374397 ], [ -0.003993, 51.37442 ], [ -0.004015, 51.374443 ], [ -0.004038, 51.374466 ], [ -0.004062, 51.374489 ], [ -0.004086, 51.374515 ], [ -0.004109, 51.374542 ], [ -0.004131, 51.374565 ], [ -0.004161, 51.374596 ], [ -0.004194, 51.374626 ], [ -0.004232, 51.374653 ], [ -0.004275, 51.374687 ], [ -0.004319, 51.374718 ], [ -0.004368, 51.374752 ], [ -0.004421, 51.374783 ], [ -0.00448, 51.374817 ], [ -0.004543, 51.374847 ], [ -0.004608, 51.374882 ], [ -0.004676, 51.374916 ], [ -0.00475, 51.37495 ], [ -0.004827, 51.374985 ], [ -0.004905, 51.375019 ], [ -0.004984, 51.375057 ], [ -0.005063, 51.375099 ], [ -0.005144, 51.375137 ], [ -0.005228, 51.375175 ], [ -0.005315, 51.375214 ], [ -0.0054, 51.375252 ], [ -0.005477, 51.37529 ], [ -0.005568, 51.375328 ], [ -0.005661, 51.375366 ], [ -0.005753, 51.375408 ], [ -0.005847, 51.37545 ], [ -0.005938, 51.375492 ], [ -0.006031, 51.37553 ], [ -0.006127, 51.375572 ], [ -0.006228, 51.37561 ], [ -0.006322, 51.375648 ], [ -0.006426, 51.37569 ], [ -0.006537, 51.375732 ], [ -0.006643, 51.375771 ], [ -0.006747, 51.375809 ], [ -0.006851, 51.375847 ], [ -0.006955, 51.375885 ], [ -0.007059, 51.375919 ], [ -0.007166, 51.375954 ], [ -0.007272, 51.375992 ], [ -0.007375, 51.376026 ], [ -0.007476, 51.376057 ], [ -0.00758, 51.376091 ], [ -0.007683, 51.376122 ], [ -0.007785, 51.376156 ], [ -0.007883, 51.376183 ], [ -0.007984, 51.376213 ], [ -0.008083, 51.376247 ], [ -0.008179, 51.376285 ], [ -0.008271, 51.376324 ], [ -0.008367, 51.376358 ], [ -0.008464, 51.376392 ], [ -0.008557, 51.376427 ], [ -0.008653, 51.376461 ], [ -0.008753, 51.376492 ], [ -0.008855, 51.376522 ], [ -0.008949, 51.376549 ], [ -0.009046, 51.376579 ], [ -0.009137, 51.37661 ], [ -0.009239, 51.376648 ], [ -0.009339, 51.37669 ], [ -0.009433, 51.376724 ], [ -0.009532, 51.376759 ], [ -0.009635, 51.376789 ], [ -0.009737, 51.37682 ], [ -0.009842, 51.37685 ], [ -0.009942, 51.376892 ], [ -0.010041, 51.376938 ], [ -0.010136, 51.376984 ], [ -0.010232, 51.377026 ], [ -0.010327, 51.377068 ], [ -0.010422, 51.37711 ], [ -0.010519, 51.377155 ], [ -0.010616, 51.377197 ], [ -0.01071, 51.377239 ], [ -0.010804, 51.377285 ], [ -0.010903, 51.377331 ], [ -0.011, 51.377377 ], [ -0.011099, 51.377422 ], [ -0.0112, 51.37746 ], [ -0.011304, 51.377499 ], [ -0.011406, 51.377537 ], [ -0.011509, 51.377571 ], [ -0.011606, 51.377598 ], [ -0.01172, 51.377624 ], [ -0.011828, 51.377644 ], [ -0.011943, 51.377659 ], [ -0.012067, 51.377666 ], [ -0.012178, 51.37767 ], [ -0.012284, 51.37767 ], [ -0.01239, 51.37767 ], [ -0.012492, 51.377674 ], [ -0.012594, 51.377674 ], [ -0.012695, 51.37767 ], [ -0.01279, 51.377666 ], [ -0.012885, 51.377655 ], [ -0.012977, 51.377644 ], [ -0.01307, 51.377628 ], [ -0.013162, 51.377613 ], [ -0.013255, 51.377605 ], [ -0.013345, 51.377598 ], [ -0.013429, 51.377602 ], [ -0.013519, 51.377605 ], [ -0.013606, 51.377621 ], [ -0.013685, 51.37764 ], [ -0.013758, 51.377659 ], [ -0.013829, 51.377678 ], [ -0.013896, 51.377693 ], [ -0.01395, 51.377705 ], [ -0.013981, 51.377712 ], [ -0.014004, 51.37772 ], [ -0.014015, 51.377724 ], [ -0.014015, 51.377724 ], [ -0.014015, 51.377724 ], [ -0.014015, 51.377724 ], [ -0.014015, 51.377724 ], [ -0.014015, 51.377724 ], [ -0.014015, 51.377724 ], [ -0.014061, 51.377747 ], [ -0.014092, 51.377769 ], [ -0.014106, 51.3778 ], [ -0.014111, 51.377838 ], [ -0.014108, 51.377876 ], [ -0.014105, 51.377914 ], [ -0.014102, 51.37796 ], [ -0.0141, 51.37801 ], [ -0.014098, 51.378063 ], [ -0.014093, 51.378117 ], [ -0.014088, 51.378174 ], [ -0.014083, 51.378231 ], [ -0.014081, 51.378288 ], [ -0.01408, 51.378345 ], [ -0.014076, 51.378403 ], [ -0.014071, 51.378464 ], [ -0.014065, 51.378521 ], [ -0.01406, 51.378582 ], [ -0.014055, 51.378639 ], [ -0.014051, 51.3787 ], [ -0.014051, 51.378765 ], [ -0.014055, 51.37883 ], [ -0.014063, 51.378891 ], [ -0.014072, 51.378952 ], [ -0.014083, 51.379013 ], [ -0.0141, 51.37907 ], [ -0.01412, 51.379124 ], [ -0.014144, 51.379169 ], [ -0.01417, 51.379208 ], [ -0.014198, 51.379246 ], [ -0.014227, 51.37928 ], [ -0.014255, 51.379307 ], [ -0.014289, 51.379337 ], [ -0.01432, 51.379368 ], [ -0.014356, 51.379402 ], [ -0.014391, 51.37944 ], [ -0.014424, 51.379478 ], [ -0.014462, 51.37952 ], [ -0.014505, 51.379562 ], [ -0.014545, 51.379604 ], [ -0.014582, 51.379646 ], [ -0.01461, 51.379684 ], [ -0.014635, 51.379719 ], [ -0.014655, 51.379745 ], [ -0.014672, 51.379768 ], [ -0.014686, 51.379791 ], [ -0.014696, 51.379806 ], [ -0.014703, 51.379818 ], [ -0.01471, 51.379829 ], [ -0.014716, 51.379845 ], [ -0.014728, 51.379864 ], [ -0.014745, 51.37989 ], [ -0.014771, 51.379917 ], [ -0.0148, 51.379944 ], [ -0.014841, 51.379982 ], [ -0.014894, 51.380016 ], [ -0.014948, 51.380051 ], [ -0.015005, 51.380085 ], [ -0.015064, 51.380123 ], [ -0.015124, 51.380165 ], [ -0.015186, 51.380211 ], [ -0.015244, 51.380253 ], [ -0.015304, 51.380299 ], [ -0.015365, 51.380341 ], [ -0.015429, 51.380382 ], [ -0.015495, 51.380428 ], [ -0.015562, 51.380474 ], [ -0.015632, 51.38052 ], [ -0.0157, 51.380566 ], [ -0.015767, 51.380619 ], [ -0.015837, 51.380669 ], [ -0.015907, 51.380714 ], [ -0.015978, 51.380768 ], [ -0.016047, 51.380817 ], [ -0.016115, 51.380863 ], [ -0.016184, 51.380913 ], [ -0.016253, 51.380962 ], [ -0.016318, 51.381008 ], [ -0.016389, 51.381058 ], [ -0.016459, 51.381107 ], [ -0.01653, 51.381157 ], [ -0.016598, 51.381203 ], [ -0.016673, 51.381252 ], [ -0.016747, 51.381302 ], [ -0.01682, 51.381351 ], [ -0.016891, 51.381405 ], [ -0.016962, 51.381454 ], [ -0.017033, 51.381504 ], [ -0.017107, 51.381554 ], [ -0.017184, 51.381603 ], [ -0.017263, 51.381657 ], [ -0.017333, 51.381706 ], [ -0.017413, 51.38176 ], [ -0.017496, 51.381813 ], [ -0.017574, 51.381866 ], [ -0.017651, 51.38192 ], [ -0.017728, 51.381973 ], [ -0.017807, 51.382023 ], [ -0.017888, 51.38208 ], [ -0.01797, 51.38213 ], [ -0.018051, 51.382187 ], [ -0.018133, 51.382244 ], [ -0.018212, 51.382301 ], [ -0.018289, 51.382355 ], [ -0.018363, 51.382404 ], [ -0.018436, 51.382454 ], [ -0.018518, 51.382511 ], [ -0.018604, 51.382572 ], [ -0.018687, 51.382629 ], [ -0.01877, 51.382687 ], [ -0.018853, 51.382744 ], [ -0.018936, 51.382801 ], [ -0.01902, 51.382858 ], [ -0.019103, 51.382919 ], [ -0.019187, 51.382984 ], [ -0.019277, 51.383053 ], [ -0.019376, 51.383118 ], [ -0.019491, 51.383183 ], [ -0.019601, 51.383255 ], [ -0.019702, 51.383327 ], [ -0.019799, 51.383396 ], [ -0.019897, 51.383465 ], [ -0.01999, 51.383533 ], [ -0.02008, 51.383606 ], [ -0.020168, 51.383671 ], [ -0.020258, 51.383739 ], [ -0.020347, 51.3838 ], [ -0.020437, 51.383865 ], [ -0.02053, 51.38393 ], [ -0.020625, 51.383995 ], [ -0.020725, 51.384064 ], [ -0.020823, 51.384129 ], [ -0.020934, 51.384201 ], [ -0.021042, 51.384274 ], [ -0.021139, 51.384346 ], [ -0.021237, 51.384411 ], [ -0.021335, 51.384476 ], [ -0.021431, 51.384544 ], [ -0.021527, 51.384617 ], [ -0.021621, 51.384682 ], [ -0.021719, 51.384743 ], [ -0.021809, 51.3848 ], [ -0.021901, 51.384861 ], [ -0.02199, 51.38493 ], [ -0.022076, 51.384994 ], [ -0.022161, 51.385059 ], [ -0.022253, 51.385124 ], [ -0.022344, 51.385189 ], [ -0.022437, 51.385258 ], [ -0.022532, 51.38533 ], [ -0.022625, 51.385407 ], [ -0.022721, 51.385475 ], [ -0.022828, 51.385544 ], [ -0.022939, 51.385616 ], [ -0.023043, 51.385693 ], [ -0.023157, 51.385773 ], [ -0.023269, 51.385853 ], [ -0.023354, 51.385925 ], [ -0.023444, 51.386009 ], [ -0.023541, 51.386105 ], [ -0.023605, 51.386185 ], [ -0.023663, 51.386261 ], [ -0.02372, 51.38633 ], [ -0.023779, 51.386387 ], [ -0.023848, 51.386433 ], [ -0.023921, 51.386478 ], [ -0.023976, 51.38652 ], [ -0.024006, 51.386562 ], [ -0.024015, 51.386608 ], [ -0.024012, 51.386662 ], [ -0.023995, 51.386711 ], [ -0.023957, 51.386753 ], [ -0.023901, 51.386799 ], [ -0.02384, 51.386841 ], [ -0.023789, 51.386887 ], [ -0.023757, 51.386944 ], [ -0.023741, 51.387005 ], [ -0.023734, 51.38707 ], [ -0.023733, 51.387135 ], [ -0.023733, 51.387199 ], [ -0.023732, 51.387264 ], [ -0.023729, 51.387325 ], [ -0.02373, 51.38739 ], [ -0.023726, 51.387451 ], [ -0.023718, 51.387512 ], [ -0.02371, 51.387569 ], [ -0.023704, 51.38763 ], [ -0.023701, 51.387688 ], [ -0.023707, 51.387749 ], [ -0.023712, 51.387802 ], [ -0.023713, 51.387859 ], [ -0.023713, 51.387917 ], [ -0.023709, 51.387974 ], [ -0.0237, 51.388035 ], [ -0.023688, 51.388092 ], [ -0.023678, 51.388153 ], [ -0.023666, 51.388218 ], [ -0.023652, 51.388283 ], [ -0.023639, 51.388348 ], [ -0.023628, 51.388412 ], [ -0.023617, 51.388481 ], [ -0.023602, 51.388546 ], [ -0.023584, 51.388618 ], [ -0.023567, 51.388691 ], [ -0.023554, 51.38876 ], [ -0.023545, 51.388832 ], [ -0.023545, 51.388901 ], [ -0.023547, 51.388969 ], [ -0.023546, 51.389038 ], [ -0.02354, 51.389103 ], [ -0.023532, 51.389172 ], [ -0.023526, 51.38924 ], [ -0.023525, 51.389301 ], [ -0.023525, 51.38937 ], [ -0.023521, 51.389442 ], [ -0.023514, 51.389511 ], [ -0.023507, 51.389576 ], [ -0.023502, 51.389645 ], [ -0.023496, 51.389713 ], [ -0.023489, 51.389782 ], [ -0.023482, 51.389847 ], [ -0.023477, 51.389915 ], [ -0.023473, 51.389988 ], [ -0.023469, 51.390057 ], [ -0.023465, 51.390121 ], [ -0.02346, 51.390194 ], [ -0.023454, 51.390263 ], [ -0.023448, 51.390327 ], [ -0.02345, 51.3904 ], [ -0.023453, 51.390469 ], [ -0.023452, 51.390541 ], [ -0.02345, 51.390602 ], [ -0.023444, 51.390671 ], [ -0.023438, 51.390743 ], [ -0.023433, 51.390812 ], [ -0.023428, 51.390881 ], [ -0.02342, 51.390949 ], [ -0.023411, 51.391018 ], [ -0.023406, 51.391075 ], [ -0.023403, 51.391144 ], [ -0.023402, 51.39122 ], [ -0.023401, 51.391281 ], [ -0.023398, 51.39135 ], [ -0.023395, 51.391418 ], [ -0.023397, 51.391487 ], [ -0.023398, 51.391556 ], [ -0.023396, 51.391624 ], [ -0.023393, 51.391689 ], [ -0.023387, 51.391758 ], [ -0.023381, 51.391827 ], [ -0.023375, 51.391899 ], [ -0.023372, 51.391968 ], [ -0.023369, 51.39204 ], [ -0.023368, 51.392109 ], [ -0.02337, 51.392178 ], [ -0.02337, 51.392246 ], [ -0.023368, 51.392315 ], [ -0.023358, 51.39238 ], [ -0.023346, 51.392441 ], [ -0.023334, 51.392506 ], [ -0.023328, 51.392574 ], [ -0.023323, 51.392632 ], [ -0.023323, 51.392693 ], [ -0.02333, 51.392761 ], [ -0.023338, 51.392826 ], [ -0.023342, 51.392891 ], [ -0.023345, 51.392956 ], [ -0.023347, 51.393024 ], [ -0.023346, 51.393097 ], [ -0.023343, 51.393162 ], [ -0.023339, 51.39323 ], [ -0.023332, 51.393291 ], [ -0.023324, 51.39336 ], [ -0.023318, 51.393433 ], [ -0.023311, 51.393501 ], [ -0.023299, 51.39357 ], [ -0.023289, 51.393639 ], [ -0.023284, 51.393707 ], [ -0.023282, 51.39378 ], [ -0.023282, 51.393848 ], [ -0.023279, 51.393925 ], [ -0.023274, 51.393993 ], [ -0.023264, 51.394062 ], [ -0.023258, 51.394134 ], [ -0.023252, 51.394207 ], [ -0.023243, 51.394279 ], [ -0.023235, 51.394352 ], [ -0.023225, 51.394428 ], [ -0.023209, 51.394501 ], [ -0.023183, 51.394573 ], [ -0.02315, 51.394646 ], [ -0.023113, 51.394722 ], [ -0.023076, 51.394775 ], [ -0.023026, 51.394833 ], [ -0.022918, 51.394928 ], [ -0.022841, 51.394993 ], [ -0.022759, 51.395058 ], [ -0.02267, 51.395122 ], [ -0.022586, 51.395187 ], [ -0.022505, 51.395248 ], [ -0.022428, 51.395302 ], [ -0.022346, 51.395359 ], [ -0.022264, 51.395416 ], [ -0.022188, 51.395477 ], [ -0.022121, 51.395538 ], [ -0.022055, 51.395599 ], [ -0.021995, 51.39566 ], [ -0.021931, 51.395721 ], [ -0.021864, 51.395775 ], [ -0.021796, 51.395828 ], [ -0.021732, 51.395882 ], [ -0.021669, 51.395943 ], [ -0.021609, 51.396 ], [ -0.021552, 51.396053 ], [ -0.021496, 51.396103 ], [ -0.021435, 51.396156 ], [ -0.02137, 51.396206 ], [ -0.02131, 51.396259 ], [ -0.021256, 51.396309 ], [ -0.021203, 51.396355 ], [ -0.021148, 51.396408 ], [ -0.021087, 51.396465 ], [ -0.021025, 51.396515 ], [ -0.020966, 51.396561 ], [ -0.02091, 51.39661 ], [ -0.02086, 51.396652 ], [ -0.020808, 51.39669 ], [ -0.020755, 51.396725 ], [ -0.020702, 51.396759 ], [ -0.020651, 51.39679 ], [ -0.020604, 51.396824 ], [ -0.020549, 51.396854 ], [ -0.020484, 51.396889 ], [ -0.020419, 51.396919 ], [ -0.020351, 51.396946 ], [ -0.020287, 51.396976 ], [ -0.020228, 51.397011 ], [ -0.020172, 51.397045 ], [ -0.020124, 51.397095 ], [ -0.020093, 51.397141 ], [ -0.020077, 51.397186 ], [ -0.020065, 51.397232 ], [ -0.02005, 51.397278 ], [ -0.020027, 51.397324 ], [ -0.019994, 51.397366 ], [ -0.019954, 51.397408 ], [ -0.019914, 51.397446 ], [ -0.019872, 51.397484 ], [ -0.019825, 51.397522 ], [ -0.019779, 51.39756 ], [ -0.019734, 51.397594 ], [ -0.019689, 51.397633 ], [ -0.019645, 51.397671 ], [ -0.019598, 51.397709 ], [ -0.019555, 51.397747 ], [ -0.019507, 51.397785 ], [ -0.019458, 51.397823 ], [ -0.019414, 51.397861 ], [ -0.01937, 51.397903 ], [ -0.019325, 51.397945 ], [ -0.019279, 51.397984 ], [ -0.019237, 51.398022 ], [ -0.019193, 51.398056 ], [ -0.019148, 51.398094 ], [ -0.019104, 51.398136 ], [ -0.019064, 51.398174 ], [ -0.019021, 51.398212 ], [ -0.018977, 51.398247 ], [ -0.018931, 51.398289 ], [ -0.018887, 51.398327 ], [ -0.01884, 51.398365 ], [ -0.018799, 51.398396 ], [ -0.018755, 51.398438 ], [ -0.018712, 51.398479 ], [ -0.018673, 51.398521 ], [ -0.018636, 51.398556 ], [ -0.018596, 51.398594 ], [ -0.018549, 51.39864 ], [ -0.018504, 51.398678 ], [ -0.018463, 51.398716 ], [ -0.018423, 51.398754 ], [ -0.018383, 51.398792 ], [ -0.018344, 51.398827 ], [ -0.018305, 51.398861 ], [ -0.018268, 51.398895 ], [ -0.018237, 51.39893 ], [ -0.018215, 51.398964 ], [ -0.018202, 51.398994 ], [ -0.018201, 51.399029 ], [ -0.018206, 51.399063 ], [ -0.018216, 51.399094 ], [ -0.018229, 51.399132 ], [ -0.018238, 51.399174 ], [ -0.018238, 51.399212 ], [ -0.018233, 51.399258 ], [ -0.018228, 51.399303 ], [ -0.018224, 51.399357 ], [ -0.018223, 51.39941 ], [ -0.018223, 51.399464 ], [ -0.018224, 51.399525 ], [ -0.018225, 51.399586 ], [ -0.018225, 51.399647 ], [ -0.018226, 51.399708 ], [ -0.018228, 51.399761 ], [ -0.018227, 51.39983 ], [ -0.018223, 51.399898 ], [ -0.018217, 51.39996 ], [ -0.018213, 51.400028 ], [ -0.018208, 51.400093 ], [ -0.018202, 51.400158 ], [ -0.018197, 51.400223 ], [ -0.018193, 51.400288 ], [ -0.018189, 51.400352 ], [ -0.018186, 51.400413 ], [ -0.018183, 51.400474 ], [ -0.018178, 51.400532 ], [ -0.018172, 51.400589 ], [ -0.018164, 51.400646 ], [ -0.018153, 51.400696 ], [ -0.018141, 51.400749 ], [ -0.018134, 51.400803 ], [ -0.018131, 51.40086 ], [ -0.018124, 51.400913 ], [ -0.018118, 51.400974 ], [ -0.018117, 51.401031 ], [ -0.018119, 51.401085 ], [ -0.018132, 51.401131 ], [ -0.018159, 51.401176 ], [ -0.018191, 51.401211 ], [ -0.018222, 51.401253 ], [ -0.018252, 51.401295 ], [ -0.018278, 51.401333 ], [ -0.018305, 51.401371 ], [ -0.018332, 51.401409 ], [ -0.018355, 51.401443 ], [ -0.018378, 51.401474 ], [ -0.018403, 51.401504 ], [ -0.018429, 51.401539 ], [ -0.018448, 51.401566 ], [ -0.018468, 51.401592 ], [ -0.018489, 51.401623 ], [ -0.018511, 51.401653 ], [ -0.018529, 51.40168 ], [ -0.018543, 51.401703 ], [ -0.018555, 51.401726 ], [ -0.018565, 51.401752 ], [ -0.018573, 51.401783 ], [ -0.01858, 51.401825 ], [ -0.018585, 51.401867 ], [ -0.018598, 51.401905 ], [ -0.018621, 51.401951 ], [ -0.018643, 51.401993 ], [ -0.018668, 51.402039 ], [ -0.018688, 51.402096 ], [ -0.018702, 51.402145 ], [ -0.018711, 51.402203 ], [ -0.018718, 51.402256 ], [ -0.018729, 51.402309 ], [ -0.018743, 51.402363 ], [ -0.018752, 51.402409 ], [ -0.018763, 51.402466 ], [ -0.01878, 51.402534 ], [ -0.018796, 51.402592 ], [ -0.018811, 51.402649 ], [ -0.018832, 51.40271 ], [ -0.018856, 51.402771 ], [ -0.018882, 51.402836 ], [ -0.018907, 51.402901 ], [ -0.018931, 51.402962 ], [ -0.018958, 51.403027 ], [ -0.018982, 51.403091 ], [ -0.019001, 51.403152 ], [ -0.019023, 51.403217 ], [ -0.01905, 51.403286 ], [ -0.019079, 51.403358 ], [ -0.019105, 51.403423 ], [ -0.019131, 51.403484 ], [ -0.019158, 51.403553 ], [ -0.019185, 51.403618 ], [ -0.019212, 51.403679 ], [ -0.019243, 51.403748 ], [ -0.019273, 51.403809 ], [ -0.019301, 51.403877 ], [ -0.019327, 51.403946 ], [ -0.019352, 51.404007 ], [ -0.019378, 51.404072 ], [ -0.019404, 51.404133 ], [ -0.019427, 51.40419 ], [ -0.019455, 51.404259 ], [ -0.019481, 51.404327 ], [ -0.019508, 51.404388 ], [ -0.019534, 51.404449 ], [ -0.019563, 51.404518 ], [ -0.019587, 51.404579 ], [ -0.019609, 51.404644 ], [ -0.019635, 51.404705 ], [ -0.019663, 51.404766 ], [ -0.019686, 51.404831 ], [ -0.019707, 51.404892 ], [ -0.019726, 51.404953 ], [ -0.019743, 51.405018 ], [ -0.019757, 51.405083 ], [ -0.019768, 51.405148 ], [ -0.019778, 51.405216 ], [ -0.019789, 51.405285 ], [ -0.019796, 51.405357 ], [ -0.019803, 51.405426 ], [ -0.019807, 51.405491 ], [ -0.019808, 51.40556 ], [ -0.019804, 51.405628 ], [ -0.019793, 51.405697 ], [ -0.019776, 51.405765 ], [ -0.019757, 51.405827 ], [ -0.019735, 51.405891 ], [ -0.01971, 51.405964 ], [ -0.01968, 51.406033 ], [ -0.019646, 51.406094 ], [ -0.019611, 51.406155 ], [ -0.019583, 51.406219 ], [ -0.019566, 51.40628 ], [ -0.019563, 51.406349 ], [ -0.019572, 51.406414 ], [ -0.019591, 51.406475 ], [ -0.019614, 51.40654 ], [ -0.019643, 51.406601 ], [ -0.019681, 51.406662 ], [ -0.019723, 51.406719 ], [ -0.019767, 51.406776 ], [ -0.019811, 51.406834 ], [ -0.019848, 51.406883 ], [ -0.019883, 51.406937 ], [ -0.019917, 51.406982 ], [ -0.019958, 51.407036 ], [ -0.020004, 51.407089 ], [ -0.020055, 51.407135 ], [ -0.020112, 51.407177 ], [ -0.020174, 51.407223 ], [ -0.020238, 51.407265 ], [ -0.02031, 51.407307 ], [ -0.020386, 51.407356 ], [ -0.02046, 51.407398 ], [ -0.020528, 51.407436 ], [ -0.020609, 51.407486 ], [ -0.020693, 51.407539 ], [ -0.020769, 51.407589 ], [ -0.020841, 51.407638 ], [ -0.020914, 51.407696 ], [ -0.020983, 51.407753 ], [ -0.021058, 51.407806 ], [ -0.02114, 51.407856 ], [ -0.021238, 51.407902 ], [ -0.021338, 51.407944 ], [ -0.02145, 51.407982 ], [ -0.021566, 51.40802 ], [ -0.021687, 51.408051 ], [ -0.021805, 51.40807 ], [ -0.021932, 51.408077 ], [ -0.022053, 51.408073 ], [ -0.022172, 51.408066 ], [ -0.022289, 51.408058 ], [ -0.02241, 51.408054 ], [ -0.022518, 51.408051 ], [ -0.022632, 51.408054 ], [ -0.022748, 51.408062 ], [ -0.022854, 51.408077 ], [ -0.022952, 51.4081 ], [ -0.023048, 51.408127 ], [ -0.023132, 51.408146 ], [ -0.023211, 51.408165 ], [ -0.02329, 51.408188 ], [ -0.023362, 51.408215 ], [ -0.023429, 51.408245 ], [ -0.023493, 51.408279 ], [ -0.023553, 51.408314 ], [ -0.023609, 51.408348 ], [ -0.023666, 51.408379 ], [ -0.023725, 51.408413 ], [ -0.023781, 51.408447 ], [ -0.023835, 51.408482 ], [ -0.023886, 51.408516 ], [ -0.023935, 51.40855 ], [ -0.023999, 51.408585 ], [ -0.024066, 51.408611 ], [ -0.024129, 51.408634 ], [ -0.024194, 51.408653 ], [ -0.02426, 51.408672 ], [ -0.024326, 51.408691 ], [ -0.024395, 51.408707 ], [ -0.024457, 51.408722 ], [ -0.024512, 51.408729 ], [ -0.024557, 51.408741 ], [ -0.024599, 51.408749 ], [ -0.024629, 51.408752 ], [ -0.024654, 51.40876 ], [ -0.024673, 51.408764 ], [ -0.024673, 51.408764 ], [ -0.024709, 51.408771 ], [ -0.024749, 51.408779 ], [ -0.024793, 51.408783 ], [ -0.024844, 51.408791 ], [ -0.024903, 51.408806 ], [ -0.024956, 51.408825 ], [ -0.025006, 51.408852 ], [ -0.025042, 51.40889 ], [ -0.025064, 51.408939 ], [ -0.025084, 51.408989 ], [ -0.025104, 51.409039 ], [ -0.025125, 51.409088 ], [ -0.025146, 51.409142 ], [ -0.025165, 51.409195 ], [ -0.02518, 51.409244 ], [ -0.025193, 51.409298 ], [ -0.025206, 51.409351 ], [ -0.025217, 51.409401 ], [ -0.025222, 51.409458 ], [ -0.025224, 51.409512 ], [ -0.025221, 51.409565 ], [ -0.025213, 51.409615 ], [ -0.025204, 51.409668 ], [ -0.025195, 51.409714 ], [ -0.025185, 51.409763 ], [ -0.025178, 51.409813 ], [ -0.025176, 51.409855 ], [ -0.025174, 51.409901 ], [ -0.025173, 51.409939 ], [ -0.025171, 51.409977 ], [ -0.025169, 51.410015 ], [ -0.025167, 51.410046 ], [ -0.025164, 51.410065 ], [ -0.025145, 51.410099 ], [ -0.025135, 51.410118 ], [ -0.025127, 51.410149 ], [ -0.025118, 51.410175 ], [ -0.025107, 51.41021 ], [ -0.02509, 51.410244 ], [ -0.025073, 51.410282 ], [ -0.025056, 51.410332 ], [ -0.025043, 51.410385 ], [ -0.025034, 51.410438 ], [ -0.025027, 51.410496 ], [ -0.025021, 51.410553 ], [ -0.025016, 51.41061 ], [ -0.025014, 51.410664 ], [ -0.025012, 51.410717 ], [ -0.025015, 51.410767 ], [ -0.025018, 51.41082 ], [ -0.025021, 51.41087 ], [ -0.025024, 51.410923 ], [ -0.02503, 51.410976 ], [ -0.025039, 51.41103 ], [ -0.025052, 51.411087 ], [ -0.02507, 51.411152 ], [ -0.025088, 51.411213 ], [ -0.025105, 51.411285 ], [ -0.025118, 51.411354 ], [ -0.025125, 51.411423 ], [ -0.025124, 51.411488 ], [ -0.02512, 51.411556 ], [ -0.025107, 51.411621 ], [ -0.025091, 51.411678 ], [ -0.025068, 51.411739 ], [ -0.025041, 51.411797 ], [ -0.025008, 51.411854 ], [ -0.024972, 51.411915 ], [ -0.024934, 51.411968 ], [ -0.024896, 51.412022 ], [ -0.02486, 51.412079 ], [ -0.024824, 51.412136 ], [ -0.024786, 51.412193 ], [ -0.02474, 51.41225 ], [ -0.024691, 51.412311 ], [ -0.024645, 51.412369 ], [ -0.024601, 51.412426 ], [ -0.024557, 51.412491 ], [ -0.024516, 51.412548 ], [ -0.024476, 51.412609 ], [ -0.024433, 51.412674 ], [ -0.02439, 51.412739 ], [ -0.02435, 51.4128 ], [ -0.024307, 51.412857 ], [ -0.024269, 51.412918 ], [ -0.024235, 51.412971 ], [ -0.024206, 51.413025 ], [ -0.024185, 51.413078 ], [ -0.024176, 51.413128 ], [ -0.02418, 51.413177 ], [ -0.02419, 51.413231 ], [ -0.024197, 51.413288 ], [ -0.024198, 51.413345 ], [ -0.024208, 51.413403 ], [ -0.024231, 51.413464 ], [ -0.02426, 51.413521 ], [ -0.024289, 51.413574 ], [ -0.024317, 51.413628 ], [ -0.024345, 51.413685 ], [ -0.024372, 51.413738 ], [ -0.024401, 51.413795 ], [ -0.02443, 51.413856 ], [ -0.024459, 51.413921 ], [ -0.024486, 51.413982 ], [ -0.024513, 51.414047 ], [ -0.024544, 51.414112 ], [ -0.024576, 51.414177 ], [ -0.024607, 51.414238 ], [ -0.024637, 51.414303 ], [ -0.024667, 51.414368 ], [ -0.024697, 51.414433 ], [ -0.024728, 51.414494 ], [ -0.024759, 51.414555 ], [ -0.024788, 51.414616 ], [ -0.024818, 51.414677 ], [ -0.024848, 51.414741 ], [ -0.024876, 51.414803 ], [ -0.024903, 51.41486 ], [ -0.024927, 51.414917 ], [ -0.024949, 51.414974 ], [ -0.024968, 51.415028 ], [ -0.024985, 51.415081 ], [ -0.024998, 51.415131 ], [ -0.025003, 51.415188 ], [ -0.024999, 51.415241 ], [ -0.024988, 51.415298 ], [ -0.024973, 51.415356 ], [ -0.024955, 51.415409 ], [ -0.024933, 51.415466 ], [ -0.024908, 51.415524 ], [ -0.024877, 51.415585 ], [ -0.024843, 51.415646 ], [ -0.024808, 51.415707 ], [ -0.024776, 51.415764 ], [ -0.024749, 51.415825 ], [ -0.024722, 51.41589 ], [ -0.024693, 51.415955 ], [ -0.024663, 51.416016 ], [ -0.024633, 51.41608 ], [ -0.024602, 51.416142 ], [ -0.024574, 51.416203 ], [ -0.02455, 51.41626 ], [ -0.024529, 51.416325 ], [ -0.024509, 51.416389 ], [ -0.02449, 51.416454 ], [ -0.024473, 51.416515 ], [ -0.024453, 51.41658 ], [ -0.024425, 51.416641 ], [ -0.024395, 51.416702 ], [ -0.024369, 51.416759 ], [ -0.024342, 51.416817 ], [ -0.024314, 51.41687 ], [ -0.024287, 51.416927 ], [ -0.02426, 51.416981 ], [ -0.024231, 51.41703 ], [ -0.024202, 51.41708 ], [ -0.024174, 51.417129 ], [ -0.024149, 51.417179 ], [ -0.024124, 51.417229 ], [ -0.024096, 51.417274 ], [ -0.024062, 51.41732 ], [ -0.024029, 51.417358 ], [ -0.024, 51.4174 ], [ -0.023975, 51.417435 ], [ -0.023951, 51.417469 ], [ -0.023924, 51.417503 ], [ -0.023901, 51.417538 ], [ -0.02388, 51.417568 ], [ -0.023854, 51.417602 ], [ -0.023829, 51.417633 ], [ -0.023805, 51.417664 ], [ -0.023785, 51.417698 ], [ -0.023767, 51.417728 ], [ -0.023749, 51.417759 ], [ -0.023729, 51.417789 ], [ -0.023707, 51.41782 ], [ -0.023686, 51.417851 ], [ -0.023667, 51.417881 ], [ -0.023644, 51.417904 ], [ -0.023618, 51.417931 ], [ -0.023595, 51.417957 ], [ -0.02357, 51.41798 ], [ -0.023543, 51.418007 ], [ -0.023518, 51.418034 ], [ -0.023494, 51.41806 ], [ -0.023472, 51.418087 ], [ -0.023451, 51.418117 ], [ -0.023429, 51.418144 ], [ -0.023409, 51.418171 ], [ -0.023389, 51.418198 ], [ -0.023369, 51.418224 ], [ -0.023349, 51.418251 ], [ -0.023329, 51.418282 ], [ -0.023309, 51.418312 ], [ -0.023287, 51.418339 ], [ -0.023264, 51.418365 ], [ -0.023244, 51.418392 ], [ -0.023224, 51.418423 ], [ -0.023199, 51.418449 ], [ -0.023173, 51.418476 ], [ -0.023148, 51.418507 ], [ -0.023125, 51.418537 ], [ -0.023103, 51.418568 ], [ -0.02308, 51.418598 ], [ -0.023062, 51.418632 ], [ -0.023047, 51.418659 ], [ -0.02303, 51.41869 ], [ -0.023009, 51.41872 ], [ -0.022989, 51.418755 ], [ -0.02297, 51.418785 ], [ -0.022952, 51.418816 ], [ -0.022932, 51.418846 ], [ -0.022908, 51.418877 ], [ -0.022882, 51.418911 ], [ -0.022858, 51.418945 ], [ -0.022833, 51.41898 ], [ -0.022807, 51.419014 ], [ -0.022781, 51.419052 ], [ -0.022754, 51.41909 ], [ -0.02273, 51.419128 ], [ -0.022708, 51.419163 ], [ -0.022684, 51.419197 ], [ -0.022659, 51.419235 ], [ -0.022634, 51.419273 ], [ -0.022605, 51.419308 ], [ -0.022573, 51.419346 ], [ -0.022541, 51.41938 ], [ -0.02251, 51.419418 ], [ -0.022484, 51.41946 ], [ -0.022459, 51.419502 ], [ -0.022434, 51.41954 ], [ -0.022405, 51.419579 ], [ -0.022378, 51.419617 ], [ -0.022352, 51.419659 ], [ -0.022328, 51.419701 ], [ -0.022306, 51.419743 ], [ -0.022286, 51.419785 ], [ -0.022268, 51.41983 ], [ -0.022247, 51.419876 ], [ -0.022223, 51.419918 ], [ -0.022192, 51.419964 ], [ -0.022156, 51.420006 ], [ -0.022119, 51.420052 ], [ -0.022085, 51.420094 ], [ -0.02205, 51.420132 ], [ -0.022016, 51.420174 ], [ -0.021983, 51.420212 ], [ -0.021952, 51.420246 ], [ -0.02192, 51.420284 ], [ -0.021885, 51.420319 ], [ -0.021847, 51.420357 ], [ -0.021808, 51.420391 ], [ -0.021768, 51.420422 ], [ -0.021727, 51.420452 ], [ -0.021684, 51.420486 ], [ -0.021642, 51.420517 ], [ -0.021598, 51.420551 ], [ -0.02155, 51.420582 ], [ -0.021501, 51.420616 ], [ -0.021448, 51.42065 ], [ -0.021394, 51.420681 ], [ -0.021342, 51.420715 ], [ -0.021289, 51.420753 ], [ -0.021234, 51.420792 ], [ -0.021175, 51.42083 ], [ -0.021112, 51.420872 ], [ -0.021051, 51.42091 ], [ -0.020985, 51.420952 ], [ -0.020915, 51.42099 ], [ -0.020844, 51.421032 ], [ -0.020777, 51.421066 ], [ -0.02071, 51.421104 ], [ -0.020643, 51.421139 ], [ -0.020574, 51.421173 ], [ -0.020501, 51.421211 ], [ -0.020425, 51.421249 ], [ -0.02035, 51.421291 ], [ -0.020272, 51.421333 ], [ -0.020192, 51.421379 ], [ -0.020112, 51.421421 ], [ -0.020028, 51.421467 ], [ -0.019944, 51.421509 ], [ -0.019854, 51.421555 ], [ -0.019758, 51.421596 ], [ -0.019665, 51.421642 ], [ -0.019576, 51.421688 ], [ -0.019482, 51.421734 ], [ -0.019381, 51.421783 ], [ -0.019278, 51.421833 ], [ -0.019172, 51.421883 ], [ -0.019064, 51.421932 ], [ -0.018952, 51.421986 ], [ -0.01884, 51.422035 ], [ -0.018733, 51.422085 ], [ -0.018617, 51.422138 ], [ -0.0185, 51.422188 ], [ -0.018384, 51.422234 ], [ -0.018266, 51.422283 ], [ -0.018148, 51.422333 ], [ -0.018029, 51.422386 ], [ -0.017906, 51.422443 ], [ -0.017779, 51.422493 ], [ -0.017655, 51.422546 ], [ -0.017527, 51.422604 ], [ -0.017396, 51.422665 ], [ -0.017278, 51.422714 ], [ -0.017167, 51.422764 ], [ -0.01705, 51.42281 ], [ -0.016934, 51.422859 ], [ -0.016816, 51.422909 ], [ -0.016694, 51.422958 ], [ -0.016579, 51.423008 ], [ -0.016474, 51.42305 ], [ -0.016392, 51.423084 ], [ -0.016328, 51.423115 ], [ -0.016273, 51.423141 ], [ -0.016219, 51.423164 ], [ -0.01616, 51.423187 ], [ -0.016101, 51.42321 ], [ -0.016046, 51.423233 ], [ -0.01599, 51.423256 ], [ -0.01593, 51.423279 ], [ -0.015864, 51.423305 ], [ -0.015796, 51.423336 ], [ -0.015726, 51.423367 ], [ -0.015654, 51.423401 ], [ -0.015573, 51.423431 ], [ -0.015491, 51.423466 ], [ -0.015412, 51.4235 ], [ -0.015336, 51.423538 ], [ -0.015263, 51.42358 ], [ -0.015195, 51.423618 ], [ -0.01513, 51.423664 ], [ -0.015069, 51.423706 ], [ -0.01501, 51.423752 ], [ -0.014952, 51.423801 ], [ -0.01489, 51.423847 ], [ -0.014825, 51.423893 ], [ -0.014759, 51.423943 ], [ -0.014698, 51.423992 ], [ -0.014639, 51.424042 ], [ -0.014577, 51.424087 ], [ -0.014516, 51.424133 ], [ -0.014458, 51.424175 ], [ -0.0144, 51.424221 ], [ -0.014338, 51.424267 ], [ -0.014279, 51.424316 ], [ -0.014225, 51.424362 ], [ -0.014177, 51.424412 ], [ -0.014124, 51.424461 ], [ -0.014067, 51.424515 ], [ -0.014002, 51.424568 ], [ -0.013937, 51.424622 ], [ -0.013871, 51.424675 ], [ -0.013803, 51.424732 ], [ -0.013734, 51.424789 ], [ -0.013666, 51.424847 ], [ -0.013599, 51.424904 ], [ -0.013531, 51.424961 ], [ -0.013463, 51.425014 ], [ -0.013396, 51.425068 ], [ -0.013331, 51.425125 ], [ -0.013268, 51.425178 ], [ -0.013206, 51.425236 ], [ -0.013145, 51.425289 ], [ -0.013085, 51.425346 ], [ -0.013024, 51.4254 ], [ -0.012961, 51.425457 ], [ -0.012899, 51.425518 ], [ -0.012839, 51.425571 ], [ -0.012777, 51.425629 ], [ -0.012714, 51.425686 ], [ -0.012657, 51.425743 ], [ -0.0126, 51.425804 ], [ -0.012543, 51.425865 ], [ -0.012488, 51.425922 ], [ -0.012435, 51.425987 ], [ -0.012383, 51.426052 ], [ -0.01233, 51.426109 ], [ -0.012279, 51.426174 ], [ -0.012228, 51.426239 ], [ -0.012177, 51.4263 ], [ -0.012127, 51.426365 ], [ -0.012077, 51.426426 ], [ -0.01202, 51.426487 ], [ -0.011964, 51.426552 ], [ -0.011909, 51.426609 ], [ -0.011854, 51.426666 ], [ -0.011797, 51.426723 ], [ -0.011742, 51.426777 ], [ -0.011688, 51.426826 ], [ -0.011634, 51.426876 ], [ -0.011583, 51.426914 ], [ -0.011542, 51.426949 ], [ -0.011515, 51.426968 ], [ -0.011494, 51.426979 ], [ -0.011472, 51.426987 ], [ -0.011449, 51.426994 ], [ -0.011434, 51.427002 ], [ -0.011424, 51.42701 ], [ -0.011411, 51.427021 ], [ -0.011395, 51.427032 ], [ -0.011374, 51.427048 ], [ -0.011346, 51.427063 ], [ -0.01131, 51.427086 ], [ -0.011271, 51.427116 ], [ -0.011225, 51.427147 ], [ -0.011175, 51.427177 ], [ -0.011129, 51.427212 ], [ -0.011099, 51.427261 ], [ -0.011095, 51.427315 ], [ -0.011115, 51.427361 ], [ -0.01115, 51.427402 ], [ -0.011206, 51.427448 ], [ -0.011268, 51.427494 ], [ -0.011332, 51.42754 ], [ -0.011399, 51.427586 ], [ -0.011466, 51.427628 ], [ -0.011535, 51.427666 ], [ -0.011605, 51.427708 ], [ -0.011675, 51.42775 ], [ -0.011745, 51.427788 ], [ -0.011815, 51.42783 ], [ -0.011886, 51.427868 ], [ -0.011956, 51.427906 ], [ -0.012022, 51.427944 ], [ -0.012085, 51.427979 ], [ -0.012146, 51.428013 ], [ -0.012204, 51.428047 ], [ -0.012261, 51.428078 ], [ -0.012317, 51.428112 ], [ -0.012372, 51.428146 ], [ -0.012426, 51.428181 ], [ -0.01247, 51.428211 ], [ -0.01251, 51.428238 ], [ -0.012548, 51.428261 ], [ -0.01258, 51.42828 ], [ -0.01261, 51.428299 ], [ -0.01264, 51.428314 ], [ -0.01267, 51.428322 ], [ -0.012695, 51.428333 ], [ -0.012715, 51.428341 ], [ -0.012733, 51.428349 ], [ -0.012753, 51.428356 ], [ -0.012776, 51.428368 ], [ -0.012809, 51.428383 ], [ -0.012847, 51.428402 ], [ -0.012886, 51.428421 ], [ -0.012925, 51.428444 ], [ -0.012969, 51.428471 ], [ -0.013018, 51.428497 ], [ -0.013074, 51.428528 ], [ -0.013136, 51.428558 ], [ -0.0132, 51.428589 ], [ -0.01327, 51.428627 ], [ -0.013342, 51.428665 ], [ -0.013414, 51.428707 ], [ -0.01349, 51.428749 ], [ -0.013565, 51.428795 ], [ -0.013636, 51.428841 ], [ -0.013708, 51.428886 ], [ -0.013771, 51.428932 ], [ -0.013827, 51.428974 ], [ -0.013885, 51.429008 ], [ -0.013933, 51.429035 ], [ -0.013974, 51.429058 ], [ -0.014015, 51.429073 ], [ -0.014058, 51.429092 ], [ -0.014099, 51.429123 ], [ -0.014136, 51.429161 ], [ -0.014175, 51.429207 ], [ -0.014219, 51.429253 ], [ -0.014263, 51.429295 ], [ -0.014308, 51.429344 ], [ -0.014353, 51.42939 ], [ -0.014394, 51.429439 ], [ -0.014433, 51.429489 ], [ -0.014467, 51.429539 ], [ -0.014502, 51.429592 ], [ -0.014539, 51.429646 ], [ -0.014579, 51.429703 ], [ -0.014616, 51.42976 ], [ -0.014652, 51.429821 ], [ -0.014687, 51.429882 ], [ -0.01472, 51.429943 ], [ -0.014751, 51.43 ], [ -0.014783, 51.430061 ], [ -0.014818, 51.430122 ], [ -0.014852, 51.430183 ], [ -0.014886, 51.430244 ], [ -0.014923, 51.430305 ], [ -0.014962, 51.430363 ], [ -0.015007, 51.43042 ], [ -0.015057, 51.430477 ], [ -0.015106, 51.430538 ], [ -0.015151, 51.430595 ], [ -0.015196, 51.430653 ], [ -0.015243, 51.43071 ], [ -0.015294, 51.430767 ], [ -0.015348, 51.430824 ], [ -0.015404, 51.430882 ], [ -0.015461, 51.430939 ], [ -0.015525, 51.431 ], [ -0.01559, 51.431053 ], [ -0.015662, 51.43111 ], [ -0.015737, 51.431164 ], [ -0.015811, 51.431217 ], [ -0.015886, 51.431271 ], [ -0.015959, 51.431324 ], [ -0.01603, 51.431381 ], [ -0.0161, 51.431438 ], [ -0.016169, 51.431496 ], [ -0.016235, 51.431545 ], [ -0.016295, 51.431591 ], [ -0.016348, 51.431637 ], [ -0.016396, 51.431675 ], [ -0.016445, 51.431705 ], [ -0.016491, 51.431728 ], [ -0.016532, 51.431751 ], [ -0.016561, 51.431782 ], [ -0.016589, 51.431812 ], [ -0.016626, 51.431843 ], [ -0.016674, 51.431881 ], [ -0.016726, 51.431915 ], [ -0.016781, 51.431961 ], [ -0.016839, 51.432007 ], [ -0.016898, 51.432053 ], [ -0.016956, 51.432102 ], [ -0.01701, 51.432159 ], [ -0.017062, 51.432217 ], [ -0.017116, 51.432274 ], [ -0.017169, 51.432335 ], [ -0.017218, 51.432392 ], [ -0.017261, 51.432453 ], [ -0.017302, 51.432514 ], [ -0.017336, 51.432575 ], [ -0.017362, 51.432629 ], [ -0.017386, 51.432686 ], [ -0.017411, 51.432739 ], [ -0.017434, 51.432789 ], [ -0.017458, 51.432831 ], [ -0.01748, 51.432873 ], [ -0.017499, 51.432907 ], [ -0.017517, 51.432941 ], [ -0.017531, 51.432968 ], [ -0.017543, 51.432991 ], [ -0.017551, 51.433002 ], [ -0.017553, 51.43301 ], [ -0.017554, 51.433037 ], [ -0.017568, 51.433067 ], [ -0.017584, 51.433098 ], [ -0.017602, 51.433132 ], [ -0.017623, 51.43317 ], [ -0.017643, 51.433216 ], [ -0.01766, 51.433262 ], [ -0.017676, 51.433311 ], [ -0.01769, 51.433365 ], [ -0.017704, 51.433426 ], [ -0.017719, 51.433483 ], [ -0.017735, 51.433544 ], [ -0.017751, 51.433613 ], [ -0.017765, 51.433681 ], [ -0.017777, 51.433754 ], [ -0.017788, 51.433823 ], [ -0.017801, 51.433887 ], [ -0.017812, 51.43396 ], [ -0.017821, 51.434029 ], [ -0.01783, 51.434093 ], [ -0.01784, 51.434162 ], [ -0.017849, 51.434223 ], [ -0.017859, 51.434288 ], [ -0.017868, 51.434353 ], [ -0.017876, 51.434414 ], [ -0.017884, 51.434471 ], [ -0.017893, 51.434532 ], [ -0.017901, 51.434593 ], [ -0.017909, 51.434658 ], [ -0.017919, 51.434719 ], [ -0.017929, 51.434784 ], [ -0.017939, 51.434845 ], [ -0.017951, 51.434906 ], [ -0.017966, 51.434971 ], [ -0.01798, 51.435032 ], [ -0.01799, 51.435093 ], [ -0.018002, 51.43515 ], [ -0.018013, 51.435211 ], [ -0.018026, 51.435268 ], [ -0.018038, 51.435322 ], [ -0.018049, 51.435379 ], [ -0.018056, 51.435432 ], [ -0.018063, 51.435486 ], [ -0.018072, 51.435535 ], [ -0.018083, 51.435581 ], [ -0.018091, 51.435623 ], [ -0.018097, 51.435657 ], [ -0.018107, 51.435684 ], [ -0.018117, 51.435703 ], [ -0.018126, 51.435719 ], [ -0.018143, 51.43576 ], [ -0.018151, 51.435787 ], [ -0.018159, 51.435818 ], [ -0.018167, 51.435856 ], [ -0.018178, 51.435898 ], [ -0.018192, 51.435944 ], [ -0.018209, 51.435989 ], [ -0.018224, 51.436043 ], [ -0.018239, 51.436096 ], [ -0.018249, 51.436153 ], [ -0.01826, 51.436214 ], [ -0.018275, 51.436279 ], [ -0.018298, 51.43634 ], [ -0.018325, 51.436405 ], [ -0.018352, 51.436474 ], [ -0.018383, 51.436539 ], [ -0.018416, 51.436607 ], [ -0.018452, 51.436672 ], [ -0.018492, 51.436737 ], [ -0.018532, 51.436802 ], [ -0.018569, 51.436867 ], [ -0.018604, 51.436932 ], [ -0.018636, 51.437004 ], [ -0.018665, 51.437073 ], [ -0.018694, 51.437141 ], [ -0.018722, 51.43721 ], [ -0.01875, 51.437283 ], [ -0.018776, 51.437351 ], [ -0.018804, 51.437424 ], [ -0.018831, 51.437496 ], [ -0.018857, 51.437565 ], [ -0.018882, 51.437641 ], [ -0.018904, 51.43771 ], [ -0.018927, 51.437782 ], [ -0.018951, 51.437851 ], [ -0.01898, 51.437923 ], [ -0.019008, 51.437996 ], [ -0.019034, 51.438068 ], [ -0.019061, 51.438141 ], [ -0.019089, 51.438213 ], [ -0.019117, 51.438286 ], [ -0.019145, 51.438358 ], [ -0.019174, 51.438435 ], [ -0.019203, 51.438507 ], [ -0.019234, 51.43858 ], [ -0.01927, 51.438648 ], [ -0.019314, 51.438721 ], [ -0.019361, 51.438793 ], [ -0.019411, 51.438862 ], [ -0.019466, 51.438927 ], [ -0.019525, 51.438995 ], [ -0.019586, 51.43906 ], [ -0.019648, 51.439125 ], [ -0.019709, 51.439186 ], [ -0.019772, 51.439251 ], [ -0.019836, 51.439312 ], [ -0.0199, 51.439373 ], [ -0.019966, 51.43943 ], [ -0.020033, 51.439491 ], [ -0.020097, 51.439552 ], [ -0.020157, 51.439613 ], [ -0.020215, 51.439674 ], [ -0.020267, 51.439735 ], [ -0.020312, 51.439796 ], [ -0.020354, 51.439861 ], [ -0.020396, 51.439926 ], [ -0.020436, 51.439991 ], [ -0.020472, 51.44006 ], [ -0.020507, 51.440124 ], [ -0.020538, 51.440193 ], [ -0.020566, 51.440262 ], [ -0.020589, 51.440334 ], [ -0.020609, 51.440403 ], [ -0.020626, 51.440472 ], [ -0.020639, 51.44054 ], [ -0.020648, 51.440613 ], [ -0.020655, 51.440689 ], [ -0.02066, 51.440758 ], [ -0.020663, 51.44083 ], [ -0.020661, 51.440899 ], [ -0.020658, 51.440968 ], [ -0.020655, 51.441032 ], [ -0.020654, 51.441101 ], [ -0.020649, 51.441173 ], [ -0.02064, 51.441242 ], [ -0.02063, 51.441307 ], [ -0.020619, 51.441376 ], [ -0.020609, 51.441444 ], [ -0.020597, 51.441509 ], [ -0.020584, 51.441574 ], [ -0.02057, 51.441639 ], [ -0.020556, 51.441704 ], [ -0.020542, 51.441769 ], [ -0.020529, 51.441837 ], [ -0.020514, 51.441902 ], [ -0.020499, 51.441967 ], [ -0.020485, 51.442032 ], [ -0.020473, 51.442097 ], [ -0.02046, 51.442162 ], [ -0.020446, 51.442226 ], [ -0.02043, 51.442291 ], [ -0.020414, 51.442356 ], [ -0.020399, 51.442421 ], [ -0.020385, 51.442486 ], [ -0.020374, 51.442551 ], [ -0.020365, 51.442616 ], [ -0.020357, 51.442684 ], [ -0.020354, 51.442749 ], [ -0.020356, 51.442814 ], [ -0.020359, 51.442879 ], [ -0.020364, 51.442944 ], [ -0.020369, 51.443005 ], [ -0.020374, 51.443069 ], [ -0.02038, 51.443134 ], [ -0.020386, 51.443195 ], [ -0.020394, 51.443256 ], [ -0.020403, 51.443317 ], [ -0.020405, 51.443375 ], [ -0.020403, 51.443436 ], [ -0.020402, 51.443497 ], [ -0.020403, 51.443554 ], [ -0.020402, 51.443615 ], [ -0.0204, 51.443665 ], [ -0.020398, 51.443722 ], [ -0.020392, 51.443775 ], [ -0.020382, 51.443829 ], [ -0.020368, 51.443882 ], [ -0.020351, 51.443935 ], [ -0.020336, 51.443989 ], [ -0.020321, 51.444038 ], [ -0.020304, 51.444092 ], [ -0.020284, 51.444145 ], [ -0.020264, 51.444199 ], [ -0.020245, 51.444252 ], [ -0.020226, 51.444309 ], [ -0.020204, 51.444363 ], [ -0.020183, 51.444412 ], [ -0.020161, 51.444462 ], [ -0.020141, 51.444511 ], [ -0.020119, 51.444561 ], [ -0.020103, 51.444603 ], [ -0.020089, 51.444653 ], [ -0.020079, 51.444698 ], [ -0.020072, 51.44474 ], [ -0.020064, 51.444775 ], [ -0.020054, 51.444805 ], [ -0.020048, 51.444832 ], [ -0.020043, 51.444855 ], [ -0.020037, 51.44487 ], [ -0.020033, 51.444878 ], [ -0.020025, 51.444893 ], [ -0.020012, 51.444916 ], [ -0.019998, 51.444942 ], [ -0.01998, 51.444977 ], [ -0.019964, 51.445011 ], [ -0.01995, 51.445053 ], [ -0.019932, 51.445095 ], [ -0.019915, 51.445145 ], [ -0.019899, 51.445198 ], [ -0.019883, 51.445251 ], [ -0.019866, 51.445305 ], [ -0.01985, 51.445358 ], [ -0.019832, 51.445415 ], [ -0.01981, 51.445473 ], [ -0.019781, 51.445526 ], [ -0.019753, 51.445583 ], [ -0.019726, 51.445637 ], [ -0.0197, 51.445694 ], [ -0.019678, 51.445751 ], [ -0.019656, 51.445805 ], [ -0.01963, 51.445866 ], [ -0.019606, 51.445923 ], [ -0.019592, 51.445976 ], [ -0.019578, 51.44603 ], [ -0.019558, 51.446083 ], [ -0.019534, 51.446133 ], [ -0.01951, 51.446175 ], [ -0.019487, 51.446209 ], [ -0.019468, 51.446243 ], [ -0.019456, 51.446266 ], [ -0.01945, 51.446278 ], [ -0.019447, 51.446281 ], [ -0.019445, 51.446281 ], [ -0.019428, 51.4463 ], [ -0.019405, 51.446327 ], [ -0.019382, 51.446354 ], [ -0.019356, 51.446384 ], [ -0.019327, 51.446419 ], [ -0.019294, 51.446457 ], [ -0.019259, 51.446495 ], [ -0.019221, 51.446537 ], [ -0.019181, 51.446583 ], [ -0.01914, 51.446629 ], [ -0.019099, 51.446674 ], [ -0.019058, 51.446724 ], [ -0.019014, 51.446774 ], [ -0.018967, 51.446827 ], [ -0.018918, 51.44688 ], [ -0.018869, 51.446934 ], [ -0.018822, 51.446987 ], [ -0.018774, 51.447044 ], [ -0.018727, 51.447102 ], [ -0.018681, 51.447155 ], [ -0.018636, 51.447212 ], [ -0.018589, 51.447269 ], [ -0.018543, 51.447327 ], [ -0.0185, 51.447384 ], [ -0.018459, 51.447441 ], [ -0.018413, 51.447494 ], [ -0.018366, 51.447552 ], [ -0.018321, 51.447605 ], [ -0.018272, 51.447658 ], [ -0.018221, 51.447712 ], [ -0.018171, 51.447761 ], [ -0.01812, 51.447815 ], [ -0.018066, 51.447865 ], [ -0.018012, 51.447918 ], [ -0.01796, 51.447971 ], [ -0.017908, 51.448021 ], [ -0.017855, 51.448074 ], [ -0.017803, 51.448132 ], [ -0.017751, 51.448185 ], [ -0.017699, 51.448242 ], [ -0.017649, 51.448303 ], [ -0.0176, 51.44836 ], [ -0.017553, 51.448418 ], [ -0.01751, 51.448479 ], [ -0.01747, 51.448536 ], [ -0.017432, 51.448597 ], [ -0.017394, 51.448654 ], [ -0.017358, 51.448711 ], [ -0.017328, 51.448772 ], [ -0.017302, 51.44883 ], [ -0.017279, 51.448879 ], [ -0.017263, 51.448914 ], [ -0.017251, 51.448936 ], [ -0.017245, 51.448948 ], [ -0.017239, 51.448963 ], [ -0.017233, 51.448978 ], [ -0.017228, 51.449001 ], [ -0.017221, 51.449028 ], [ -0.017209, 51.449062 ], [ -0.017197, 51.449097 ], [ -0.017185, 51.449139 ], [ -0.017176, 51.449184 ], [ -0.017166, 51.449234 ], [ -0.017157, 51.449287 ], [ -0.017148, 51.449337 ], [ -0.017139, 51.449394 ], [ -0.017134, 51.449451 ], [ -0.017131, 51.449509 ], [ -0.017124, 51.44957 ], [ -0.017118, 51.449627 ], [ -0.017114, 51.449688 ], [ -0.017107, 51.449749 ], [ -0.017102, 51.449802 ], [ -0.017098, 51.44986 ], [ -0.017092, 51.449921 ], [ -0.017083, 51.449982 ], [ -0.017075, 51.450039 ], [ -0.017071, 51.450096 ], [ -0.017065, 51.45015 ], [ -0.017059, 51.450207 ], [ -0.017047, 51.450264 ], [ -0.017036, 51.450321 ], [ -0.017027, 51.450378 ], [ -0.017026, 51.450436 ], [ -0.017025, 51.450493 ], [ -0.017021, 51.45055 ], [ -0.017015, 51.450611 ], [ -0.017011, 51.450672 ], [ -0.017006, 51.450733 ], [ -0.017001, 51.450794 ], [ -0.016994, 51.450855 ], [ -0.016987, 51.450912 ], [ -0.016979, 51.450974 ], [ -0.016974, 51.451035 ], [ -0.016972, 51.451096 ], [ -0.016969, 51.451157 ], [ -0.016966, 51.451221 ], [ -0.016959, 51.451279 ], [ -0.016952, 51.451344 ], [ -0.016944, 51.451401 ], [ -0.016934, 51.451462 ], [ -0.016923, 51.451523 ], [ -0.016911, 51.451576 ], [ -0.016897, 51.451637 ], [ -0.016882, 51.451698 ], [ -0.016868, 51.451759 ], [ -0.016852, 51.45182 ], [ -0.016836, 51.451881 ], [ -0.016821, 51.451942 ], [ -0.016807, 51.452003 ], [ -0.016794, 51.452065 ], [ -0.016782, 51.452129 ], [ -0.016768, 51.452194 ], [ -0.016753, 51.452255 ], [ -0.016735, 51.45232 ], [ -0.016717, 51.452381 ], [ -0.016697, 51.452446 ], [ -0.016678, 51.452511 ], [ -0.01666, 51.452572 ], [ -0.016641, 51.452633 ], [ -0.016623, 51.452698 ], [ -0.016608, 51.452759 ], [ -0.016591, 51.452824 ], [ -0.016571, 51.452888 ], [ -0.01655, 51.452953 ], [ -0.016527, 51.453014 ], [ -0.016506, 51.453079 ], [ -0.016485, 51.453144 ], [ -0.016464, 51.453205 ], [ -0.016445, 51.45327 ], [ -0.016428, 51.453327 ], [ -0.01641, 51.453388 ], [ -0.016392, 51.453449 ], [ -0.016374, 51.45351 ], [ -0.016355, 51.453571 ], [ -0.016338, 51.453632 ], [ -0.01632, 51.453693 ], [ -0.016302, 51.453754 ], [ -0.016283, 51.453815 ], [ -0.016263, 51.453873 ], [ -0.016242, 51.453934 ], [ -0.016222, 51.453995 ], [ -0.016203, 51.454056 ], [ -0.016184, 51.454113 ], [ -0.016165, 51.454174 ], [ -0.016149, 51.454231 ], [ -0.016132, 51.454288 ], [ -0.016114, 51.45435 ], [ -0.016094, 51.454407 ], [ -0.016075, 51.454468 ], [ -0.016058, 51.454525 ], [ -0.01604, 51.454582 ], [ -0.016022, 51.454636 ], [ -0.016004, 51.454693 ], [ -0.015989, 51.45475 ], [ -0.015978, 51.454811 ], [ -0.015962, 51.454864 ], [ -0.015941, 51.454922 ], [ -0.015918, 51.454975 ], [ -0.015894, 51.455029 ], [ -0.015868, 51.455086 ], [ -0.015838, 51.455139 ], [ -0.015806, 51.455193 ], [ -0.015771, 51.455242 ], [ -0.015731, 51.455296 ], [ -0.015684, 51.455345 ], [ -0.01563, 51.455391 ], [ -0.015577, 51.455437 ], [ -0.01552, 51.455482 ], [ -0.015459, 51.455528 ], [ -0.0154, 51.45557 ], [ -0.015344, 51.455616 ], [ -0.01529, 51.455666 ], [ -0.015238, 51.455715 ], [ -0.015188, 51.455769 ], [ -0.015139, 51.455822 ], [ -0.015093, 51.455872 ], [ -0.015048, 51.455925 ], [ -0.015005, 51.455975 ], [ -0.014966, 51.456024 ], [ -0.014928, 51.45607 ], [ -0.01489, 51.456116 ], [ -0.014853, 51.456158 ], [ -0.014822, 51.456192 ], [ -0.014797, 51.456226 ], [ -0.014777, 51.456249 ], [ -0.014761, 51.456272 ], [ -0.014747, 51.456291 ], [ -0.014734, 51.45631 ], [ -0.014716, 51.456329 ], [ -0.014694, 51.456356 ], [ -0.01467, 51.456387 ], [ -0.014641, 51.456425 ], [ -0.014604, 51.456467 ], [ -0.014563, 51.456509 ], [ -0.014517, 51.456551 ], [ -0.014469, 51.456593 ], [ -0.014418, 51.456634 ], [ -0.014363, 51.45668 ], [ -0.014306, 51.456726 ], [ -0.014249, 51.456772 ], [ -0.014193, 51.456814 ], [ -0.014137, 51.456856 ], [ -0.014086, 51.456902 ], [ -0.014035, 51.456943 ], [ -0.013984, 51.456982 ], [ -0.013937, 51.45702 ], [ -0.013892, 51.457054 ], [ -0.013852, 51.457088 ], [ -0.013814, 51.457123 ], [ -0.013777, 51.457149 ], [ -0.013747, 51.457172 ], [ -0.013728, 51.457199 ], [ -0.013717, 51.457218 ], [ -0.013704, 51.457237 ], [ -0.013688, 51.45726 ], [ -0.013661, 51.457279 ], [ -0.013631, 51.457302 ], [ -0.013607, 51.457321 ], [ -0.013587, 51.457336 ], [ -0.01357, 51.457348 ], [ -0.013554, 51.457359 ], [ -0.013544, 51.457367 ], [ -0.013463, 51.457439 ], [ -0.013455, 51.457474 ], [ -0.013448, 51.457512 ], [ -0.013431, 51.45755 ], [ -0.01341, 51.457596 ], [ -0.013384, 51.457642 ], [ -0.013358, 51.457691 ], [ -0.013329, 51.457741 ], [ -0.0133, 51.457787 ], [ -0.013276, 51.457836 ], [ -0.013256, 51.457878 ], [ -0.013239, 51.457916 ], [ -0.013222, 51.457954 ], [ -0.0132, 51.457993 ], [ -0.013177, 51.458035 ], [ -0.013152, 51.45808 ], [ -0.013126, 51.45813 ], [ -0.013093, 51.458176 ], [ -0.013062, 51.458221 ], [ -0.013043, 51.458271 ], [ -0.01302, 51.458324 ], [ -0.012979, 51.458374 ], [ -0.01293, 51.45842 ], [ -0.012873, 51.458473 ], [ -0.01281, 51.458527 ], [ -0.012747, 51.458576 ], [ -0.01269, 51.458626 ], [ -0.012641, 51.458672 ], [ -0.012596, 51.458721 ], [ -0.012556, 51.458763 ], [ -0.012523, 51.458797 ], [ -0.012498, 51.458824 ], [ -0.012481, 51.458847 ], [ -0.012468, 51.458866 ], [ -0.012451, 51.458885 ], [ -0.01243, 51.458904 ], [ -0.012408, 51.458927 ], [ -0.012379, 51.458958 ], [ -0.012347, 51.458996 ], [ -0.012312, 51.459034 ], [ -0.012276, 51.459076 ], [ -0.012238, 51.459122 ], [ -0.012207, 51.459164 ], [ -0.012192, 51.459206 ], [ -0.012197, 51.459244 ], [ -0.012218, 51.459282 ], [ -0.012264, 51.45932 ], [ -0.012323, 51.459354 ], [ -0.012382, 51.459389 ], [ -0.01244, 51.459419 ], [ -0.012495, 51.459457 ], [ -0.012548, 51.459503 ], [ -0.012593, 51.459549 ], [ -0.012634, 51.459591 ], [ -0.012668, 51.459644 ], [ -0.012693, 51.459705 ], [ -0.012718, 51.459763 ], [ -0.012742, 51.459824 ], [ -0.01277, 51.459885 ], [ -0.012795, 51.459949 ], [ -0.012818, 51.46001 ], [ -0.012842, 51.460075 ], [ -0.012866, 51.460136 ], [ -0.012892, 51.460197 ], [ -0.012919, 51.460266 ], [ -0.012946, 51.460331 ], [ -0.012971, 51.460396 ], [ -0.012991, 51.460461 ], [ -0.013012, 51.460525 ], [ -0.013033, 51.460594 ], [ -0.013053, 51.460659 ], [ -0.013073, 51.460728 ], [ -0.013093, 51.460793 ], [ -0.013113, 51.460857 ], [ -0.013134, 51.460922 ], [ -0.013156, 51.460987 ], [ -0.013174, 51.461056 ], [ -0.013191, 51.461121 ], [ -0.013207, 51.461189 ], [ -0.013222, 51.461254 ], [ -0.013236, 51.461319 ], [ -0.013247, 51.461384 ], [ -0.013254, 51.461452 ], [ -0.013259, 51.461521 ], [ -0.013265, 51.461586 ], [ -0.013269, 51.461655 ], [ -0.013271, 51.461723 ], [ -0.01327, 51.461792 ], [ -0.013268, 51.461861 ], [ -0.013261, 51.461929 ], [ -0.013249, 51.462002 ], [ -0.013232, 51.46207 ], [ -0.013211, 51.462139 ], [ -0.013187, 51.462208 ], [ -0.01316, 51.462273 ], [ -0.013129, 51.462337 ], [ -0.013095, 51.462402 ], [ -0.013059, 51.462463 ], [ -0.013019, 51.462521 ], [ -0.012978, 51.462582 ], [ -0.01294, 51.462639 ], [ -0.012908, 51.462696 ], [ -0.012887, 51.462738 ], [ -0.012878, 51.462761 ], [ -0.012874, 51.46278 ], [ -0.012871, 51.462799 ], [ -0.012865, 51.462818 ], [ -0.012857, 51.462837 ], [ -0.012848, 51.462864 ], [ -0.012835, 51.462894 ], [ -0.012822, 51.462929 ], [ -0.012805, 51.462963 ], [ -0.012784, 51.463001 ], [ -0.01276, 51.463039 ], [ -0.012734, 51.463085 ], [ -0.012712, 51.463127 ], [ -0.012696, 51.463169 ], [ -0.01268, 51.463219 ], [ -0.012662, 51.463268 ], [ -0.012646, 51.463318 ], [ -0.012632, 51.463364 ], [ -0.012622, 51.463413 ], [ -0.012619, 51.463474 ], [ -0.012617, 51.463528 ], [ -0.012613, 51.463577 ], [ -0.012613, 51.463623 ], [ -0.012615, 51.463665 ], [ -0.01262, 51.463699 ], [ -0.012619, 51.463734 ], [ -0.012616, 51.463772 ], [ -0.012619, 51.46381 ], [ -0.012624, 51.463844 ], [ -0.012631, 51.463879 ], [ -0.012636, 51.463902 ], [ -0.012646, 51.463928 ], [ -0.01266, 51.463966 ], [ -0.012672, 51.464004 ], [ -0.012687, 51.464035 ], [ -0.012698, 51.464069 ], [ -0.012707, 51.464104 ], [ -0.012717, 51.464138 ], [ -0.012726, 51.464172 ], [ -0.012738, 51.464207 ], [ -0.012758, 51.464249 ], [ -0.012789, 51.464291 ], [ -0.012821, 51.464325 ], [ -0.01284, 51.46434 ], [ -0.012855, 51.464348 ], [ -0.012872, 51.464352 ], [ -0.012891, 51.464355 ], [ -0.012906, 51.464359 ], [ -0.012918, 51.464375 ], [ -0.012928, 51.464394 ], [ -0.012932, 51.464401 ], [ -0.012932, 51.464401 ], [ -0.012932, 51.464401 ], [ -0.012932, 51.464401 ], [ -0.012932, 51.464401 ], [ -0.012932, 51.464401 ], [ -0.012932, 51.464401 ], [ -0.012932, 51.464401 ], [ -0.012932, 51.464401 ], [ -0.013172, 51.464493 ], [ -0.013227, 51.464493 ], [ -0.013292, 51.464497 ], [ -0.013367, 51.464504 ], [ -0.013432, 51.464512 ], [ -0.013484, 51.464516 ], [ -0.013537, 51.464516 ], [ -0.013608, 51.464512 ], [ -0.013675, 51.464512 ], [ -0.013721, 51.464512 ], [ -0.013761, 51.464512 ], [ -0.013802, 51.464512 ], [ -0.01384, 51.464516 ], [ -0.013869, 51.464523 ], [ -0.013904, 51.464527 ], [ -0.013944, 51.464531 ], [ -0.013985, 51.464535 ], [ -0.014028, 51.464535 ], [ -0.014072, 51.464539 ], [ -0.014125, 51.464542 ], [ -0.01419, 51.464542 ], [ -0.014265, 51.464546 ], [ -0.01435, 51.46455 ], [ -0.014443, 51.464558 ], [ -0.014531, 51.464569 ], [ -0.01461, 51.464577 ], [ -0.01469, 51.464581 ], [ -0.014771, 51.464581 ], [ -0.014853, 51.464581 ], [ -0.014933, 51.464577 ], [ -0.015023, 51.464577 ], [ -0.015108, 51.464577 ], [ -0.015193, 51.464577 ], [ -0.015276, 51.464581 ], [ -0.015356, 51.464588 ], [ -0.01543, 51.464596 ], [ -0.015505, 51.4646 ], [ -0.015578, 51.464607 ], [ -0.015651, 51.464615 ], [ -0.015711, 51.464622 ], [ -0.015759, 51.464626 ], [ -0.0158, 51.46463 ], [ -0.015832, 51.46463 ], [ -0.015863, 51.46463 ], [ -0.015899, 51.46463 ], [ -0.01594, 51.46463 ], [ -0.015977, 51.464626 ], [ -0.016006, 51.464622 ], [ -0.016031, 51.464622 ], [ -0.016055, 51.464619 ], [ -0.016071, 51.464615 ], [ -0.016234, 51.464634 ], [ -0.016277, 51.464645 ], [ -0.01632, 51.464668 ], [ -0.016383, 51.464695 ], [ -0.016432, 51.464722 ], [ -0.016459, 51.464752 ], [ -0.016455, 51.464783 ], [ -0.016436, 51.464828 ], [ -0.016416, 51.464878 ], [ -0.016398, 51.464939 ], [ -0.016378, 51.464996 ], [ -0.016353, 51.465042 ], [ -0.016326, 51.46508 ], [ -0.016297, 51.465118 ], [ -0.016268, 51.46516 ], [ -0.016246, 51.465195 ], [ -0.016223, 51.465237 ], [ -0.016201, 51.465275 ], [ -0.016194, 51.465317 ], [ -0.016184, 51.465359 ], [ -0.016168, 51.465397 ], [ -0.01615, 51.465435 ], [ -0.016129, 51.465473 ], [ -0.016109, 51.465511 ], [ -0.01609, 51.465557 ], [ -0.016076, 51.465607 ], [ -0.016056, 51.465649 ], [ -0.016027, 51.465691 ], [ -0.016006, 51.465736 ], [ -0.015984, 51.465778 ], [ -0.015959, 51.465816 ], [ -0.015935, 51.465851 ], [ -0.015922, 51.465877 ], [ -0.015925, 51.4659 ], [ -0.015942, 51.465916 ], [ -0.015968, 51.465927 ], [ -0.016006, 51.465939 ], [ -0.016055, 51.465946 ], [ -0.016111, 51.465958 ], [ -0.016175, 51.46598 ], [ -0.016245, 51.466011 ], [ -0.016307, 51.466038 ], [ -0.016367, 51.466064 ], [ -0.016424, 51.466087 ], [ -0.016488, 51.46611 ], [ -0.01655, 51.466133 ], [ -0.016624, 51.466156 ], [ -0.016703, 51.466179 ], [ -0.01678, 51.466202 ], [ -0.016861, 51.466228 ], [ -0.016945, 51.466259 ], [ -0.017032, 51.46629 ], [ -0.017118, 51.466324 ], [ -0.017204, 51.466362 ], [ -0.017288, 51.4664 ], [ -0.017369, 51.466434 ], [ -0.017454, 51.466469 ], [ -0.017535, 51.466511 ], [ -0.017613, 51.466553 ], [ -0.017685, 51.466595 ], [ -0.017741, 51.46664 ], [ -0.017792, 51.466686 ], [ -0.017847, 51.466736 ], [ -0.017907, 51.466785 ], [ -0.017958, 51.466835 ], [ -0.01801, 51.466877 ], [ -0.018063, 51.466923 ], [ -0.018113, 51.466969 ], [ -0.018158, 51.467018 ], [ -0.018202, 51.467071 ], [ -0.018243, 51.467117 ], [ -0.018286, 51.467163 ], [ -0.018327, 51.467216 ], [ -0.018361, 51.46727 ], [ -0.018381, 51.467323 ], [ -0.018389, 51.467381 ], [ -0.018394, 51.467442 ], [ -0.018391, 51.467499 ], [ -0.01839, 51.467556 ], [ -0.018391, 51.467621 ], [ -0.018399, 51.467686 ], [ -0.018412, 51.467754 ], [ -0.01843, 51.467819 ], [ -0.018449, 51.467884 ], [ -0.018472, 51.467945 ], [ -0.018497, 51.468006 ], [ -0.018524, 51.468067 ], [ -0.018549, 51.468128 ], [ -0.018573, 51.468185 ], [ -0.018598, 51.468246 ], [ -0.01863, 51.468296 ], [ -0.01867, 51.468346 ], [ -0.018712, 51.468399 ], [ -0.018751, 51.468449 ], [ -0.01879, 51.468502 ], [ -0.01883, 51.468559 ], [ -0.01887, 51.468613 ], [ -0.01891, 51.46867 ], [ -0.01895, 51.468723 ], [ -0.018992, 51.468777 ], [ -0.019036, 51.468826 ], [ -0.019082, 51.468876 ], [ -0.019132, 51.468925 ], [ -0.019185, 51.468967 ], [ -0.019242, 51.469009 ], [ -0.019302, 51.469048 ], [ -0.019363, 51.46909 ], [ -0.019429, 51.469135 ], [ -0.019497, 51.469173 ], [ -0.019565, 51.469219 ], [ -0.019635, 51.469261 ], [ -0.019706, 51.469307 ], [ -0.019778, 51.469353 ], [ -0.019848, 51.469398 ], [ -0.019919, 51.46944 ], [ -0.019993, 51.469479 ], [ -0.020068, 51.469513 ], [ -0.02014, 51.469551 ], [ -0.020211, 51.469593 ], [ -0.020283, 51.469631 ], [ -0.020354, 51.469673 ], [ -0.020426, 51.469715 ], [ -0.020496, 51.469761 ], [ -0.020563, 51.469803 ], [ -0.020628, 51.469849 ], [ -0.020691, 51.469898 ], [ -0.02075, 51.469948 ], [ -0.02081, 51.469994 ], [ -0.020871, 51.470043 ], [ -0.02093, 51.470093 ], [ -0.020987, 51.470146 ], [ -0.021041, 51.470196 ], [ -0.021094, 51.470245 ], [ -0.021148, 51.470295 ], [ -0.021202, 51.470345 ], [ -0.021255, 51.470394 ], [ -0.021307, 51.470444 ], [ -0.021361, 51.470493 ], [ -0.021416, 51.470543 ], [ -0.021472, 51.470592 ], [ -0.021527, 51.470642 ], [ -0.021586, 51.470692 ], [ -0.021643, 51.470737 ], [ -0.021698, 51.470787 ], [ -0.021749, 51.470833 ], [ -0.021805, 51.470879 ], [ -0.021861, 51.470928 ], [ -0.021913, 51.470974 ], [ -0.021965, 51.471027 ], [ -0.02202, 51.471077 ], [ -0.022076, 51.471127 ], [ -0.022131, 51.471176 ], [ -0.022187, 51.471226 ], [ -0.022244, 51.471275 ], [ -0.022299, 51.471325 ], [ -0.022353, 51.471374 ], [ -0.022404, 51.471424 ], [ -0.02245, 51.471478 ], [ -0.02249, 51.471535 ], [ -0.022527, 51.471592 ], [ -0.022562, 51.471645 ], [ -0.022593, 51.471699 ], [ -0.022618, 51.471748 ], [ -0.022642, 51.471798 ], [ -0.022664, 51.471847 ], [ -0.022683, 51.471897 ], [ -0.0227, 51.471947 ], [ -0.022716, 51.471992 ], [ -0.022732, 51.472046 ], [ -0.022747, 51.472096 ], [ -0.022762, 51.472145 ], [ -0.022775, 51.472198 ], [ -0.022787, 51.472248 ], [ -0.022804, 51.472298 ], [ -0.022829, 51.472351 ], [ -0.022862, 51.472401 ], [ -0.022903, 51.47245 ], [ -0.022951, 51.472496 ], [ -0.023003, 51.472538 ], [ -0.023061, 51.47258 ], [ -0.023121, 51.472614 ], [ -0.02318, 51.472652 ], [ -0.023236, 51.472687 ], [ -0.023288, 51.472725 ], [ -0.023338, 51.472759 ], [ -0.023385, 51.472797 ], [ -0.023426, 51.472832 ], [ -0.023462, 51.472862 ], [ -0.023498, 51.472893 ], [ -0.023537, 51.472923 ], [ -0.023575, 51.472958 ], [ -0.023615, 51.472988 ], [ -0.023655, 51.473022 ], [ -0.023692, 51.473053 ], [ -0.023727, 51.473087 ], [ -0.023757, 51.473114 ], [ -0.023778, 51.473137 ], [ -0.023793, 51.473152 ], [ -0.023801, 51.473164 ], [ -0.023808, 51.473171 ], [ -0.023839, 51.473213 ], [ -0.023852, 51.473232 ], [ -0.023866, 51.473244 ], [ -0.023878, 51.473259 ], [ -0.02389, 51.473282 ], [ -0.023898, 51.473312 ], [ -0.023904, 51.473343 ], [ -0.023916, 51.473381 ], [ -0.023935, 51.473423 ], [ -0.023958, 51.473465 ], [ -0.023981, 51.473499 ], [ -0.024003, 51.47353 ], [ -0.024019, 51.473549 ], [ -0.024028, 51.473556 ], [ -0.024031, 51.473556 ], [ -0.024032, 51.47356 ], [ -0.024032, 51.47356 ], [ -0.024032, 51.47356 ], [ -0.024032, 51.47356 ], [ -0.024038, 51.473602 ], [ -0.024045, 51.473629 ], [ -0.024054, 51.473663 ], [ -0.024067, 51.473694 ], [ -0.024083, 51.473724 ], [ -0.024094, 51.473755 ], [ -0.024105, 51.473793 ], [ -0.024118, 51.473839 ], [ -0.024129, 51.473881 ], [ -0.024136, 51.473919 ], [ -0.024143, 51.473953 ], [ -0.024149, 51.473988 ], [ -0.024152, 51.474014 ], [ -0.024152, 51.474045 ], [ -0.024151, 51.474071 ], [ -0.024154, 51.474102 ], [ -0.024164, 51.474132 ], [ -0.024175, 51.474167 ], [ -0.024177, 51.474197 ], [ -0.024177, 51.474224 ], [ -0.02417, 51.474255 ], [ -0.024162, 51.474285 ], [ -0.024156, 51.474308 ], [ -0.024154, 51.474335 ], [ -0.024156, 51.474361 ], [ -0.024167, 51.474384 ], [ -0.02418, 51.4744 ], [ -0.02418, 51.474411 ], [ -0.024172, 51.474419 ], [ -0.024165, 51.474422 ], [ -0.024163, 51.474426 ], [ -0.024163, 51.474449 ], [ -0.024155, 51.474484 ], [ -0.024142, 51.474522 ], [ -0.024126, 51.474564 ], [ -0.024109, 51.474602 ], [ -0.024084, 51.47464 ], [ -0.024055, 51.474686 ], [ -0.024024, 51.474731 ], [ -0.023992, 51.474773 ], [ -0.023958, 51.474819 ], [ -0.023926, 51.474869 ], [ -0.023892, 51.474918 ], [ -0.023855, 51.47496 ], [ -0.023818, 51.47501 ], [ -0.023787, 51.475056 ], [ -0.023757, 51.475105 ], [ -0.02373, 51.475155 ], [ -0.023698, 51.475201 ], [ -0.023665, 51.475246 ], [ -0.023633, 51.475296 ], [ -0.023597, 51.475346 ], [ -0.02356, 51.475388 ], [ -0.023522, 51.475437 ], [ -0.023484, 51.475487 ], [ -0.023445, 51.475533 ], [ -0.023402, 51.475578 ], [ -0.02336, 51.475628 ], [ -0.02332, 51.475677 ], [ -0.02328, 51.475727 ], [ -0.023242, 51.475777 ], [ -0.023205, 51.475826 ], [ -0.02317, 51.475876 ], [ -0.02314, 51.475929 ], [ -0.023111, 51.475979 ], [ -0.023081, 51.476028 ], [ -0.023045, 51.476078 ], [ -0.023011, 51.47612 ], [ -0.022978, 51.476166 ], [ -0.022952, 51.476215 ], [ -0.022932, 51.476261 ], [ -0.022904, 51.476303 ], [ -0.02287, 51.476345 ], [ -0.022831, 51.476379 ], [ -0.022786, 51.476402 ], [ -0.022743, 51.47641 ], [ -0.022696, 51.47641 ], [ -0.022643, 51.476402 ], [ -0.022594, 51.476387 ], [ -0.022547, 51.476379 ], [ -0.022499, 51.476376 ], [ -0.02245, 51.476379 ], [ -0.0224, 51.476391 ], [ -0.02235, 51.476402 ], [ -0.022307, 51.476414 ], [ -0.022258, 51.476421 ], [ -0.022206, 51.476433 ], [ -0.022163, 51.47644 ], [ -0.022129, 51.476448 ], [ -0.022105, 51.476456 ], [ -0.02209, 51.476463 ], [ -0.022088, 51.476475 ], [ -0.022093, 51.47649 ], [ -0.022095, 51.476505 ], [ -0.022094, 51.476517 ], [ -0.022097, 51.476528 ], [ -0.022103, 51.47654 ], [ -0.022109, 51.476551 ], [ -0.022114, 51.476559 ], [ -0.022115, 51.476562 ], [ -0.022115, 51.476562 ], [ -0.022115, 51.476562 ], [ -0.022115, 51.476562 ], [ -0.022115, 51.476562 ], [ -0.022115, 51.476562 ], [ -0.022115, 51.476562 ], [ -0.022115, 51.476562 ], [ -0.022115, 51.476562 ], [ -0.022115, 51.476562 ], [ -0.022115, 51.476562 ] ] } }
]
}
