Index,"Region, development group, country or area of destination",Coverage,Data type,Location code of destination,"Region, development group, country or area of origin",Location code of origin,1990,1995,2000,2005,2010,2015,2020,2024,1990,1995,2000,2005,2010,2015,2020,2024,1990,1995,2000,2005,2010,2015,2020,2024
287,Sub-Saharan Africa,,,1834,World,900,13 802 710,14 578 211,13 518 102,14 849 146,15 787 016,20 399 360,22 040 895,24 306 400,7 383 333,7 744 133,7 203 357,8 094 597,8 561 263,11 102 828,11 761 987,12 765 990,6 419 377,6 834 078,6 314 745,6 754 549,7 225 753,9 296 532,10 278 908,11 540 410
288,Sub-Saharan Africa,,,1834,Sub-Saharan Africa,1834,11 007 568,12 012 007,10 906 522,11 689 672,12 692 139,15 919 484,18 164 495,19 564 204,5 873 381,6 394 959,5 850 044,6 439 137,6 871 666,8 579 177,9 713 391,10 341 017,5 134 187,5 617 048,5 056 478,5 250 535,5 820 473,7 340 307,8 451 104,9 223 187
289,Sub-Saharan Africa,,,1834,Northern Africa and Western Asia,1833,202 330,359 813,419 821,678 898,513 008,1 147 483,1 262 939,2 073 396,102 720,184 395,213 095,334 164,243 062,555 953,604 818,961 963,99 610,175 418,206 726,344 734,269 946,591 530,658 121,1 111 433
290,Sub-Saharan Africa,,,1834,Central and Southern Asia,1831,36 180,41 137,52 282,95 066,114 009,148 310,171 284,146 968,19 612,23 483,31 479,61 882,76 139,103 449,120 676,100 211,16 568,17 654,20 803,33 184,37 870,44 861,50 608,46 757
291,Sub-Saharan Africa,,,1834,Eastern and South-Eastern Asia,1832,26 214,27 909,36 844,44 714,81 016,103 615,83 201,73 516,15 735,15 450,18 173,25 041,45 568,58 198,46 808,41 581,10 479,12 459,18 671,19 673,35 448,45 417,36 393,31 935
292,Sub-Saharan Africa,,,1834,Latin America and the Caribbean,1830,7 358,7 705,7 365,7 463,13 641,22 594,23 815,25 119,3 550,3 715,3 455,3 638,6 765,11 755,12 325,12 891,3 808,3 990,3 910,3 825,6 876,10 839,11 490,12 228
293,Sub-Saharan Africa,,,1834,Oceania (excluding Australia and New Zealand),1835,190,148,155,219,971,2 411,3 016,3 553,113,84,85,124,498,1 319,1 660,1 977,77,64,70,95,473,1 092,1 356,1 576
294,Sub-Saharan Africa,,,1834,Australia/New Zealand,1836,7 182,6 393,5 710,5 487,5 611,5 444,5 408,5 566,3 437,3 072,2 761,2 682,2 778,2 718,2 716,2 802,3 745,3 321,2 949,2 805,2 833,2 726,2 692,2 764
295,Sub-Saharan Africa,,,1834,Europe and Northern America,1829,503 931,445 693,443 252,434 212,428 234,418 863,409 905,412 244,262 146,232 002,232 126,233 162,233 106,226 316,216 902,215 040,241 785,213 691,211 126,201 050,195 128,192 547,193 003,197 204
296,Sub-Saharan Africa,,,1834,More developed regions,901,512 200,453 045,449 983,440 790,435 523,425 942,416 902,419 532,266 161,235 581,235 427,236 437,236 752,229 868,220 416,218 696,246 039,217 464,214 556,204 353,198 771,196 074,196 486,200 836
297,Sub-Saharan Africa,,,1834,Less developed regions,902,11 278 753,12 447 760,11 421 968,12 514 941,13 413 106,17 342 262,19 707 161,21 885 034,6 014 533,6 621 579,6 115 791,6 863 393,7 242 830,9 309 017,10 498 880,11 458 786,5 264 220,5 826 181,5 306 177,5 651 548,6 170 276,8 033 245,9 208 281,10 426 248
298,Sub-Saharan Africa,,,1834,Least developed countries,941,9 749 423,10 771 835,9 551 572,10 031 387,10 247 357,13 422 546,15 412 644,17 315 114,5 227 490,5 757 914,5 148 346,5 558 184,5 578 726,7 237 572,8 259 480,9 103 456,4 521 933,5 013 921,4 403 226,4 473 203,4 668 631,6 184 974,7 153 164,8 211 658
299,Sub-Saharan Africa,,,1834,"Less developed regions, excluding least developed countries",934,1 529 330,1 675 925,1 870 396,2 483 554,3 165 749,3 919 716,4 294 517,4 569 920,787 043,863 665,967 445,1 305 209,1 664 104,2 071 445,2 239 400,2 355 330,742 287,812 260,902 951,1 178 345,1 501 645,1 848 271,2 055 117,2 214 590
300,Sub-Saharan Africa,,,1834,"Less developed regions, excluding China",948,11 261 873,12 428 969,11 394 479,12 479 447,13 344 593,17 252 448,19 637 664,21 825 939,6 003 844,6 610 941,6 102 365,6 843 077,7 203 573,9 257 931,10 459 077,11 424 479,5 258 029,5 818 028,5 292 114,5 636 370,6 141 020,7 994 517,9 178 587,10 401 460
301,Sub-Saharan Africa,,,1834,Land-locked Developing Countries (LLDC),1636,4 504 779,6 009 456,4 852 330,5 275 086,5 766 424,7 803 734,9 356 021,10 041 964,2 505 805,3 250 887,2 683 217,3 012 853,3 213 359,4 310 289,5 088 146,5 387 075,1 998 974,2 758 569,2 169 113,2 262 233,2 553 065,3 493 445,4 267 875,4 654 889
302,Sub-Saharan Africa,,,1834,Small Island Developing States (SIDS),1637,92 639,112 638,136 190,161 517,184 100,206 111,237 944,270 066,46 343,56 287,69 041,79 911,88 950,99 847,115 419,130 590,46 296,56 351,67 149,81 606,95 150,106 264,122 525,139 476
303,Sub-Saharan Africa,,,1834,High-and-upper-middle-income countries,5503,742 307,687 578,727 565,754 595,795 130,855 577,841 168,849 181,391 779,360 565,379 292,398 667,422 662,458 842,446 096,446 840,350 528,327 013,348 273,355 928,372 468,396 735,395 072,402 341
304,Sub-Saharan Africa,,,1834,Low-and-Lower-middle-income countries,5504,11 048 224,12 212 910,11 144 050,12 200 678,13 026 063,16 882 871,19 250 191,21 420 149,5 888 644,6 496 396,5 971 725,6 700 889,7 042 502,9 064 414,10 255 998,11 212 133,5 159 580,5 716 514,5 172 325,5 499 789,5 983 561,7 818 457,8 994 193,10 208 016
305,Sub-Saharan Africa,,,1834,High-income countries,1503,531 317,476 023,473 949,467 959,470 953,467 409,461 318,467 280,276 439,247 651,247 872,249 605,254 088,250 641,242 716,242 659,254 878,228 372,226 077,218 354,216 865,216 768,218 602,224 621
306,Sub-Saharan Africa,,,1834,Low-and-middle-income countries,1859,11 259 214,12 424 465,11 397 666,12 487 314,13 350 240,17 271 039,19 630 041,21 802 050,6 003 984,6 609 310,6 103 145,6 849 951,7 211 076,9 272 615,10 459 378,11 416 314,5 255 230,5 815 155,5 294 521,5 637 363,6 139 164,7 998 424,9 170 663,10 385 736
307,Sub-Saharan Africa,,,1834,Middle-income countries,1517,3 437 849,3 537 334,3 945 742,4 553 249,5 246 972,6 073 075,6 598 495,7 010 333,1 839 511,1 886 954,2 077 061,2 420 424,2 783 303,3 230 919,3 477 842,3 652 286,1 598 338,1 650 380,1 868 681,2 132 825,2 463 669,2 842 156,3 120 653,3 358 047
308,Sub-Saharan Africa,,,1834,Upper-middle-income countries,1502,210 990,211 555,253 616,286 636,324 177,388 168,379 850,381 901,115 340,112 914,131 420,149 062,168 574,208 201,203 380,204 181,95 650,98 641,122 196,137 574,155 603,179 967,176 470,177 720
309,Sub-Saharan Africa,,,1834,Lower-middle-income countries,1501,3 226 859,3 325 779,3 692 126,4 266 613,4 922 795,5 684 907,6 218 645,6 628 432,1 724 171,1 774 040,1 945 641,2 271 362,2 614 729,3 022 718,3 274 462,3 448 105,1 502 688,1 551 739,1 746 485,1 995 251,2 308 066,2 662 189,2 944 183,3 180 327
310,Sub-Saharan Africa,,,1834,Low-income countries,1500,7 821 365,8 887 131,7 451 924,7 934 065,8 103 268,11 197 964,13 031 546,14 791 717,4 164 473,4 722 356,4 026 084,4 429 527,4 427 773,6 041 696,6 981 536,7 764 028,3 656 892,4 164 775,3 425 840,3 504 538,3 675 495,5 156 268,6 050 010,7 027 689
311,Sub-Saharan Africa,,,1834,No income group available,1518,422,317,336,458,26 676,28 821,31 608,34 006,271,199,201,274,14 076,15 208,16 707,17 953,151,118,135,184,12 600,13 613,14 901,16 053
312,Sub-Saharan Africa,,,1834,AFRICA,903,11 191 152,12 353 767,11 308 262,12 353 913,13 185 924,17 033 013,19 384 236,21 587 670,5 965 541,6 569 160,6 053 102,6 764 503,7 103 634,9 116 385,10 294 363,11 275 572,5 225 611,5 784 607,5 255 160,5 589 410,6 082 290,7 916 628,9 089 873,10 312 098
313,Sub-Saharan Africa,,,1834,Eastern Africa,910,5 230 456,5 339 653,3 752 381,3 714 090,4 172 493,5 813 626,6 945 307,7 547 389,2 709 892,2 771 492,1 978 859,2 073 087,2 242 146,3 112 589,3 665 961,3 908 027,2 520 564,2 568 161,1 773 522,1 641 003,1 930 347,2 701 037,3 279 346,3 639 362
314,Sub-Saharan Africa,,,1834,Burundi,108,339 248,544 854,795 350,640 126,273 621,422 725,523 431,538 151,172 271,276 854,407 513,398 539,139 983,211 493,264 315,269 420,166 977,268 000,387 837,241 587,133 638,211 232,259 116,268 731
315,Sub-Saharan Africa,,,1834,Comoros,174,19 313,28 911,46 472,61 580,69 337,78 054,102 638,128 602,11 169,16 073,24 216,31 254,33 901,37 552,49 035,61 155,8 144,12 838,22 256,30 326,35 436,40 502,53 603,67 447
316,Sub-Saharan Africa,,,1834,Djibouti,262,975,18 802,2 300,796,788,779,745,1 379,523,9 282,1 165,424,420,418,403,742,452,9 520,1 135,372,368,361,342,637
317,Sub-Saharan Africa,,,1834,Eritrea,232,64 278,49 337,29 318,21 500,52 295,157 986,194 336,227 040,34 468,26 455,15 636,11 311,26 181,78 764,96 566,111 727,29 810,22 882,13 682,10 189,26 114,79 222,97 770,115 313
318,Sub-Saharan Africa,,,1834,Ethiopia,231,501 724,59 643,33 760,46 213,105 618,149 949,200 492,200 987,256 844,31 689,17 364,27 446,59 905,97 848,138 103,136 984,244 880,27 954,16 396,18 767,45 713,52 101,62 389,64 003
319,Sub-Saharan Africa,,,1834,Kenya,404,75 295,85 664,83 909,98 806,106 228,108 164,106 067,107 510,35 499,40 463,39 341,48 783,51 006,52 811,52 162,52 594,39 796,45 201,44 568,50 023,55 222,55 353,53 905,54 916
320,Sub-Saharan Africa,,,1834,Madagascar,450,15 903,21 001,27 261,31 560,34 553,36 148,38 952,41 792,7 619,9 996,12 813,15 083,16 690,17 491,18 816,20 152,8 284,11 005,14 448,16 477,17 863,18 657,20 136,21 640
321,Sub-Saharan Africa,,,1834,Malawi,454,137 769,133 649,166 895,214 908,257 714,305 021,370 347,424 739,85 132,78 972,98 951,128 767,157 126,189 905,229 630,257 731,52 637,54 677,67 944,86 141,100 588,115 116,140 717,167 008
322,Sub-Saharan Africa,,,1834,Mauritius,480,6 668,8 264,8 814,9 377,8 762,8 436,8 089,8 247,3 466,4 327,4 534,4 840,4 425,4 238,4 028,4 086,3 202,3 937,4 280,4 537,4 337,4 198,4 061,4 161
323,Sub-Saharan Africa,,,1834,Mayotte,175,1 800,3 893,6 162,6 410,6 294,6 507,6 740,6 933,967,1 924,2 948,3 107,3 085,3 173,3 287,3 381,833,1 969,3 214,3 303,3 209,3 334,3 453,3 552
324,Sub-Saharan Africa,,,1834,Mozambique,508,1 912 232,685 416,571 888,562 837,589 994,597 358,603 616,606 988,1 014 715,425 326,358 655,357 356,374 695,376 731,377 563,375 509,897 517,260 090,213 233,205 481,215 299,220 627,226 053,231 479
325,Sub-Saharan Africa,,,1834,Réunion,638,2 986,2 587,1 879,1 358,1 080,958,899,893,1 767,1 455,1 005,708,561,501,474,469,1 219,1 132,874,650,519,457,425,424
326,Sub-Saharan Africa,,,1834,Rwanda,646,579 869,2 103 655,337 470,279 137,314 238,472 341,459 224,508 207,290 787,1 041 969,166 870,137 552,152 122,232 198,224 768,247 341,289 082,1 061 686,170 600,141 585,162 116,240 143,234 456,260 866
327,Sub-Saharan Africa,,,1834,Seychelles,690,6 955,9 389,10 761,14 563,16 408,17 065,17 889,18 671,3 583,4 833,5 354,6 632,7 436,7 793,8 283,8 678,3 372,4 556,5 407,7 931,8 972,9 272,9 606,9 993
328,Sub-Saharan Africa,,,1834,Somalia,706,508 013,585 792,436 649,360 398,624 521,953 189,828 432,1 004 109,256 646,300 050,224 800,197 327,329 624,499 956,434 425,524 792,251 367,285 742,211 849,163 071,294 897,453 233,394 007,479 317
329,Sub-Saharan Africa,,,1834,South Sudan,728,469 191,256 478,273 844,200 890,92 585,566 095,1 456 853,1 589 436,230 948,129 545,137 134,101 888,47 309,278 810,709 026,740 301,238 243,126 933,136 710,99 002,45 276,287 285,747 827,849 135
330,Sub-Saharan Africa,,,1834,Uganda,800,159 948,223 060,383 693,434 783,561 008,595 059,558 216,546 607,81 211,107 999,187 678,219 096,275 688,294 712,278 188,271 957,78 737,115 061,196 015,215 687,285 320,300 347,280 028,274 650
331,Sub-Saharan Africa,,,1834,United Republic of Tanzania,834,168 172,182 469,162 865,170 444,171 992,173 162,169 216,169 439,88 033,94 293,81 542,86 462,85 252,86 023,84 298,83 906,80 139,88 176,81 323,83 982,86 740,87 139,84 918,85 533
332,Sub-Saharan Africa,,,1834,Zambia,894,69 439,110 802,119 029,126 432,125 348,117 726,110 616,109 527,34 791,52 933,57 348,61 587,60 692,57 676,55 455,55 198,34 648,57 869,61 681,64 845,64 656,60 050,55 161,54 329
333,Sub-Saharan Africa,,,1834,Zimbabwe,716,190 678,225 987,254 062,431 972,760 109,1 046 904,1 188 509,1 308 132,99 453,117 054,133 992,234 925,416 045,584 496,637 136,681 904,91 225,108 933,120 070,197 047,344 064,462 408,551 373,626 228
334,Sub-Saharan Africa,,,1834,Middle Africa,911,1 233 824,1 216 078,1 732 063,1 896 019,2 059 399,2 742 132,3 271 741,3 578 793,613 518,611 390,870 383,992 608,1 042 734,1 414 778,1 689 555,1 819 095,620 306,604 688,861 680,903 411,1 016 665,1 327 354,1 582 186,1 759 698
335,Sub-Saharan Africa,,,1834,Angola,24,649 453,491 718,688 523,479 472,425 317,344 095,344 159,383 419,319 854,249 075,349 086,241 370,214 636,178 855,177 607,197 715,329 599,242 643,339 437,238 102,210 681,165 240,166 552,185 704
336,Sub-Saharan Africa,,,1834,Cameroon,120,63 197,72 098,83 091,87 554,102 606,126 648,162 859,174 945,33 785,38 250,44 155,46 077,53 792,69 268,88 603,94 664,29 412,33 848,38 936,41 477,48 814,57 380,74 256,80 281
337,Sub-Saharan Africa,,,1834,Central African Republic,140,19 145,21 108,26 208,94 127,211 736,651 835,767 522,859 699,10 234,10 700,12 663,42 650,103 207,331 182,385 233,431 472,8 911,10 408,13 545,51 477,108 529,320 653,382 289,428 227
338,Sub-Saharan Africa,,,1834,Chad,148,123 318,120 656,118 346,114 053,104 315,96 567,96 316,103 490,62 975,61 826,60 947,62 933,58 536,54 515,54 471,58 393,60 343,58 830,57 399,51 120,45 779,42 052,41 845,45 097
339,Sub-Saharan Africa,,,1834,Congo,178,34 218,46 186,60 479,88 468,87 471,107 932,116 103,118 780,17 335,23 320,31 058,45 364,46 091,56 432,62 156,61 855,16 883,22 866,29 421,43 104,41 380,51 500,53 947,56 925
340,Sub-Saharan Africa,,,1834,Democratic Republic of the Congo,180,302 346,410 391,689 887,944 949,1 037 153,1 284 326,1 642 408,1 786 123,148 393,201 512,339 919,510 234,520 559,651 948,842 323,890 304,153 953,208 879,349 968,434 715,516 594,632 378,800 085,895 819
341,Sub-Saharan Africa,,,1834,Equatorial Guinea,226,27 732,36 868,46 102,53 170,61 609,96 124,104 343,111 472,13 639,18 111,22 806,26 549,31 415,54 995,59 620,63 668,14 093,18 757,23 296,26 621,30 194,41 129,44 723,47 804
342,Sub-Saharan Africa,,,1834,Gabon,266,6 331,7 009,7 436,21 422,15 382,18 868,20 890,22 765,3 327,3 695,3 912,11 267,7 890,9 564,10 610,11 576,3 004,3 314,3 524,10 155,7 492,9 304,10 280,11 189
343,Sub-Saharan Africa,,,1834,Sao Tome and Principe,678,8 084,10 044,11 991,12 804,13 810,15 737,17 141,18 100,3 976,4 901,5 837,6 164,6 608,8 019,8 932,9 448,4 108,5 143,6 154,6 640,7 202,7 718,8 209,8 652
344,Sub-Saharan Africa,,,1834,Northern Africa,912,183 584,341 760,401 740,664 241,493 785,1 113 529,1 219 741,2 023 466,92 160,174 201,203 058,325 366,231 968,537 208,580 972,934 555,91 424,167 559,198 682,338 875,261 817,576 321,638 769,1 088 911
345,Sub-Saharan Africa,,,1834,Algeria,12,6 966,7 103,6 871,8 825,7 196,15 462,15 682,15 813,3 190,3 256,3 166,4 156,3 567,8 622,8 705,8 713,3 776,3 847,3 705,4 669,3 629,6 840,6 977,7 100
346,Sub-Saharan Africa,,,1834,Egypt,818,3 397,2 593,2 494,3 821,9 305,9 949,9 511,9 725,1 806,1 319,1 363,2 488,5 641,6 310,5 932,6 018,1 591,1 274,1 131,1 333,3 664,3 639,3 579,3 707
347,Sub-Saharan Africa,,,1834,Libya,434,1 500,1 590,1 720,1 358,2 584,3 143,3 601,4 042,813,860,932,667,1 386,1 718,1 960,2 194,687,730,788,691,1 198,1 425,1 641,1 848
348,Sub-Saharan Africa,,,1834,Morocco,504,4 067,4 422,4 280,4 665,5 781,6 772,7 013,7 296,1 985,2 185,2 100,2 363,2 948,3 499,3 578,3 699,2 082,2 237,2 180,2 302,2 833,3 273,3 435,3 597
349,Sub-Saharan Africa,,,1834,Sudan,729,167 352,325 711,386 004,645 189,442 573,1 049 142,1 152 108,1 952 361,84 227,166 408,195 296,315 480,204 558,501 732,543 968,895 843,83 125,159 303,190 708,329 709,238 015,547 410,608 140,1 056 518
350,Sub-Saharan Africa,,,1834,Tunisia,788,290,329,359,372,318,985,1 003,1 024,130,164,193,205,182,565,581,594,160,165,166,167,136,420,422,430
351,Sub-Saharan Africa,,,1834,Western Sahara,732,12,12,12,11,26 028,28 076,30 823,33 205,9,9,8,7,13 686,14 762,16 248,17 494,3,3,4,4,12 342,13 314,14 575,15 711
352,Sub-Saharan Africa,,,1834,Southern Africa,913,302 738,278 494,300 150,324 091,345 288,364 812,390 024,406 650,206 112,182 671,170 476,170 187,173 005,176 301,181 568,183 596,96 626,95 823,129 674,153 904,172 283,188 511,208 456,223 054
353,Sub-Saharan Africa,,,1834,Botswana,72,23 779,17 189,21 315,20 976,18 499,16 576,15 527,14 684,17 468,12 334,13 257,11 624,9 685,8 579,8 027,7 581,6 311,4 855,8 058,9 352,8 814,7 997,7 500,7 103
354,Sub-Saharan Africa,,,1834,Eswatini,748,31 117,27 897,29 357,32 603,36 332,27 298,17 888,10 331,21 661,19 971,20 390,20 219,19 752,13 681,8 405,4 671,9 456,7 926,8 967,12 384,16 580,13 617,9 483,5 660
355,Sub-Saharan Africa,,,1834,Lesotho,426,130 160,122 086,121 099,138 786,161 819,191 371,224 591,246 719,106 290,92 660,70 023,71 043,79 111,89 014,98 925,104 032,23 870,29 426,51 076,67 743,82 708,102 357,125 666,142 687
356,Sub-Saharan Africa,,,1834,Namibia,516,45 551,36 587,44 338,46 736,44 168,41 968,40 085,37 944,23 368,18 014,21 595,23 108,22 623,21 421,19 890,18 366,22 183,18 573,22 743,23 628,21 545,20 547,20 195,19 578
357,Sub-Saharan Africa,,,1834,South Africa,710,72 131,74 735,84 041,84 990,84 470,87 599,91 933,96 972,37 325,39 692,45 211,44 193,41 834,43 606,46 321,48 946,34 806,35 043,38 830,40 797,42 636,43 993,45 612,48 026
358,Sub-Saharan Africa,,,1834,Western Africa,914,4 240 550,5 177 782,5 121 928,5 755 472,6 114 959,6 998 914,7 557 423,8 031 372,2 343 859,2 829 406,2 830 326,3 203 255,3 413 781,3 875 509,4 176 307,4 430 299,1 896 691,2 348 376,2 291 602,2 552 217,2 701 178,3 123 405,3 381 116,3 601 073
359,Sub-Saharan Africa,,,1834,Benin,204,215 906,254 286,307 207,477 223,511 900,602 899,646 102,690 990,118 341,138 682,165 310,267 556,284 195,326 119,347 990,371 498,97 565,115 604,141 897,209 667,227 705,276 780,298 112,319 492
360,Sub-Saharan Africa,,,1834,Burkina Faso,854,1 014 998,1 150 619,1 295 230,1 438 016,1 592 230,1 748 564,1 904 780,2 033 940,606 643,690 254,775 698,861 811,951 926,1 045 270,1 137 981,1 214 419,408 355,460 365,519 532,576 205,640 304,703 294,766 799,819 521
361,Sub-Saharan Africa,,,1834,Cabo Verde,132,10 796,11 532,11 893,14 289,15 958,17 185,17 815,18 208,5 780,6 008,6 094,7 074,7 833,8 388,8 980,9 187,5 016,5 524,5 799,7 215,8 125,8 797,8 835,9 021
362,Sub-Saharan Africa,,,1834,Côte d'Ivoire,384,315 537,386 028,462 761,601 688,779 737,869 074,921 171,965 618,160 286,196 521,232 452,295 959,383 626,429 787,456 004,477 856,155 251,189 507,230 309,305 729,396 111,439 287,465 167,487 762
363,Sub-Saharan Africa,,,1834,Gambia,270,13 189,13 746,13 194,12 231,11 983,12 717,12 638,12 860,6 719,6 969,6 504,6 407,6 098,6 367,6 313,6 410,6 470,6 777,6 690,5 824,5 885,6 350,6 325,6 450
364,Sub-Saharan Africa,,,1834,Ghana,288,266 079,267 176,270 465,376 073,394 445,448 886,468 321,486 941,118 912,120 371,125 175,189 990,195 786,219 009,228 172,237 712,147 167,146 805,145 290,186 083,198 659,229 877,240 149,249 229
365,Sub-Saharan Africa,,,1834,Guinea,324,322 316,327 393,325 125,313 126,331 833,343 944,355 925,359 753,187 062,189 094,185 691,179 536,189 342,194 697,203 769,205 919,135 254,138 299,139 434,133 590,142 491,149 247,152 156,153 834
366,Sub-Saharan Africa,,,1834,Guinea-Bissau,624,38 169,41 789,43 251,45 828,51 231,54 060,56 960,59 179,17 243,18 988,21 702,22 490,24 538,25 783,27 134,28 176,20 926,22 801,21 549,23 338,26 693,28 277,29 826,31 003
367,Sub-Saharan Africa,,,1834,Liberia,430,512 504,530 582,235 500,311 075,143 974,106 367,101 510,99 431,256 843,259 416,113 253,149 561,70 382,53 633,52 000,51 487,255 661,271 166,122 247,161 514,73 592,52 734,49 510,47 944
368,Sub-Saharan Africa,,,1834,Mali,466,552 084,702 902,658 079,745 878,800 521,1 004 498,1 043 996,1 106 592,319 326,399 767,379 861,432 301,461 334,578 410,599 535,632 715,232 758,303 135,278 218,313 577,339 187,426 088,444 461,473 877
369,Sub-Saharan Africa,,,1834,Mauritania,478,108 736,124 518,78 313,65 674,68 332,67 270,79 107,83 465,56 539,65 596,44 541,36 454,38 258,38 113,44 666,47 136,52 197,58 922,33 772,29 220,30 074,29 157,34 441,36 329
370,Sub-Saharan Africa,,,1834,Niger,562,162 104,188 673,218 338,315 747,348 164,387 515,412 390,434 081,109 626,126 224,143 373,200 161,219 258,240 023,255 289,268 373,52 478,62 449,74 965,115 586,128 906,147 492,157 101,165 708
371,Sub-Saharan Africa,,,1834,Nigeria,566,245 359,247 642,255 503,326 149,370 211,551 366,679 724,762 430,132 832,137 531,144 478,184 659,211 165,292 058,353 023,392 744,112 527,110 111,111 025,141 490,159 046,259 308,326 701,369 686
372,Sub-Saharan Africa,,,1834,Senegal,686,238 068,215 714,237 885,240 091,245 031,256 331,278 203,296 904,137 578,123 926,138 035,139 368,144 093,152 499,164 940,175 265,100 490,91 788,99 850,100 723,100 938,103 832,113 263,121 639
373,Sub-Saharan Africa,,,1834,Sierra Leone,694,41 162,421 991,457 701,84 951,50 650,50 353,53 872,52 090,20 385,210 148,225 968,40 677,25 189,26 341,28 266,27 204,20 777,211 843,231 733,44 274,25 461,24 012,25 606,24 886
374,Sub-Saharan Africa,,,1834,Togo,768,183 543,293 191,251 483,387 433,398 759,477 885,524 909,568 890,89 744,139 911,122 191,189 251,200 758,239 012,262 245,284 198,93 799,153 280,129 292,198 182,198 001,238 873,262 664,284 692
375,Sub-Saharan Africa,,,1834,ASIA,935,81 140,87 099,107 207,154 437,214 248,285 879,297 683,270 414,45 907,49 127,59 689,95 721,132 801,180 392,191 330,169 200,35 233,37 972,47 518,58 716,81 447,105 487,106 353,101 214
376,Sub-Saharan Africa,,,1834,Central Asia,5500,0..,0..,0..,0..,1 488,1 832,2 146,2 409,0..,0..,0..,0..,856,1 054,1 235,1 386,0..,0..,0..,0..,632,778,911,1 023
377,Sub-Saharan Africa,,,1834,Kazakhstan,398,0..,0..,0..,0..,1 488,1 830,2 146,2 409,0..,0..,0..,0..,856,1 052,1 235,1 386,0..,0..,0..,0..,632,778,911,1 023
378,Sub-Saharan Africa,,,1834,Tajikistan,762,0..,0..,0..,0..,0..,1,0..,0..,0..,0..,0..,0..,0..,1,0..,0..,0..,0..,0..,0..,0..,0..,0..,0..
379,Sub-Saharan Africa,,,1834,Uzbekistan,860,0..,0..,0..,0..,0..,1,0..,0..,0..,0..,0..,0..,0..,1,0..,0..,0..,0..,0..,0..,0..,0..,0..,0..
380,Sub-Saharan Africa,,,1834,Eastern Asia,906,23 454,24 599,32 733,40 258,74 795,96 802,76 190,66 133,14 406,13 903,16 346,22 941,42 502,54 772,43 291,37 926,9 048,10 696,16 387,17 317,32 293,42 030,32 899,28 207
381,Sub-Saharan Africa,,,1834,China,156,10 938,13 444,22 761,31 320,64 817,86 744,66 970,56 621,7 600,7 838,10 908,18 088,37 305,49 499,38 573,33 166,3 338,5 606,11 853,13 232,27 512,37 245,28 397,23 455
382,Sub-Saharan Africa,,,1834,"China, Hong Kong SAR",344,1 658,1 370,1 071,825,642,606,610,598,801,694,590,476,374,343,304,267,857,676,481,349,268,263,306,331
383,Sub-Saharan Africa,,,1834,"China, Taiwan Province of China",158,4 284,3 977,3 657,3 349,3 054,2 464,1 917,1 876,2 288,2 106,1 928,1 752,1 578,1 244,926,874,1 996,1 871,1 729,1 597,1 476,1 220,991,1 002
384,Sub-Saharan Africa,,,1834,Dem. People's Republic of Korea,408,2 698,2 317,1 948,1 550,2 609,3 680,3 688,3 910,1 200,1 094,972,807,1 293,1 932,1 927,2 030,1 498,1 223,976,743,1 316,1 748,1 761,1 880
385,Sub-Saharan Africa,,,1834,Japan,392,1 087,959,1 021,1 091,1 678,1 635,1 589,1 722,578,507,540,593,868,834,798,854,509,452,481,498,810,801,791,868
386,Sub-Saharan Africa,,,1834,Republic of Korea,410,2 789,2 532,2 275,2 123,1 995,1 673,1 416,1 406,1 939,1 664,1 408,1 225,1 084,920,763,735,850,868,867,898,911,753,653,671
387,Sub-Saharan Africa,,,1834,Southern Asia,5501,36 180,41 137,52 282,95 066,112 521,146 478,169 138,144 559,19 612,23 483,31 479,61 882,75 283,102 395,119 441,98 825,16 568,17 654,20 803,33 184,37 238,44 083,49 697,45 734
388,Sub-Saharan Africa,,,1834,Afghanistan,4,76,73,84,188,736,1 284,2 533,3 579,36,35,43,131,561,989,1 939,2 706,40,38,41,57,175,295,594,873
389,Sub-Saharan Africa,,,1834,Bangladesh,50,142,321,807,12 350,20 896,36 509,56 491,39 386,63,167,470,8 184,15 528,28 524,43 863,29 576,79,154,337,4 166,5 368,7 985,12 628,9 810
390,Sub-Saharan Africa,,,1834,Bhutan,64,0..,0..,0..,0..,0..,3,1,1,0..,0..,0..,0..,0..,2,1,1,0..,0..,0..,0..,0..,1,0..,0..
391,Sub-Saharan Africa,,,1834,India,356,31 665,35 214,43 169,59 854,69 630,77 792,77 487,76 163,17 132,19 985,25 520,37 299,43 582,49 749,49 204,47 677,14 533,15 229,17 649,22 555,26 048,28 043,28 283,28 486
392,Sub-Saharan Africa,,,1834,Iran (Islamic Republic of),364,1 149,1 044,942,870,728,629,528,531,500,489,473,473,414,380,336,352,649,555,469,397,314,249,192,179
393,Sub-Saharan Africa,,,1834,Maldives,462,2,1,1,17,34,38,37,38,0..,0..,0..,10,21,25,25,26,2,1,1,7,13,13,12,12
394,Sub-Saharan Africa,,,1834,Nepal,524,38,36,87,185,280,488,565,571,16,12,30,115,200,353,407,409,22,24,57,70,80,135,158,162
395,Sub-Saharan Africa,,,1834,Pakistan,586,2 129,3 230,5 636,19 057,17 323,26 587,28 365,21 100,1 344,2 122,4 069,14 405,13 647,20 877,22 177,16 558,785,1 108,1 567,4 652,3 676,5 710,6 188,4 542
396,Sub-Saharan Africa,,,1834,Sri Lanka,144,979,1 218,1 556,2 545,2 894,3 148,3 131,3 190,521,673,874,1 265,1 330,1 496,1 489,1 520,458,545,682,1 280,1 564,1 652,1 642,1 670
397,Sub-Saharan Africa,,,1834,South-Eastern Asia,920,2 760,3 310,4 111,4 456,6 221,6 813,7 011,7 383,1 329,1 547,1 827,2 100,3 066,3 426,3 517,3 655,1 431,1 763,2 284,2 356,3 155,3 387,3 494,3 728
398,Sub-Saharan Africa,,,1834,Cambodia,116,0..,0..,0..,0..,0..,9,7,7,0..,0..,0..,0..,0..,5,5,5,0..,0..,0..,0..,0..,4,2,2
399,Sub-Saharan Africa,,,1834,Indonesia,360,924,974,1 027,903,805,788,774,777,485,557,628,511,402,404,421,440,439,417,399,392,403,384,353,337
400,Sub-Saharan Africa,,,1834,Malaysia,458,492,485,498,561,662,651,591,589,226,234,246,289,356,364,341,348,266,251,252,272,306,287,250,241
401,Sub-Saharan Africa,,,1834,Myanmar,104,144,123,105,129,180,263,357,437,72,65,58,73,106,160,220,275,72,58,47,56,74,103,137,162
402,Sub-Saharan Africa,,,1834,Philippines,608,835,1 083,1 333,1 485,1 681,1 801,1 834,1 861,390,465,527,720,931,1 005,965,938,445,618,806,765,750,796,869,923
403,Sub-Saharan Africa,,,1834,Singapore,702,216,257,316,360,1 059,1 250,1 433,1 571,92,113,143,169,557,671,787,874,124,144,173,191,502,579,646,697
404,Sub-Saharan Africa,,,1834,Thailand,764,126,361,797,943,1 715,1 846,1 674,1 696,53,99,206,300,656,715,606,549,73,262,591,643,1 059,1 131,1 068,1 147
405,Sub-Saharan Africa,,,1834,Timor-Leste,626,11,14,17,13,8,8,7,7,6,8,10,8,5,5,5,5,5,6,7,5,3,3,2,2
406,Sub-Saharan Africa,,,1834,Viet Nam,704,12,13,18,62,111,197,334,438,5,6,9,30,53,97,167,221,7,7,9,32,58,100,167,217
407,Sub-Saharan Africa,,,1834,Western Asia,922,18 746,18 053,18 081,14 657,19 223,33 954,43 198,49 930,10 560,10 194,10 037,8 798,11 094,18 745,23 846,27 408,8 186,7 859,8 044,5 859,8 129,15 209,19 352,22 522
408,Sub-Saharan Africa,,,1834,Armenia,51,94,89,84,66,63,70,71,75,93,89,82,65,63,70,71,75,1,0..,2,1,0..,0..,0..,0..
409,Sub-Saharan Africa,,,1834,Azerbaijan,31,0..,0..,0..,0..,0..,5,3,3,0..,0..,0..,0..,0..,5,3,3,0..,0..,0..,0..,0..,0..,0..,0..
410,Sub-Saharan Africa,,,1834,Bahrain,48,72,68,65,51,49,50,50,53,20,19,18,14,14,15,15,16,52,49,47,37,35,35,35,37
411,Sub-Saharan Africa,,,1834,Cyprus,196,2 773,2 035,1 898,1 697,1 442,1 022,689,667,1 503,1 110,999,874,737,528,369,366,1 270,925,899,823,705,494,320,301
412,Sub-Saharan Africa,,,1834,Iraq,368,77,82,84,85,95,112,122,131,33,40,46,48,57,67,75,80,44,42,38,37,38,45,47,51
413,Sub-Saharan Africa,,,1834,Israel,376,2 799,2 395,2 289,2 322,3 453,3 177,2 881,3 056,1 488,1 294,1 291,1 360,1 998,1 819,1 628,1 718,1 311,1 101,998,962,1 455,1 358,1 253,1 338
414,Sub-Saharan Africa,,,1834,Jordan,400,0..,0..,0..,0..,0..,2,0..,0..,0..,0..,0..,0..,0..,2,0..,0..,0..,0..,0..,0..,0..,0..,0..,0..
415,Sub-Saharan Africa,,,1834,Kuwait,414,29,30,31,32,22,31,33,35,9,11,14,15,12,17,19,20,20,19,17,17,10,14,14,15
416,Sub-Saharan Africa,,,1834,Lebanon,422,9 454,9 672,9 987,6 706,6 560,7 985,8 048,8 238,5 696,5 710,5 643,4 404,4 290,5 340,5 395,5 520,3 758,3 962,4 344,2 302,2 270,2 645,2 653,2 718
417,Sub-Saharan Africa,,,1834,Saudi Arabia,682,2 195,2 441,2 218,2 060,3 189,3 632,4 049,4 380,1 070,1 247,1 146,1 080,1 560,1 762,1 966,2 126,1 125,1 194,1 072,980,1 629,1 870,2 083,2 254
418,Sub-Saharan Africa,,,1834,State of Palestine,275,135,144,148,150,112,161,175,188,60,72,82,85,67,95,105,113,75,72,66,65,45,66,70,75
419,Sub-Saharan Africa,,,1834,Syrian Arab Republic,760,201,216,229,233,173,424,1 117,1 430,96,115,128,134,101,249,670,847,105,101,101,99,72,175,447,583
420,Sub-Saharan Africa,,,1834,Türkiye,792,542,521,620,793,1 023,950,840,838,319,316,375,480,617,574,500,496,223,205,245,313,406,376,340,342
421,Sub-Saharan Africa,,,1834,United Arab Emirates,784,74,79,114,197,2 728,3 457,4 220,4 830,31,37,61,105,1 426,1 800,2 188,2 491,43,42,53,92,1 302,1 657,2 032,2 339
422,Sub-Saharan Africa,,,1834,Yemen,887,301,281,314,265,314,12 876,20 900,26 006,142,134,152,134,152,6 402,10 842,13 537,159,147,162,131,162,6 474,10 058,12 469
423,Sub-Saharan Africa,,,1834,EUROPE,908,484 699,426 557,423 480,413 588,407 659,396 824,386 048,386 464,252 576,222 311,222 124,222 234,222 102,214 715,204 620,202 062,232 123,204 246,201 356,191 354,185 557,182 109,181 428,184 402
424,Sub-Saharan Africa,,,1834,Eastern Europe,923,18 221,16 059,15 072,14 450,15 713,13 564,11 068,11 103,9 702,8 467,7 680,7 392,7 679,6 401,5 061,4 978,8 519,7 592,7 392,7 058,8 034,7 163,6 007,6 125
425,Sub-Saharan Africa,,,1834,Bulgaria,100,345,663,1 597,1 868,1 667,1 232,819,799,171,332,849,954,785,586,401,402,174,331,748,914,882,646,418,397
426,Sub-Saharan Africa,,,1834,Czechia,203,1 602,1 310,1 075,868,715,614,534,535,866,683,540,420,330,268,213,202,736,627,535,448,385,346,321,333
427,Sub-Saharan Africa,,,1834,Hungary,348,1 492,1 150,464,466,698,679,529,525,881,671,271,266,378,365,278,276,611,479,193,200,320,314,251,249
428,Sub-Saharan Africa,,,1834,Poland,616,5 806,5 358,4 392,4 643,5 411,3 696,2 142,2 093,3 008,2 770,2 184,2 275,2 631,1 754,975,928,2 798,2 588,2 208,2 368,2 780,1 942,1 167,1 165
429,Sub-Saharan Africa,,,1834,Republic of Moldova*,498,0..,0..,0..,0..,0..,3,1,1,0..,0..,0..,0..,0..,2,1,1,0..,0..,0..,0..,0..,1,0..,0..
430,Sub-Saharan Africa,,,1834,Romania,642,574,636,706,774,848,668,468,460,306,334,362,392,424,323,207,188,268,302,344,382,424,345,261,272
431,Sub-Saharan Africa,,,1834,Russian Federation,643,5 452,4 286,4 478,3 985,4 909,5 470,5 561,5 675,2 678,2 115,2 136,2 071,2 345,2 466,2 444,2 448,2 774,2 171,2 342,1 914,2 564,3 004,3 117,3 227
432,Sub-Saharan Africa,,,1834,Slovakia,703,279,257,236,210,187,165,148,146,177,153,132,109,90,73,60,54,102,104,104,101,97,92,88,92
433,Sub-Saharan Africa,,,1834,Ukraine*,804,2 671,2 399,2 124,1 636,1 278,1 037,866,869,1 615,1 409,1 206,905,696,564,482,479,1 056,990,918,731,582,473,384,390
434,Sub-Saharan Africa,,,1834,Northern Europe,924,217 090,170 767,154 083,135 263,115 648,104 528,95 028,87 341,109 566,85 730,78 970,73 772,65 717,58 245,49 686,43 488,107 524,85 037,75 113,61 491,49 931,46 283,45 342,43 853
435,Sub-Saharan Africa,,,1834,Denmark*,208,1 280,1 129,1 185,1 184,1 155,1 162,1 126,1 143,684,594,637,630,609,615,601,611,596,535,548,554,546,547,525,532
436,Sub-Saharan Africa,,,1834,Estonia,233,12,12,12,65,122,233,408,529,4,4,5,35,75,162,315,442,8,8,7,30,47,71,93,87
437,Sub-Saharan Africa,,,1834,Finland*,246,577,563,415,356,358,367,375,378,237,228,133,110,113,122,134,140,340,335,282,246,245,245,241,238
438,Sub-Saharan Africa,,,1834,Iceland,352,12,12,13,104,354,329,187,189,9,8,8,60,184,160,86,85,3,4,5,44,170,169,101,104
439,Sub-Saharan Africa,,,1834,Ireland,372,6 622,5 824,5 151,4 668,4 275,3 780,3 368,3 361,3 107,2 728,2 409,2 224,2 113,1 910,1 731,1 746,3 515,3 096,2 742,2 444,2 162,1 870,1 637,1 615
440,Sub-Saharan Africa,,,1834,Latvia,428,265,229,194,146,104,97,74,71,137,115,95,69,48,45,34,33,128,114,99,77,56,52,40,38
441,Sub-Saharan Africa,,,1834,Lithuania,440,250,227,206,180,156,135,117,115,100,92,85,76,67,58,51,51,150,135,121,104,89,77,66,64
442,Sub-Saharan Africa,,,1834,Norway*,578,739,689,654,689,738,716,699,719,362,328,306,333,365,359,353,363,377,361,348,356,373,357,346,356
443,Sub-Saharan Africa,,,1834,Sweden,752,1 792,1 602,1 494,1 102,1 360,1 560,1 458,1 459,913,813,750,631,680,791,763,778,879,789,744,471,680,769,695,681
444,Sub-Saharan Africa,,,1834,United Kingdom*,826,205 541,160 480,144 759,126 769,107 026,96 149,87 216,79 377,104 013,80 820,74 542,69 604,61 463,54 023,45 618,39 239,101 528,79 660,70 217,57 165,45 563,42 126,41 598,40 138
445,Sub-Saharan Africa,,,1834,Southern Europe,925,60 996,48 814,51 887,52 812,54 245,48 755,43 044,41 257,34 631,27 901,29 120,29 047,29 872,26 847,23 822,22 914,26 365,20 913,22 767,23 765,24 373,21 908,19 222,18 343
446,Sub-Saharan Africa,,,1834,Albania,8,110,51,24,30,1 083,1 375,1 673,1 915,62,31,15,19,496,638,791,913,48,20,9,11,587,737,882,1 002
447,Sub-Saharan Africa,,,1834,Andorra,20,0..,0..,0..,0..,835,1 033,1 208,1 355,0..,0..,0..,0..,439,544,639,716,0..,0..,0..,0..,396,489,569,639
448,Sub-Saharan Africa,,,1834,Bosnia and Herzegovina,70,724,538,595,818,1 170,1 317,1 386,1 445,462,336,359,491,706,788,809,830,262,202,236,327,464,529,577,615
449,Sub-Saharan Africa,,,1834,Croatia,191,570,570,582,570,1 357,1 438,1 482,1 621,316,313,320,306,805,875,929,1 028,254,257,262,264,552,563,553,593
450,Sub-Saharan Africa,,,1834,Greece,300,5 943,4 387,3 897,3 718,3 267,2 487,1 824,1 802,3 378,2 511,2 193,2 087,1 825,1 396,1 049,1 052,2 565,1 876,1 704,1 631,1 442,1 091,775,750
451,Sub-Saharan Africa,,,1834,Italy,380,13 667,11 501,11 633,11 886,11 328,9 709,8 097,8 226,7 703,6 429,6 399,6 564,6 257,5 365,4 502,4 585,5 964,5 072,5 234,5 322,5 071,4 344,3 595,3 641
452,Sub-Saharan Africa,,,1834,Malta,470,266,219,181,172,174,175,177,174,129,106,88,84,86,89,93,93,137,113,93,88,88,86,84,81
453,Sub-Saharan Africa,,,1834,Portugal,620,35 985,28 067,31 675,31 952,30 775,26 697,22 661,20 082,20 471,16 228,18 109,17 515,16 828,14 544,12 381,11 012,15 514,11 839,13 566,14 437,13 947,12 153,10 280,9 070
454,Sub-Saharan Africa,,,1834,Serbia*,688,1 515,1 389,1 086,858,621,508,446,443,881,778,402,372,358,297,257,253,634,611,684,486,263,211,189,190
455,Sub-Saharan Africa,,,1834,Slovenia,705,15,42,66,52,50,71,69,71,8,23,37,29,27,41,40,41,7,19,29,23,23,30,29,30
456,Sub-Saharan Africa,,,1834,Spain*,724,2 201,2 050,2 148,2 756,3 585,3 945,4 021,4 123,1 221,1 146,1 198,1 580,2 045,2 270,2 332,2 391,980,904,950,1 176,1 540,1 675,1 689,1 732
457,Sub-Saharan Africa,,,1834,Western Europe,926,188 392,190 917,202 438,211 063,222 053,229 977,236 908,246 763,98 677,100 213,106 354,112 023,118 834,123 222,126 051,130 682,89 715,90 704,96 084,99 040,103 219,106 755,110 857,116 081
458,Sub-Saharan Africa,,,1834,Austria,40,3 965,3 503,3 226,2 999,2 952,2 598,2 272,2 284,2 257,1 948,1 834,1 710,1 670,1 457,1 262,1 259,1 708,1 555,1 392,1 289,1 282,1 141,1 010,1 025
459,Sub-Saharan Africa,,,1834,Belgium,56,5 610,4 883,4 862,4 810,4 684,4 577,4 402,4 516,2 991,2 630,2 646,2 608,2 514,2 487,2 410,2 481,2 619,2 253,2 216,2 202,2 170,2 090,1 992,2 035
460,Sub-Saharan Africa,,,1834,France*,250,108 016,123 365,142 101,153 982,164 182,177 763,190 570,202 481,57 554,65 923,75 928,82 635,88 497,96 030,102 549,108 659,50 462,57 442,66 173,71 347,75 685,81 733,88 021,93 822
461,Sub-Saharan Africa,,,1834,Germany,276,43 154,36 509,37 695,35 450,33 611,29 979,26 821,24 397,21 235,17 802,18 473,17 707,16 813,14 739,12 822,11 410,21 919,18 707,19 222,17 743,16 798,15 240,13 999,12 987
462,Sub-Saharan Africa,,,1834,Liechtenstein,438,0..,0..,0..,0..,0..,4,2,2,0..,0..,0..,0..,0..,1,1,1,0..,0..,0..,0..,0..,3,1,1
463,Sub-Saharan Africa,,,1834,Luxembourg,442,69,69,68,52,47,46,47,50,30,30,29,22,20,20,21,22,39,39,39,30,27,26,26,28
464,Sub-Saharan Africa,,,1834,Netherlands*,528,23 041,18 658,12 410,11 355,11 647,8 525,5 793,5 749,12 059,9 681,6 350,5 992,6 416,4 675,3 089,2 987,10 982,8 977,6 060,5 363,5 231,3 850,2 704,2 762
465,Sub-Saharan Africa,,,1834,Switzerland,756,4 537,3 930,2 076,2 415,4 930,6 485,7 001,7 284,2 551,2 199,1 094,1 349,2 904,3 813,3 897,3 863,1 986,1 731,982,1 066,2 026,2 672,3 104,3 421
466,Sub-Saharan Africa,,,1834,LATIN AMERICA AND THE CARIBBEAN,904,7 358,7 705,7 365,7 463,13 641,22 594,23 815,25 119,3 550,3 715,3 455,3 638,6 765,11 755,12 325,12 891,3 808,3 990,3 910,3 825,6 876,10 839,11 490,12 228
467,Sub-Saharan Africa,,,1834,Caribbean,915,2 389,2 401,2 638,2 635,6 752,12 085,13 035,13 912,1 020,1 028,1 141,1 250,3 272,6 189,6 608,6 947,1 369,1 373,1 497,1 385,3 480,5 896,6 427,6 965
468,Sub-Saharan Africa,,,1834,Antigua and Barbuda,28,693,662,616,487,469,4 911,4 766,4 654,275,265,248,195,189,2 731,2 652,2 583,418,397,368,292,280,2 180,2 114,2 071
469,Sub-Saharan Africa,,,1834,Bahamas,44,74,70,67,52,50,61,61,64,19,18,17,13,13,18,18,19,55,52,50,39,37,43,43,45
470,Sub-Saharan Africa,,,1834,Barbados,52,0..,0..,0..,0..,0..,11,9,9,0..,0..,0..,0..,0..,10,9,9,0..,0..,0..,0..,0..,1,0..,0..
471,Sub-Saharan Africa,,,1834,British Virgin Islands*,92,12,12,13,44,526,817,1 413,1 922,8,8,8,25,235,366,618,803,4,4,5,19,291,451,795,1 119
472,Sub-Saharan Africa,,,1834,Cuba,192,1 578,1 615,1 891,1 984,3 630,3 617,3 545,3 529,700,713,839,980,1 887,1 832,1 787,1 768,878,902,1 052,1 004,1 743,1 785,1 758,1 761
473,Sub-Saharan Africa,,,1834,Dominica,212,0..,0..,0..,0..,0..,13,11,11,0..,0..,0..,0..,0..,4,4,4,0..,0..,0..,0..,0..,9,7,7
474,Sub-Saharan Africa,,,1834,Dominican Republic,214,0..,0..,0..,0..,0..,2,0..,0..,0..,0..,0..,0..,0..,1,0..,0..,0..,0..,0..,0..,0..,1,0..,0..
475,Sub-Saharan Africa,,,1834,Grenada,308,0..,0..,0..,0..,300,369,431,484,0..,0..,0..,0..,129,159,187,210,0..,0..,0..,0..,171,210,244,274
476,Sub-Saharan Africa,,,1834,Guadeloupe*,312,0..,0..,0..,0..,760,935,1 096,1 230,0..,0..,0..,0..,342,421,495,556,0..,0..,0..,0..,418,514,601,674
477,Sub-Saharan Africa,,,1834,Haiti,332,0..,0..,0..,0..,0..,25,22,21,0..,0..,0..,0..,0..,13,12,12,0..,0..,0..,0..,0..,12,10,9
478,Sub-Saharan Africa,,,1834,Martinique*,474,12,12,12,14,38,103,270,415,8,8,8,9,24,64,165,248,4,4,4,5,14,39,105,167
479,Sub-Saharan Africa,,,1834,Saint Vincent and the Grenadines,670,0..,0..,0..,0..,0..,30,27,26,0..,0..,0..,0..,0..,19,18,17,0..,0..,0..,0..,0..,11,9,9
480,Sub-Saharan Africa,,,1834,Turks and Caicos Islands*,796,0..,0..,0..,0..,536,659,771,865,0..,0..,0..,0..,236,290,340,382,0..,0..,0..,0..,300,369,431,483
481,Sub-Saharan Africa,,,1834,United States Virgin Islands*,850,20,30,39,54,443,532,613,682,10,16,21,28,217,261,303,336,10,14,18,26,226,271,310,346
482,Sub-Saharan Africa,,,1834,Central America,916,285,720,204,132,156,619,638,652,129,331,94,62,73,336,349,356,156,389,110,70,83,283,289,296
483,Sub-Saharan Africa,,,1834,Belize,84,0..,0..,0..,0..,0..,2,0..,0..,0..,0..,0..,0..,0..,2,0..,0..,0..,0..,0..,0..,0..,0..,0..,0..
484,Sub-Saharan Africa,,,1834,Costa Rica,188,0..,0..,0..,0..,0..,118,112,108,0..,0..,0..,0..,0..,73,71,68,0..,0..,0..,0..,0..,45,41,40
485,Sub-Saharan Africa,,,1834,El Salvador,222,0..,0..,0..,0..,0..,4,2,2,0..,0..,0..,0..,0..,2,2,2,0..,0..,0..,0..,0..,2,0..,0..
486,Sub-Saharan Africa,,,1834,Honduras,340,0..,0..,0..,0..,0..,298,285,276,0..,0..,0..,0..,0..,166,161,156,0..,0..,0..,0..,0..,132,124,120
487,Sub-Saharan Africa,,,1834,Mexico,484,285,720,204,132,156,192,236,263,129,331,94,62,73,90,112,127,156,389,110,70,83,102,124,136
488,Sub-Saharan Africa,,,1834,Nicaragua,558,0..,0..,0..,0..,0..,5,3,3,0..,0..,0..,0..,0..,3,3,3,0..,0..,0..,0..,0..,2,0..,0..
489,Sub-Saharan Africa,,,1834,South America,931,4 684,4 584,4 523,4 696,6 733,9 890,10 142,10 555,2 401,2 356,2 220,2 326,3 420,5 230,5 368,5 588,2 283,2 228,2 303,2 370,3 313,4 660,4 774,4 967
490,Sub-Saharan Africa,,,1834,Argentina,32,1 083,989,1 085,1 092,1 034,1 105,1 044,1 041,533,508,526,527,507,568,561,576,550,481,559,565,527,537,483,465
491,Sub-Saharan Africa,,,1834,Bolivia (Plurinational State of),68,0..,0..,0..,0..,0..,5,3,3,0..,0..,0..,0..,0..,2,2,2,0..,0..,0..,0..,0..,3,1,1
492,Sub-Saharan Africa,,,1834,Brazil,76,2 672,2 755,2 744,2 884,3 180,3 120,3 024,3 097,1 267,1 345,1 323,1 412,1 570,1 513,1 413,1 401,1 405,1 410,1 421,1 472,1 610,1 607,1 611,1 696
493,Sub-Saharan Africa,,,1834,Chile,152,469,441,363,323,1 555,1 843,2 100,2 320,262,242,196,174,845,1 008,1 157,1 282,207,199,167,149,710,835,943,1 038
494,Sub-Saharan Africa,,,1834,Colombia,170,200,202,122,114,136,2 786,2 715,2 656,180,145,54,47,57,1 588,1 554,1 523,20,57,68,67,79,1 198,1 161,1 133
495,Sub-Saharan Africa,,,1834,Ecuador,218,0..,0..,0..,0..,0..,2,0..,0..,0..,0..,0..,0..,0..,2,0..,0..,0..,0..,0..,0..,0..,0..,0..,0..
496,Sub-Saharan Africa,,,1834,Guyana,328,12,12,12,13,33,82,202,303,1,1,3,4,14,44,128,217,11,11,9,9,19,38,74,86
497,Sub-Saharan Africa,,,1834,Peru,604,4,4,4,4,3,3,2,2,2,2,3,3,3,3,2,2,2,2,1,1,0..,0..,0..,0..
498,Sub-Saharan Africa,,,1834,Uruguay,858,0..,0..,0..,0..,407,501,585,657,0..,0..,0..,0..,192,237,278,312,0..,0..,0..,0..,215,264,307,345
499,Sub-Saharan Africa,,,1834,Venezuela (Bolivarian Republic of),862,244,181,193,266,385,443,467,476,156,113,115,159,232,265,273,273,88,68,78,107,153,178,194,203
500,Sub-Saharan Africa,,,1834,NORTHERN AMERICA,905,19 232,19 136,19 772,20 624,20 575,22 039,23 857,25 780,9 570,9 691,10 002,10 928,11 004,11 601,12 282,12 978,9 662,9 445,9 770,9 696,9 571,10 438,11 575,12 802
501,Sub-Saharan Africa,,,1834,Canada,124,3 957,3 990,4 316,4 516,4 339,4 363,4 410,4 601,1 907,1 962,2 092,2 244,2 148,2 168,2 198,2 290,2 050,2 028,2 224,2 272,2 191,2 195,2 212,2 311
502,Sub-Saharan Africa,,,1834,United States of America*,840,15 275,15 146,15 456,16 108,16 236,17 676,19 447,21 179,7 663,7 729,7 910,8 684,8 856,9 433,10 084,10 688,7 612,7 417,7 546,7 424,7 380,8 243,9 363,10 491
503,Sub-Saharan Africa,,,1834,OCEANIA,909,7 372,6 541,5 865,5 706,6 582,7 855,8 424,9 119,3 550,3 156,2 846,2 806,3 276,4 037,4 376,4 779,3 822,3 385,3 019,2 900,3 306,3 818,4 048,4 340
504,Sub-Saharan Africa,,,1834,Australia/New Zealand,927,7 182,6 393,5 710,5 487,5 611,5 444,5 408,5 566,3 437,3 072,2 761,2 682,2 778,2 718,2 716,2 802,3 745,3 321,2 949,2 805,2 833,2 726,2 692,2 764
505,Sub-Saharan Africa,,,1834,Australia*,36,5 541,4 970,4 472,4 198,4 170,4 129,4 296,4 464,2 620,2 361,2 138,2 031,2 043,2 023,2 085,2 143,2 921,2 609,2 334,2 167,2 127,2 106,2 211,2 321
506,Sub-Saharan Africa,,,1834,New Zealand*,554,1 641,1 423,1 238,1 289,1 441,1 315,1 112,1 102,817,711,623,651,735,695,631,659,824,712,615,638,706,620,481,443
507,Sub-Saharan Africa,,,1834,Melanesia,928,12,12,12,8,22,90,176,255,1,1,1,1,5,43,94,155,11,11,11,7,17,47,82,100
508,Sub-Saharan Africa,,,1834,Fiji,242,0..,0..,0..,0..,0..,3,1,1,0..,0..,0..,0..,0..,2,1,1,0..,0..,0..,0..,0..,1,0..,0..
509,Sub-Saharan Africa,,,1834,Papua New Guinea,598,0..,0..,0..,0..,0..,16,14,14,0..,0..,0..,0..,0..,12,12,12,0..,0..,0..,0..,0..,4,2,2
510,Sub-Saharan Africa,,,1834,Solomon Islands,90,0..,0..,0..,0..,0..,12,10,10,0..,0..,0..,0..,0..,8,8,8,0..,0..,0..,0..,0..,4,2,2
511,Sub-Saharan Africa,,,1834,Vanuatu,548,12,12,12,8,22,59,151,230,1,1,1,1,5,21,73,134,11,11,11,7,17,38,78,96
512,Sub-Saharan Africa,,,1834,Micronesia,954,0..,0..,0..,0..,0..,39,29,28,0..,0..,0..,0..,0..,24,22,21,0..,0..,0..,0..,0..,15,7,7
513,Sub-Saharan Africa,,,1834,Kiribati,296,0..,0..,0..,0..,0..,3,1,1,0..,0..,0..,0..,0..,3,1,1,0..,0..,0..,0..,0..,0..,0..,0..
514,Sub-Saharan Africa,,,1834,Marshall Islands,584,0..,0..,0..,0..,0..,6,4,4,0..,0..,0..,0..,0..,3,3,3,0..,0..,0..,0..,0..,3,1,1
515,Sub-Saharan Africa,,,1834,Micronesia (Fed. States of),583,0..,0..,0..,0..,0..,3,1,1,0..,0..,0..,0..,0..,1,1,1,0..,0..,0..,0..,0..,2,0..,0..
516,Sub-Saharan Africa,,,1834,Nauru,520,0..,0..,0..,0..,0..,18,16,15,0..,0..,0..,0..,0..,12,12,11,0..,0..,0..,0..,0..,6,4,4
517,Sub-Saharan Africa,,,1834,Palau,585,0..,0..,0..,0..,0..,9,7,7,0..,0..,0..,0..,0..,5,5,5,0..,0..,0..,0..,0..,4,2,2
518,Sub-Saharan Africa,,,1834,Polynesia*,957,178,136,143,211,949,2 282,2 811,3 270,112,83,84,123,493,1 252,1 544,1 801,66,53,59,88,456,1 030,1 267,1 469
519,Sub-Saharan Africa,,,1834,American Samoa*,16,12,12,12,30,408,638,1 138,1 573,6,6,6,15,196,317,596,847,6,6,6,15,212,321,542,726
520,Sub-Saharan Africa,,,1834,French Polynesia*,258,0..,0..,0..,0..,278,341,398,447,0..,0..,0..,0..,139,170,200,225,0..,0..,0..,0..,139,171,198,222
521,Sub-Saharan Africa,,,1834,Samoa,882,0..,0..,0..,0..,0..,28,25,24,0..,0..,0..,0..,0..,17,16,15,0..,0..,0..,0..,0..,11,9,9
522,Sub-Saharan Africa,,,1834,Tonga,776,0..,0..,0..,0..,0..,972,932,901,0..,0..,0..,0..,0..,566,546,528,0..,0..,0..,0..,0..,406,386,373
523,Sub-Saharan Africa,,,1834,Tuvalu,798,0..,0..,0..,0..,0..,1,0..,0..,0..,0..,0..,0..,0..,1,0..,0..,0..,0..,0..,0..,0..,0..,0..,0..
524,Sub-Saharan Africa,,,1834,Wallis and Futuna Islands*,876,166,124,131,181,263,302,318,325,106,77,78,108,158,181,186,186,60,47,53,73,105,121,132,139
525,Sub-Saharan Africa,,,1834,Others,2003,2 011 757,1 677 406,1 646 151,1 893 415,1 938 387,2 631 156,1 916 832,2 001 834,1 102 639,886 973,852 139,994 767,1 081 681,1 563 943,1 042 691,1 088 508,909 118,790 433,794 012,898 648,856 706,1 067 213,874 141,913 326
526,Northern Africa and Western Asia,,,1833,World,900,16 863 681,18 573 252,20 033 534,23 016 410,32 028 416,44 083 778,48 992 329,54 085 710,9 817 314,11 072 321,11 980 642,14 348 217,20 238 553,28 931 391,31 456 045,34 735 576,7 046 367,7 500 931,8 052 892,8 668 193,11 789 863,15 152 387,17 536 284,19 350 134
527,Northern Africa and Western Asia,,,1833,Sub-Saharan Africa,1834,1 612 331,1 350 291,1 186 044,998 950,1 343 485,1 607 668,2 490 892,3 563 313,803 641,684 240,616 964,543 588,723 804,847 798,1 306 111,1 835 459,808 690,666 051,569 080,455 362,619 681,759 870,1 184 781,1 727 854
528,Northern Africa and Western Asia,,,1833,Northern Africa and Western Asia,1833,6 066 251,7 398 700,8 135 107,9 561 953,13 117 580,18 950 596,21 896 844,23 216 909,3 616 042,4 396 199,4 851 355,5 819 250,7 981 154,11 549 040,13 050 537,13 762 615,2 450 209,3 002 501,3 283 752,3 742 703,5 136 426,7 401 556,8 846 307,9 454 294
529,Northern Africa and Western Asia,,,1833,Central and Southern Asia,1831,4 058 887,4 692 035,5 311 977,7 044 113,11 077 649,16 350 483,17 436 791,19 532 948,3 221 945,3 721 733,4 169 608,5 644 886,8 751 448,13 180 462,13 838 233,15 390 996,836 942,970 302,1 142 369,1 399 227,2 326 201,3 170 021,3 598 558,4 141 952
530,Northern Africa and Western Asia,,,1833,Eastern and South-Eastern Asia,1832,1 140 797,1 252 171,1 469 038,1 628 407,2 055 947,2 498 211,2 567 990,2 803 636,484 869,555 379,657 620,736 903,976 537,1 220 556,1 244 521,1 376 328,655 928,696 792,811 418,891 504,1 079 410,1 277 655,1 323 469,1 427 308
531,Northern Africa and Western Asia,,,1833,Latin America and the Caribbean,1830,38 208,47 044,53 994,60 896,68 622,73 564,79 782,84 601,17 584,21 755,25 060,28 391,32 142,34 520,37 702,40 042,20 624,25 289,28 934,32 505,36 480,39 044,42 080,44 559
532,Northern Africa and Western Asia,,,1833,Oceania (excluding Australia and New Zealand),1835,1,2,2,3,3,2,1,1,0..,0..,0..,0..,0..,0..,0..,0..,1,2,2,3,3,2,1,1
533,Northern Africa and Western Asia,,,1833,Australia/New Zealand,1836,4 594,4 946,5 247,6 470,8 120,7 299,8 868,9 237,2 260,2 436,2 620,3 306,4 206,3 741,4 821,5 010,2 334,2 510,2 627,3 164,3 914,3 558,4 047,4 227
534,Northern Africa and Western Asia,,,1833,Europe and Northern America,1829,2 468 303,2 445 479,2 302 343,2 185 163,2 125 712,2 081 924,2 341 825,2 678 174,1 147 793,1 134 278,1 069 002,1 014 588,986 071,956 279,1 077 260,1 231 287,1 320 510,1 311 201,1 233 341,1 170 575,1 139 641,1 125 645,1 264 565,1 446 887
535,Northern Africa and Western Asia,,,1833,More developed regions,901,2 477 930,2 453 848,2 309 457,2 193 693,2 136 006,2 090 305,2 352 880,2 689 435,1 152 856,1 138 674,1 072 790,1 019 201,991 613,960 697,1 083 371,1 237 458,1 325 074,1 315 174,1 236 667,1 174 492,1 144 393,1 129 608,1 269 509,1 451 977
536,Northern Africa and Western Asia,,,1833,Less developed regions,902,12 911 442,14 736 820,16 154 295,19 292 262,27 661 112,39 479 442,44 470 113,49 199 384,8 141 278,9 377 346,10 319 439,12 771 711,18 463 749,26 831 699,29 475 814,32 404 279,4 770 164,5 359 474,5 834 856,6 520 551,9 197 363,12 647 743,14 994 299,16 795 105
537,Northern Africa and Western Asia,,,1833,Least developed countries,941,3 215 314,3 253 254,3 280 406,3 724 727,6 081 932,9 931 003,11 339 347,13 899 441,2 037 866,2 150 237,2 211 996,2 680 006,4 459 376,7 581 069,8 380 881,9 972 056,1 177 448,1 103 017,1 068 410,1 044 721,1 622 556,2 349 934,2 958 466,3 927 385
538,Northern Africa and Western Asia,,,1833,"Less developed regions, excluding least developed countries",934,9 696 128,11 483 566,12 873 889,15 567 535,21 579 180,29 548 439,33 130 766,35 299 943,6 103 412,7 227 109,8 107 443,10 091 705,14 004 373,19 250 630,21 094 933,22 432 223,3 592 716,4 256 457,4 766 446,5 475 830,7 574 807,10 297 809,12 035 833,12 867 720
539,Northern Africa and Western Asia,,,1833,"Less developed regions, excluding China",948,12 900 101,14 729 392,16 145 859,19 280 658,27 641 663,39 460 988,44 432 860,49 126 061,8 134 582,9 373 215,10 314 721,12 764 930,18 451 334,26 820 637,29 452 938,32 354 102,4 765 519,5 356 177,5 831 138,6 515 728,9 190 329,12 640 351,14 979 922,16 771 959
540,Northern Africa and Western Asia,,,1833,Land-locked Developing Countries (LLDC),1636,2 100 644,1 976 769,1 562 325,1 298 849,1 409 627,2 050 292,3 265 433,4 444 593,1 027 515,958 170,766 548,646 921,752 872,1 213 878,1 836 895,2 400 923,1 073 129,1 018 599,795 777,651 928,656 755,836 414,1 428 538,2 043 670
541,Northern Africa and Western Asia,,,1833,Small Island Developing States (SIDS),1637,2 440,3 749,5 189,6 044,6 994,6 400,9 083,9 562,1 783,2 782,3 900,4 687,5 455,4 993,7 316,7 601,657,967,1 289,1 357,1 539,1 407,1 767,1 961
542,Northern Africa and Western Asia,,,1833,High-and-upper-middle-income countries,5503,5 840 637,6 874 834,7 398 276,7 928 191,9 089 222,8 192 719,9 397 638,10 072 285,2 860 940,3 429 837,3 746 452,4 044 798,4 627 883,4 090 466,4 704 139,5 012 614,2 979 697,3 444 997,3 651 824,3 883 393,4 461 339,4 102 253,4 693 499,5 059 671
543,Northern Africa and Western Asia,,,1833,Low-and-Lower-middle-income countries,5504,9 380 261,10 148 217,10 898 639,13 425 426,20 562 288,33 218 774,37 260 681,41 645 839,6 340 520,6 994 135,7 554 317,9 673 589,14 750 515,23 618 348,25 768 170,28 539 071,3 039 741,3 154 082,3 344 322,3 751 837,5 811 773,9 600 426,11 492 511,13 106 768
544,Northern Africa and Western Asia,,,1833,High-income countries,1503,1 408 329,1 453 045,1 478 355,1 450 137,1 530 634,1 556 128,1 824 471,2 024 565,692 430,716 297,737 335,724 435,768 885,777 760,919 238,1 015 934,715 899,736 748,741 020,725 702,761 749,778 368,905 233,1 008 631
545,Northern Africa and Western Asia,,,1833,Low-and-middle-income countries,1859,13 812 569,15 570 006,16 818 560,19 903 480,28 120 876,39 855 365,44 833 848,49 693 559,8 509 030,9 707 675,10 563 434,12 993 952,18 609 513,26 931 054,29 553 071,32 535 751,5 303 539,5 862 331,6 255 126,6 909 528,9 511 363,12 924 311,15 280 777,17 157 808
546,Northern Africa and Western Asia,,,1833,Middle-income countries,1517,11 369 415,13 219 509,14 559 066,17 455 163,23 790 570,29 440 039,31 484 933,34 548 602,7 147 196,8 337 947,9 215 011,11 461 826,15 927 297,20 671 892,21 808 284,23 873 139,4 222 219,4 881 562,5 344 055,5 993 337,7 863 273,8 768 147,9 676 649,10 675 463
547,Northern Africa and Western Asia,,,1833,Upper-middle-income countries,1502,4 432 308,5 421 789,5 919 921,6 478 054,7 558 588,6 636 591,7 573 167,8 047 720,2 168 510,2 713 540,3 009 117,3 320 363,3 858 998,3 312 706,3 784 901,3 996 680,2 263 798,2 708 249,2 910 804,3 157 691,3 699 590,3 323 885,3 788 266,4 051 040
548,Northern Africa and Western Asia,,,1833,Lower-middle-income countries,1501,6 937 107,7 797 720,8 639 145,10 977 109,16 231 982,22 803 448,23 911 766,26 500 882,4 978 686,5 624 407,6 205 894,8 141 463,12 068 299,17 359 186,18 023 383,19 876 459,1 958 421,2 173 313,2 433 251,2 835 646,4 163 683,5 444 262,5 888 383,6 624 423
549,Northern Africa and Western Asia,,,1833,Low-income countries,1500,2 443 154,2 350 497,2 259 494,2 448 317,4 330 306,10 415 326,13 348 915,15 144 957,1 361 834,1 369 728,1 348 423,1 532 126,2 682 216,6 259 162,7 744 787,8 662 612,1 081 320,980 769,911 071,916 191,1 648 090,4 156 164,5 604 128,6 482 345
550,Northern Africa and Western Asia,,,1833,No income group available,1518,168 474,167 617,166 837,132 338,145 608,158 254,164 674,170 695,92 674,92 048,91 460,72 525,76 964,83 582,86 876,90 052,75 800,75 569,75 377,59 813,68 644,74 672,77 798,80 643
551,Northern Africa and Western Asia,,,1833,AFRICA,903,3 816 249,3 688 292,3 651 373,3 912 169,5 326 786,6 929 602,8 096 344,10 094 349,2 307 159,2 297 037,2 315 236,2 595 689,3 553 904,4 663 525,5 287 438,6 359 224,1 509 090,1 391 255,1 336 137,1 316 480,1 772 882,2 266 077,2 808 906,3 735 125
552,Northern Africa and Western Asia,,,1833,Eastern Africa,910,1 293 054,1 134 181,977 468,771 496,1 104 026,1 383 186,2 201 954,3 140 755,642 866,574 524,508 544,424 120,595 450,727 515,1 151 188,1 610 394,650 188,559 657,468 924,347 376,508 576,655 671,1 050 766,1 530 361
553,Northern Africa and Western Asia,,,1833,Burundi,108,20,54,70,92,77,44,148,241,17,37,48,63,54,24,93,141,3,17,22,29,23,20,55,100
554,Northern Africa and Western Asia,,,1833,Comoros,174,1 392,2 444,3 606,4 209,4 903,4 281,6 659,7 064,1 203,2 040,2 978,3 589,4 205,3 693,5 833,6 071,189,404,628,620,698,588,826,993
555,Northern Africa and Western Asia,,,1833,Djibouti,262,912,1 099,1 315,1 441,1 549,1 440,1 772,1 830,557,696,859,1 008,1 090,1 053,1 263,1 305,355,403,456,433,459,387,509,525
556,Northern Africa and Western Asia,,,1833,Eritrea,232,74 335,300 864,450 986,212 981,183 347,224 011,294 445,464 514,39 521,159 478,225 369,109 063,101 525,128 880,160 338,243 975,34 814,141 386,225 617,103 918,81 822,95 131,134 107,220 539
557,Northern Africa and Western Asia,,,1833,Ethiopia,231,1 052 228,606 498,253 074,263 495,295 397,388 975,438 704,508 067,513 032,284 988,121 846,130 018,142 709,172 155,199 847,227 595,539 196,321 510,131 228,133 477,152 688,216 820,238 857,280 472
558,Northern Africa and Western Asia,,,1833,Kenya,404,6 514,6 578,6 651,6 189,3 224,2 989,4 106,6 891,3 447,3 445,3 451,3 234,1 714,1 590,2 178,3 633,3 067,3 133,3 200,2 955,1 510,1 399,1 928,3 258
559,Northern Africa and Western Asia,,,1833,Madagascar,450,2,3,4,6,8,7,6,6,1,1,2,3,5,5,5,5,1,2,2,3,3,2,1,1
560,Northern Africa and Western Asia,,,1833,Malawi,454,2,3,4,6,8,7,6,6,1,1,2,3,5,5,5,5,1,2,2,3,3,2,1,1
561,Northern Africa and Western Asia,,,1833,Mauritius,480,3,4,5,7,10,9,8,8,2,2,3,4,7,7,7,7,1,2,2,3,3,2,1,1
562,Northern Africa and Western Asia,,,1833,Mozambique,508,3,4,5,7,10,9,8,8,1,1,1,1,2,2,2,2,2,3,4,6,8,7,6,6
563,Northern Africa and Western Asia,,,1833,Seychelles,690,2,3,4,6,8,7,6,6,1,1,2,3,5,5,5,5,1,2,2,3,3,2,1,1
564,Northern Africa and Western Asia,,,1833,Somalia,706,67 792,143 856,199 144,240 461,376 718,462 445,528 858,557 547,37 693,84 800,119 746,152 660,222 516,264 980,316 242,330 556,30 099,59 056,79 398,87 801,154 202,197 465,212 616,226 991
565,Northern Africa and Western Asia,,,1833,South Sudan,728,10 007,9 548,9 484,10 305,228 476,280 169,908 329,1 569 448,5 963,5 985,6 280,6 919,114 931,141 173,451 996,779 296,4 044,3 563,3 204,3 386,113 545,138 996,456 333,790 152
566,Northern Africa and Western Asia,,,1833,Uganda,800,74 438,57 778,47 621,26 116,2 099,1 268,1 907,3 351,37 306,29 187,24 275,13 418,1 064,656,1 008,1 779,37 132,28 591,23 346,12 698,1 035,612,899,1 572
567,Northern Africa and Western Asia,,,1833,United Republic of Tanzania,834,5 294,5 289,5 294,5 873,7 728,17 102,16 558,21 308,4 075,3 800,3 605,4 021,5 440,13 122,12 196,15 838,1 219,1 489,1 689,1 852,2 288,3 980,4 362,5 470
568,Northern Africa and Western Asia,,,1833,Zambia,894,34,48,62,94,144,131,135,143,13,17,21,31,49,46,47,50,21,31,41,63,95,85,88,93
569,Northern Africa and Western Asia,,,1833,Zimbabwe,716,76,108,139,208,320,292,299,317,33,45,56,82,129,119,123,131,43,63,83,126,191,173,176,186
570,Northern Africa and Western Asia,,,1833,Middle Africa,911,242 234,131 079,117 527,124 827,131 204,107 290,154 277,258 395,120 193,65 596,61 474,65 193,69 615,56 406,79 918,132 774,122 041,65 483,56 053,59 634,61 589,50 884,74 359,125 621
571,Northern Africa and Western Asia,,,1833,Cameroon,120,65,95,135,201,820,811,2 980,3 125,51,76,112,167,501,421,1 726,1 785,14,19,23,34,319,390,1 254,1 340
572,Northern Africa and Western Asia,,,1833,Central African Republic,140,17 915,18 277,18 646,20 781,16 079,13 502,25 975,45 139,9 210,9 415,9 624,10 701,8 204,6 914,13 119,22 798,8 705,8 862,9 022,10 080,7 875,6 588,12 856,22 341
573,Northern Africa and Western Asia,,,1833,Chad,148,206 556,96 787,84 135,87 571,86 673,81 950,110 960,187 902,101 855,47 865,44 096,45 809,46 727,42 467,56 439,94 834,104 701,48 922,40 039,41 762,39 946,39 483,54 521,93 068
574,Northern Africa and Western Asia,,,1833,Congo,178,1 390,1 404,1 602,1 722,1 895,2 284,2 612,2 882,764,775,884,964,1 064,1 249,1 480,1 625,626,629,718,758,831,1 035,1 132,1 257
575,Northern Africa and Western Asia,,,1833,Democratic Republic of the Congo,180,16 308,14 516,13 009,14 552,25 737,8 743,11 750,19 347,8 313,7 465,6 758,7 552,13 119,5 355,7 154,11 732,7 995,7 051,6 251,7 000,12 618,3 388,4 596,7 615
576,Northern Africa and Western Asia,,,1833,Northern Africa,912,2 203 918,2 338 001,2 465 329,2 913 219,3 983 301,5 321 934,5 605 452,6 531 036,1 503 518,1 612 797,1 698 272,2 052 101,2 830 100,3 815 727,3 981 327,4 523 765,700 400,725 204,767 057,861 118,1 153 201,1 506 207,1 624 125,2 007 271
577,Northern Africa and Western Asia,,,1833,Algeria,12,68 611,72 291,69 364,68 479,67 022,75 588,89 687,102 310,33 313,34 951,33 428,33 033,32 092,36 152,42 579,47 009,35 298,37 340,35 936,35 446,34 930,39 436,47 108,55 301
578,Northern Africa and Western Asia,,,1833,Egypt,818,1 420 251,1 496 893,1 610 358,2 001 959,2 781 345,3 659 312,3 823 434,4 107 560,1 049 836,1 115 291,1 190 026,1 491 275,2 053 364,2 683 828,2 788 277,2 974 177,370 415,381 602,420 332,510 684,727 981,975 484,1 035 157,1 133 383
579,Northern Africa and Western Asia,,,1833,Libya,434,33 726,35 201,34 918,36 239,50 998,66 050,89 450,98 549,17 395,17 960,17 662,18 330,26 616,35 248,48 895,51 786,16 331,17 241,17 256,17 909,24 382,30 802,40 555,46 763
580,Northern Africa and Western Asia,,,1833,Morocco,504,177 527,189 848,187 821,181 669,178 097,193 882,220 881,245 300,86 417,91 807,90 852,87 886,86 000,93 572,102 985,111 449,91 110,98 041,96 969,93 783,92 097,100 310,117 896,133 851
581,Northern Africa and Western Asia,,,1833,Sudan,729,292 991,325 238,341 691,436 161,700 205,1 105 794,1 151 770,1 738 902,202 194,234 638,246 866,319 758,523 685,850 193,877 232,1 213 600,90 797,90 600,94 825,116 403,176 520,255 601,274 538,525 302
582,Northern Africa and Western Asia,,,1833,Tunisia,788,42 907,51 627,55 266,57 549,61 509,64 650,67 278,69 553,21 973,26 457,28 439,29 878,32 114,33 946,35 341,36 605,20 934,25 170,26 827,27 671,29 395,30 704,31 937,32 948
583,Northern Africa and Western Asia,,,1833,Western Sahara,732,167 905,166 903,165 911,131 163,144 125,156 658,162 952,168 862,92 390,91 693,90 999,71 941,76 229,82 788,86 018,89 139,75 515,75 210,74 912,59 222,67 896,73 870,76 934,79 723
584,Northern Africa and Western Asia,,,1833,Southern Africa,913,9 461,11 720,13 095,14 975,17 563,17 819,19 749,20 815,4 551,5 567,6 167,7 001,8 175,8 298,9 348,9 765,4 910,6 153,6 928,7 974,9 388,9 521,10 401,11 050
585,Northern Africa and Western Asia,,,1833,Botswana,72,2,3,4,6,8,7,6,6,1,1,2,3,5,5,5,5,1,2,2,3,3,2,1,1
586,Northern Africa and Western Asia,,,1833,Namibia,516,1,2,2,3,3,2,1,1,1,2,2,3,3,2,1,1,0..,0..,0..,0..,0..,0..,0..,0..
587,Northern Africa and Western Asia,,,1833,South Africa,710,9 458,11 715,13 089,14 966,17 552,17 810,19 742,20 808,4 549,5 564,6 163,6 995,8 167,8 291,9 342,9 759,4 909,6 151,6 926,7 971,9 385,9 519,10 400,11 049
588,Northern Africa and Western Asia,,,1833,Western Africa,914,67 582,73 311,77 954,87 652,90 692,99 373,114 912,143 348,36 031,38 553,40 779,47 274,50 564,55 579,65 657,82 526,31 551,34 758,37 175,40 378,40 128,43 794,49 255,60 822
589,Northern Africa and Western Asia,,,1833,Benin,204,2,3,4,6,8,7,6,6,2,3,4,6,8,7,6,6,0..,0..,0..,0..,0..,0..,0..,0..
590,Northern Africa and Western Asia,,,1833,Côte d'Ivoire,384,1 208,1 140,1 179,1 731,2 216,1 548,1 632,1 608,754,701,711,1 125,1 522,946,1 047,1 036,454,439,468,606,694,602,585,572
591,Northern Africa and Western Asia,,,1833,Ghana,288,631,556,496,574,1 003,692,1 248,1 197,492,422,367,442,772,533,974,934,139,134,129,132,231,159,274,263
592,Northern Africa and Western Asia,,,1833,Guinea,324,1 219,1 227,1 326,1 485,1 675,1 987,2 224,2 387,702,713,773,872,992,1 140,1 323,1 409,517,514,553,613,683,847,901,978
593,Northern Africa and Western Asia,,,1833,Guinea-Bissau,624,723,794,870,1 010,1 150,1 316,1 381,1 439,400,442,489,574,658,763,805,842,323,352,381,436,492,553,576,597
594,Northern Africa and Western Asia,,,1833,Liberia,430,26 234,31 357,34 091,35 057,35 907,36 756,37 675,38 437,12 293,14 535,15 721,16 133,16 447,16 748,17 094,17 382,13 941,16 822,18 370,18 924,19 460,20 008,20 581,21 055
595,Northern Africa and Western Asia,,,1833,Mali,466,2 140,1 956,1 817,1 946,2 131,2 384,2 745,3 527,1 323,1 154,1 012,1 108,1 219,1 359,1 558,1 963,817,802,805,838,912,1 025,1 187,1 564
596,Northern Africa and Western Asia,,,1833,Mauritania,478,2 333,2 213,2 267,2 430,2 617,3 190,3 424,3 644,1 413,1 326,1 311,1 458,1 582,1 909,2 067,2 192,920,887,956,972,1 035,1 281,1 357,1 452
597,Northern Africa and Western Asia,,,1833,Niger,562,346,368,405,484,561,371,702,706,328,321,329,408,472,296,590,574,18,47,76,76,89,75,112,132
598,Northern Africa and Western Asia,,,1833,Nigeria,566,28 715,29 776,31 304,38 436,38 633,45 812,57 935,84 172,15 814,16 489,17 467,22 308,23 844,28 607,36 440,52 288,12 901,13 287,13 837,16 128,14 789,17 205,21 495,31 884
599,Northern Africa and Western Asia,,,1833,Senegal,686,3 813,3 692,3 805,4 169,4 525,5 059,5 668,5 937,2 404,2 320,2 369,2 633,2 869,3 101,3 566,3 702,1 409,1 372,1 436,1 536,1 656,1 958,2 102,2 235
600,Northern Africa and Western Asia,,,1833,Sierra Leone,694,218,229,390,324,266,251,272,288,106,127,226,207,179,170,187,198,112,102,164,117,87,81,85,90
601,Northern Africa and Western Asia,,,1833,ASIA,935,9 062 017,11 004 905,12 450 793,15 321 254,22 267 875,32 477 356,36 296 173,39 022 457,5 819 338,7 060 514,7 980 311,10 148 938,14 879 039,22 134 331,24 151 964,26 006 174,3 242 679,3 944 391,4 470 482,5 172 316,7 388 836,10 343 025,12 144 209,13 016 283
602,Northern Africa and Western Asia,,,1833,Central Asia,5500,144 780,155 064,120 299,117 909,135 104,163 172,338 023,460 118,66 936,74 526,57 610,53 290,58 813,68 040,149 608,192 115,77 844,80 538,62 689,64 619,76 291,95 132,188 415,268 003
603,Northern Africa and Western Asia,,,1833,Kazakhstan,398,39 060,22 123,21 942,28 358,35 495,41 746,60 839,107 609,16 754,9 921,9 854,12 579,15 612,18 123,26 078,46 379,22 306,12 202,12 088,15 779,19 883,23 623,34 761,61 230
604,Northern Africa and Western Asia,,,1833,Kyrgyzstan,417,10 979,8 021,7 546,11 110,14 928,20 126,35 404,48 625,5 243,3 870,3 670,4 798,6 007,7 441,11 344,16 534,5 736,4 151,3 876,6 312,8 921,12 685,24 060,32 091
605,Northern Africa and Western Asia,,,1833,Tajikistan,762,8 249,8 546,4 742,4 292,4 134,4 981,7 722,14 162,4 036,4 278,2 461,2 253,2 183,2 591,3 787,6 944,4 213,4 268,2 281,2 039,1 951,2 390,3 935,7 218
606,Northern Africa and Western Asia,,,1833,Turkmenistan,795,8 858,8 225,7 040,13 056,19 657,27 569,121 890,124 903,4 399,4 148,3 637,5 854,8 301,11 023,64 025,58 463,4 459,4 077,3 403,7 202,11 356,16 546,57 865,66 440
607,Northern Africa and Western Asia,,,1833,Uzbekistan,860,77 634,108 149,79 029,61 093,60 890,68 750,112 168,164 819,36 504,52 309,37 988,27 806,26 710,28 862,44 374,63 795,41 130,55 840,41 041,33 287,34 180,39 888,67 794,101 024
608,Northern Africa and Western Asia,,,1833,Eastern Asia,906,17 391,11 775,11 185,14 668,22 734,20 315,40 685,76 570,10 221,6 713,6 430,8 725,14 433,12 260,24 902,52 054,7 170,5 062,4 755,5 943,8 301,8 055,15 783,24 516
609,Northern Africa and Western Asia,,,1833,China,156,11 341,7 428,8 436,11 604,19 449,18 454,37 253,73 323,6 696,4 131,4 718,6 781,12 415,11 062,22 876,50 177,4 645,3 297,3 718,4 823,7 034,7 392,14 377,23 146
610,Northern Africa and Western Asia,,,1833,Dem. People's Republic of Korea,408,8,12,15,23,35,31,31,33,3,4,5,8,12,11,11,12,5,8,10,15,23,20,20,21
611,Northern Africa and Western Asia,,,1833,Japan,392,5 033,3 423,1 867,2 060,2 174,1 082,2 187,2 024,2 803,1 960,1 168,1 307,1 336,677,1 290,1 161,2 230,1 463,699,753,838,405,897,863
612,Northern Africa and Western Asia,,,1833,Mongolia,496,0..,0..,29,27,27,28,27,28,0..,0..,7,7,7,8,8,8,0..,0..,22,20,20,20,19,20
613,Northern Africa and Western Asia,,,1833,Republic of Korea,410,1 009,912,838,954,1 049,720,1 187,1 162,719,618,532,622,663,502,717,696,290,294,306,332,386,218,470,466
614,Northern Africa and Western Asia,,,1833,Southern Asia,5501,3 914 107,4 536 971,5 191 678,6 926 204,10 942 545,16 187 311,17 098 768,19 072 830,3 155 009,3 647 207,4 111 998,5 591 596,8 692 635,13 112 422,13 688 625,15 198 881,759 098,889 764,1 079 680,1 334 608,2 249 910,3 074 889,3 410 143,3 873 949
615,Northern Africa and Western Asia,,,1833,Afghanistan,4,22 660,29 865,31 297,46 125,91 807,246 894,422 210,505 256,13 836,18 609,19 586,29 213,59 632,161 043,258 758,308 731,8 824,11 256,11 711,16 912,32 175,85 851,163 452,196 525
616,Northern Africa and Western Asia,,,1833,Bangladesh,50,763 369,924 792,1 065 891,1 420 247,2 487 076,4 195 148,4 382 220,4 969 223,668 822,791 115,889 233,1 215 615,2 108 337,3 652 262,3 794 730,4 300 827,94 547,133 677,176 658,204 632,378 739,542 886,587 490,668 396
617,Northern Africa and Western Asia,,,1833,India,356,1 932 297,2 212 496,2 585 796,3 543 710,5 443 968,7 371 349,7 521 177,8 337 171,1 586 198,1 797 572,2 058 725,2 848 622,4 229 580,5 761 407,5 836 495,6 443 802,346 099,414 924,527 071,695 088,1 214 388,1 609 942,1 684 682,1 893 369
618,Northern Africa and Western Asia,,,1833,Iran (Islamic Republic of),364,99 743,133 710,130 572,108 395,111 726,132 231,206 953,285 418,53 343,71 138,65 094,54 964,57 227,69 765,106 638,139 588,46 400,62 572,65 478,53 431,54 499,62 466,100 315,145 830
619,Northern Africa and Western Asia,,,1833,Nepal,524,16 026,20 678,22 169,59 489,165 460,527 753,610 368,637 391,14 405,18 740,19 842,49 756,142 122,465 096,525 402,544 562,1 621,1 938,2 327,9 733,23 338,62 657,84 966,92 829
620,Northern Africa and Western Asia,,,1833,Pakistan,586,864 166,1 018 451,1 151 591,1 509 474,2 360 792,3 369 941,3 519 697,3 884 487,728 822,857 988,954 267,1 263 400,1 940 199,2 809 037,2 914 228,3 202 407,135 344,160 463,197 324,246 074,420 593,560 904,605 469,682 080
621,Northern Africa and Western Asia,,,1833,Sri Lanka,144,215 846,196 979,204 362,238 764,281 716,343 995,436 143,453 884,89 583,92 045,105 251,130 026,155 538,193 812,252 374,258 964,126 263,104 934,99 111,108 738,126 178,150 183,183 769,194 920
622,Northern Africa and Western Asia,,,1833,South-Eastern Asia,920,1 123 406,1 240 396,1 457 853,1 613 739,2 033 213,2 477 896,2 527 305,2 727 066,474 648,548 666,651 190,728 178,962 104,1 208 296,1 219 619,1 324 274,648 758,691 730,806 663,885 561,1 071 109,1 269 600,1 307 686,1 402 792
623,Northern Africa and Western Asia,,,1833,Brunei Darussalam,96,1,2,2,3,3,2,1,1,0..,0..,0..,0..,0..,0..,0..,0..,1,2,2,3,3,2,1,1
624,Northern Africa and Western Asia,,,1833,Indonesia,360,468 961,501 145,621 541,588 289,606 723,623 640,640 976,694 473,167 912,194 363,247 574,192 306,192 294,194 504,197 337,214 775,301 049,306 782,373 967,395 983,414 429,429 136,443 639,479 698
625,Northern Africa and Western Asia,,,1833,Lao People's Democratic Republic,418,334,362,392,373,395,2,314,236,192,206,221,208,219,0..,172,121,142,156,171,165,176,2,142,115
626,Northern Africa and Western Asia,,,1833,Malaysia,458,9 966,9 264,8 742,9 560,10 509,8 764,12 118,12 184,6 418,6 355,6 462,7 330,8 050,6 961,9 347,9 359,3 548,2 909,2 280,2 230,2 459,1 803,2 771,2 825
627,Northern Africa and Western Asia,,,1833,Myanmar,104,169 275,165 042,156 646,162 119,163 002,168 496,164 625,163 537,92 166,88 566,80 797,86 881,88 379,92 460,89 981,89 795,77 109,76 476,75 849,75 238,74 623,76 036,74 644,73 742
628,Northern Africa and Western Asia,,,1833,Philippines,608,465 456,554 583,657 965,840 558,1 234 838,1 655 744,1 685 953,1 831 163,201 552,252 433,307 871,432 629,661 214,900 175,907 222,993 355,263 904,302 150,350 094,407 929,573 624,755 569,778 731,837 808
629,Northern Africa and Western Asia,,,1833,Singapore,702,296,467,648,736,821,698,946,958,167,283,406,488,539,488,629,637,129,184,242,248,282,210,317,321
630,Northern Africa and Western Asia,,,1833,Thailand,764,8 395,9 508,11 879,12 057,16 829,20 476,22 298,24 436,5 828,6 456,7 849,8 330,11 385,13 692,14 915,16 216,2 567,3 052,4 030,3 727,5 444,6 784,7 383,8 220
631,Northern Africa and Western Asia,,,1833,Viet Nam,704,722,23,38,44,93,74,74,78,413,4,10,6,24,16,16,16,309,19,28,38,69,58,58,62
632,Northern Africa and Western Asia,,,1833,Western Asia,922,3 862 333,5 060 699,5 669 778,6 648 734,9 134 279,13 628 662,16 291 392,16 685 873,2 112 524,2 783 402,3 153 083,3 767 149,5 151 054,7 733 313,9 069 210,9 238 850,1 749 809,2 277 297,2 516 695,2 881 585,3 983 225,5 895 349,7 222 182,7 447 023
633,Northern Africa and Western Asia,,,1833,Armenia,51,172 665,366 157,356 382,161 266,155 390,149 357,143 552,131 581,87 928,187 776,182 729,81 213,77 773,74 310,71 029,64 863,84 737,178 381,173 653,80 053,77 617,75 047,72 523,66 718
634,Northern Africa and Western Asia,,,1833,Azerbaijan,31,202 437,431 121,447 050,370 650,134 940,127 341,196 208,327 088,91 202,193 543,199 387,164 201,57 473,53 743,82 613,138 532,111 235,237 578,247 663,206 449,77 467,73 598,113 595,188 556
635,Northern Africa and Western Asia,,,1833,Bahrain,48,10 492,10 339,10 354,10 710,11 826,12 679,12 894,13 326,4 919,4 933,5 008,5 277,5 856,6 162,6 223,6 394,5 573,5 406,5 346,5 433,5 970,6 517,6 671,6 932
636,Northern Africa and Western Asia,,,1833,Cyprus,196,9 159,9 757,10 354,13 484,16 779,20 247,26 185,30 993,4 409,4 598,4 787,6 402,8 110,9 895,12 594,14 808,4 750,5 159,5 567,7 082,8 669,10 352,13 591,16 185
637,Northern Africa and Western Asia,,,1833,Georgia,268,218 446,204 759,173 251,153 559,137 980,120 631,106 464,96 271,98 847,92 153,77 201,65 707,56 462,46 219,40 683,37 264,119 599,112 606,96 050,87 852,81 518,74 412,65 781,59 007
638,Northern Africa and Western Asia,,,1833,Iraq,368,176 408,223 435,240 249,605 610,1 916 292,739 046,1 116 331,1 042 555,91 578,121 306,132 555,325 777,996 973,396 170,587 801,537 932,84 830,102 129,107 694,279 833,919 319,342 876,528 530,504 623
639,Northern Africa and Western Asia,,,1833,Israel,376,107 255,105 776,104 409,90 277,75 310,63 294,72 600,70 385,47 801,46 952,46 162,39 334,33 236,26 573,31 659,30 194,59 454,58 824,58 247,50 943,42 074,36 721,40 941,40 191
640,Northern Africa and Western Asia,,,1833,Jordan,400,250 918,274 642,305 599,361 550,459 071,549 519,570 108,614 690,132 799,148 034,164 619,203 874,258 986,313 291,323 499,349 174,118 119,126 608,140 980,157 676,200 085,236 228,246 609,265 516
641,Northern Africa and Western Asia,,,1833,Kuwait,414,45 681,51 819,59 413,63 214,87 072,99 157,111 826,127 041,27 048,32 073,38 172,41 152,55 687,63 204,71 203,80 253,18 633,19 746,21 241,22 062,31 385,35 953,40 623,46 788
642,Northern Africa and Western Asia,,,1833,Lebanon,422,82 734,80 220,90 638,102 018,123 819,142 211,151 659,175 118,46 887,46 381,53 327,61 426,74 965,87 576,92 290,105 333,35 847,33 839,37 311,40 592,48 854,54 635,59 369,69 785
643,Northern Africa and Western Asia,,,1833,Oman,512,10 721,10 511,10 321,12 124,12 215,13 414,14 054,14 088,5 453,5 404,5 377,6 288,6 375,6 873,7 548,7 579,5 268,5 107,4 944,5 836,5 840,6 541,6 506,6 509
644,Northern Africa and Western Asia,,,1833,Qatar,634,11 253,11 171,11 140,11 910,13 041,13 655,14 218,14 611,5 584,5 592,5 627,6 002,6 465,6 528,6 874,6 999,5 669,5 579,5 513,5 908,6 576,7 127,7 344,7 612
645,Northern Africa and Western Asia,,,1833,Saudi Arabia,682,58 087,71 329,87 473,77 625,83 551,86 374,132 940,144 724,32 920,42 754,54 944,50 334,52 645,54 219,81 425,86 908,25 167,28 575,32 529,27 291,30 906,32 155,51 515,57 816
646,Northern Africa and Western Asia,,,1833,State of Palestine,275,1 812 023,2 354 332,2 837 228,3 428 386,3 471 347,3 769 592,4 033 239,4 187 545,993 695,1 300 104,1 586 624,1 943 941,1 944 843,2 032 322,2 173 573,2 259 109,818 328,1 054 228,1 250 604,1 484 445,1 526 504,1 737 270,1 859 666,1 928 436
647,Northern Africa and Western Asia,,,1833,Syrian Arab Republic,760,191 836,224 122,241 852,385 505,1 087 424,5 408 890,7 203 511,7 058 190,109 919,129 029,138 435,218 190,578 120,2 911 971,3 800 481,3 656 422,81 917,95 093,103 417,167 315,509 304,2 496 919,3 403 030,3 401 768
648,Northern Africa and Western Asia,,,1833,Türkiye,792,66 718,85 082,82 173,82 850,94 101,101 532,110 427,118 286,36 506,48 053,47 682,48 580,55 985,59 301,63 631,68 081,30 212,37 029,34 491,34 270,38 116,42 231,46 796,50 205
649,Northern Africa and Western Asia,,,1833,United Arab Emirates,784,49 108,57 759,71 008,52 687,57 930,60 214,67 654,76 778,26 510,33 071,42 740,29 134,30 169,30 964,34 261,38 835,22 598,24 688,28 268,23 553,27 761,29 250,33 393,37 943
650,Northern Africa and Western Asia,,,1833,Yemen,887,386 392,488 368,530 884,665 309,1 196 191,2 151 509,2 207 522,2 442 603,268 519,341 646,367 707,470 317,850 931,1 553 992,1 581 823,1 750 170,117 873,146 722,163 177,194 992,345 260,597 517,625 699,692 433
651,Northern Africa and Western Asia,,,1833,EUROPE,908,2 363 636,2 335 296,2 186 208,2 052 631,1 970 340,1 915 269,2 156 052,2 476 455,1 092 902,1 076 917,1 008 623,945 526,905 298,869 881,979 917,1 125 785,1 270 734,1 258 379,1 177 585,1 107 105,1 065 042,1 045 388,1 176 135,1 350 670
652,Northern Africa and Western Asia,,,1833,Eastern Europe,923,1 549 448,1 503 147,1 332 050,1 204 630,1 092 918,1 071 388,1 172 886,1 366 186,692 884,670 971,593 388,530 853,474 102,457 918,496 496,580 720,856 564,832 176,738 662,673 777,618 816,613 470,676 390,785 466
653,Northern Africa and Western Asia,,,1833,Belarus,112,48 453,40 080,33 695,28 189,23 583,24 618,27 548,29 134,21 929,17 732,14 847,12 225,10 017,10 269,11 693,12 260,26 524,22 348,18 848,15 964,13 566,14 349,15 855,16 874
654,Northern Africa and Western Asia,,,1833,Bulgaria,100,485 684,494 897,502 816,469 942,435 520,403 050,387 694,373 662,235 241,236 826,237 891,220 506,202 378,185 544,175 801,166 757,250 443,258 071,264 925,249 436,233 142,217 506,211 893,206 905
655,Northern Africa and Western Asia,,,1833,Czechia,203,17 887,18 716,17 896,16 650,15 599,16 110,17 821,18 831,8 478,8 682,8 117,7 372,6 736,6 803,7 386,7 648,9 409,10 034,9 779,9 278,8 863,9 307,10 435,11 183
656,Northern Africa and Western Asia,,,1833,Hungary,348,18 001,17 764,15 842,13 863,12 211,12 991,13 980,14 786,8 397,8 188,7 204,6 242,5 429,5 707,6 070,6 352,9 604,9 576,8 638,7 621,6 782,7 284,7 910,8 434
657,Northern Africa and Western Asia,,,1833,Poland,616,118 161,107 804,87 476,69 512,54 708,56 795,63 141,66 452,54 770,48 697,38 967,30 704,23 862,24 584,26 950,28 068,63 391,59 107,48 509,38 808,30 846,32 211,36 191,38 384
658,Northern Africa and Western Asia,,,1833,Republic of Moldova*,498,34 031,38 143,25 291,20 886,18 589,22 743,26 055,28 474,14 917,16 737,10 556,7 448,5 279,6 013,6 939,7 207,19 114,21 406,14 735,13 438,13 310,16 730,19 116,21 267
659,Northern Africa and Western Asia,,,1833,Romania,642,161 580,165 943,151 067,131 714,115 100,117 592,125 944,134 408,72 021,72 962,65 896,56 787,48 804,49 711,52 895,55 751,89 559,92 981,85 171,74 927,66 296,67 881,73 049,78 657
660,Northern Africa and Western Asia,,,1833,Russian Federation,643,449 160,395 069,303 773,278 378,256 676,245 337,311 970,446 696,182 664,162 781,125 097,114 366,104 309,98 900,127 353,196 648,266 496,232 288,178 676,164 012,152 367,146 437,184 617,250 048
661,Northern Africa and Western Asia,,,1833,Slovakia,703,34,48,62,94,144,131,135,143,14,18,23,34,54,50,52,55,20,30,39,60,90,81,83,88
662,Northern Africa and Western Asia,,,1833,Ukraine*,804,216 457,224 683,194 132,175 402,160 788,172 021,198 598,253 600,94 453,98 348,84 790,75 169,67 234,70 337,81 357,99 974,122 004,126 335,109 342,100 233,93 554,101 684,117 241,153 626
663,Northern Africa and Western Asia,,,1833,Northern Europe,924,103 894,113 598,116 660,128 446,157 954,154 031,183 807,199 629,51 450,56 255,58 562,64 602,79 876,77 180,94 278,101 619,52 444,57 343,58 098,63 844,78 078,76 851,89 529,98 010
664,Northern Africa and Western Asia,,,1833,Denmark*,208,1 876,2 050,2 286,2 745,3 251,3 007,3 879,4 041,855,927,1 027,1 243,1 433,1 220,1 665,1 663,1 021,1 123,1 259,1 502,1 818,1 787,2 214,2 378
665,Northern Africa and Western Asia,,,1833,Estonia,233,2 140,1 786,976,755,466,222,159,162,1 143,911,482,344,190,76,50,50,997,875,494,411,276,146,109,112
666,Northern Africa and Western Asia,,,1833,Finland*,246,1 322,1 544,1 721,1 946,2 222,1 970,2 350,2 388,556,691,814,954,1 064,944,1 171,1 180,766,853,907,992,1 158,1 026,1 179,1 208
667,Northern Africa and Western Asia,,,1833,Iceland,352,8,12,15,23,35,31,31,33,2,3,3,5,7,7,6,6,6,9,12,18,28,24,25,27
668,Northern Africa and Western Asia,,,1833,Ireland,372,193,273,353,532,815,747,770,817,70,92,114,168,264,247,257,273,123,181,239,364,551,500,513,544
669,Northern Africa and Western Asia,,,1833,Latvia,428,10 203,10 864,7 684,5 273,3 425,3 587,3 854,4 050,4 614,4 838,3 391,2 288,1 450,1 510,1 611,1 680,5 589,6 026,4 293,2 985,1 975,2 077,2 243,2 370
670,Northern Africa and Western Asia,,,1833,Lithuania,440,16 387,15 356,9 545,5 614,2 747,2 854,3 062,3 209,7 521,6 833,4 136,2 341,1 080,1 093,1 142,1 170,8 866,8 523,5 409,3 273,1 667,1 761,1 920,2 039
671,Northern Africa and Western Asia,,,1833,Norway*,578,495,523,568,693,830,525,906,887,311,307,314,392,449,275,483,457,184,216,254,301,381,250,423,430
672,Northern Africa and Western Asia,,,1833,Sweden,752,2 623,2 817,2 898,3 361,3 921,3 085,4 249,4 261,1 388,1 456,1 476,1 712,1 947,1 531,2 132,2 098,1 235,1 361,1 422,1 649,1 974,1 554,2 117,2 163
673,Northern Africa and Western Asia,,,1833,United Kingdom*,826,68 647,78 373,90 614,107 504,140 242,138 003,164 547,179 781,34 990,40 197,46 805,55 155,71 992,70 277,85 761,93 042,33 657,38 176,43 809,52 349,68 250,67 726,78 786,86 739
674,Northern Africa and Western Asia,,,1833,Southern Europe,925,314 877,285 363,255 930,214 287,175 120,125 807,132 930,133 250,151 546,136 779,122 365,103 615,85 943,62 145,66 011,65 521,163 331,148 584,133 565,110 672,89 177,63 662,66 919,67 729
675,Northern Africa and Western Asia,,,1833,Albania,8,384,364,360,445,569,576,603,638,250,228,215,280,355,364,387,410,134,136,145,165,214,212,216,228
676,Northern Africa and Western Asia,,,1833,Bosnia and Herzegovina,70,83,177,274,315,364,392,416,440,41,102,166,208,236,258,277,293,42,75,108,107,128,134,139,147
677,Northern Africa and Western Asia,,,1833,Croatia,191,21,30,38,57,88,80,81,86,9,12,15,22,35,34,34,36,12,18,23,35,53,46,47,50
678,Northern Africa and Western Asia,,,1833,Gibraltar*,292,1,2,2,3,3,2,1,1,1,2,2,3,3,2,1,1,0..,0..,0..,0..,0..,0..,0..,0..
679,Northern Africa and Western Asia,,,1833,Greece,300,134 980,109 013,84 273,74 002,67 619,54 347,58 127,61 038,63 928,51 452,39 642,35 521,33 625,27 541,29 509,30 825,71 052,57 561,44 631,38 481,33 994,26 806,28 618,30 213
680,Northern Africa and Western Asia,,,1833,Italy,380,27 396,23 413,19 053,20 103,21 305,17 316,24 149,24 136,14 368,11 944,9 475,10 486,11 168,9 080,12 783,12 614,13 028,11 469,9 578,9 617,10 137,8 236,11 366,11 522
681,Northern Africa and Western Asia,,,1833,Malta,470,8,12,15,23,35,31,31,33,5,7,9,14,22,20,20,21,3,5,6,9,13,11,11,12
682,Northern Africa and Western Asia,,,1833,North Macedonia,807,143 942,143 944,143 946,111 007,75 924,43 886,38 746,35 554,69 015,69 015,69 016,53 018,35 979,20 399,17 529,15 606,74 927,74 929,74 930,57 989,39 945,23 487,21 217,19 948
683,Northern Africa and Western Asia,,,1833,Portugal,620,16,23,29,44,65,59,60,64,5,7,8,12,16,16,16,17,11,16,21,32,49,43,44,47
684,Northern Africa and Western Asia,,,1833,Serbia*,688,630,891,1 152,1 732,2 657,2 439,2 518,2 673,303,410,517,763,1 194,1 111,1 156,1 227,327,481,635,969,1 463,1 328,1 362,1 446
685,Northern Africa and Western Asia,,,1833,Slovenia,705,4,6,7,10,15,13,13,14,2,3,3,4,7,6,7,8,2,3,4,6,8,7,6,6
686,Northern Africa and Western Asia,,,1833,Spain*,724,7 412,7 488,6 781,6 546,6 476,6 666,8 185,8 573,3 619,3 597,3 297,3 284,3 303,3 314,4 292,4 463,3 793,3 891,3 484,3 262,3 173,3 352,3 893,4 110
687,Northern Africa and Western Asia,,,1833,Western Europe,926,395 417,433 188,481 568,505 268,544 348,564 043,666 429,777 390,197 022,212 912,234 308,246 456,265 377,272 638,323 132,377 925,198 395,220 276,247 260,258 812,278 971,291 405,343 297,399 465
688,Northern Africa and Western Asia,,,1833,Austria,40,22 449,19 363,21 117,21 564,22 022,24 001,31 711,37 901,10 658,9 307,10 221,10 436,10 612,11 505,15 165,18 159,11 791,10 056,10 896,11 128,11 410,12 496,16 546,19 742
689,Northern Africa and Western Asia,,,1833,Belgium,56,10 945,13 052,15 259,22 668,30 469,35 946,41 055,51 957,5 251,6 169,7 167,10 669,14 324,16 776,19 097,24 913,5 694,6 883,8 092,11 999,16 145,19 170,21 958,27 044
690,Northern Africa and Western Asia,,,1833,France*,250,72 756,78 184,84 347,96 247,123 986,141 312,161 229,182 089,37 404,39 890,42 853,49 824,64 454,72 972,83 962,94 124,35 352,38 294,41 494,46 423,59 532,68 340,77 267,87 965
691,Northern Africa and Western Asia,,,1833,Germany,276,252 830,280 681,313 825,311 942,307 940,299 549,357 392,417 904,126 284,137 448,151 421,150 196,147 509,141 627,170 016,199 647,126 546,143 233,162 404,161 746,160 431,157 922,187 376,218 257
692,Northern Africa and Western Asia,,,1833,Luxembourg,442,3,4,5,7,10,9,8,8,1,1,1,1,2,2,2,2,2,3,4,6,8,7,6,6
693,Northern Africa and Western Asia,,,1833,Monaco,492,176,187,202,224,246,276,293,310,83,101,123,152,168,188,202,214,93,86,79,72,78,88,91,96
694,Northern Africa and Western Asia,,,1833,Netherlands*,528,20 163,26 116,31 869,36 167,41 692,44 096,53 500,63 655,9 307,12 485,15 567,17 528,20 009,20 879,24 924,29 990,10 856,13 631,16 302,18 639,21 683,23 217,28 576,33 665
695,Northern Africa and Western Asia,,,1833,Switzerland,756,16 095,15 601,14 944,16 449,17 983,18 854,21 241,23 566,8 034,7 511,6 955,7 650,8 299,8 689,9 764,10 876,8 061,8 090,7 989,8 799,9 684,10 165,11 477,12 690
696,Northern Africa and Western Asia,,,1833,LATIN AMERICA AND THE CARIBBEAN,904,38 208,47 044,53 994,60 896,68 622,73 564,79 782,84 601,17 584,21 755,25 060,28 391,32 142,34 520,37 702,40 042,20 624,25 289,28 934,32 505,36 480,39 044,42 080,44 559
697,Northern Africa and Western Asia,,,1833,Caribbean,915,22,33,52,70,96,85,81,85,10,14,22,29,41,37,37,39,12,19,30,41,55,48,44,46
698,Northern Africa and Western Asia,,,1833,Cuba,192,9,13,29,37,50,46,45,47,5,7,15,20,27,25,25,26,4,6,14,17,23,21,20,21
699,Northern Africa and Western Asia,,,1833,Dominican Republic,214,3,4,5,7,10,9,8,8,1,1,1,1,2,2,2,2,2,3,4,6,8,7,6,6
700,Northern Africa and Western Asia,,,1833,Haiti,332,1,2,2,3,3,2,1,1,0..,0..,0..,0..,0..,0..,0..,0..,1,2,2,3,3,2,1,1
701,Northern Africa and Western Asia,,,1833,Jamaica,388,4,6,7,10,15,13,13,14,2,3,3,4,7,6,7,8,2,3,4,6,8,7,6,6
702,Northern Africa and Western Asia,,,1833,Puerto Rico*,630,1,2,2,3,3,2,1,1,1,2,2,3,3,2,1,1,0..,0..,0..,0..,0..,0..,0..,0..
703,Northern Africa and Western Asia,,,1833,Trinidad and Tobago,780,4,6,7,10,15,13,13,14,1,1,1,1,2,2,2,2,3,5,6,9,13,11,11,12
704,Northern Africa and Western Asia,,,1833,Central America,916,1 730,2 072,2 451,2 878,3 349,3 624,3 897,4 135,757,962,1 197,1 466,1 731,1 905,2 088,2 239,973,1 110,1 254,1 412,1 618,1 719,1 809,1 896
705,Northern Africa and Western Asia,,,1833,Costa Rica,188,1,2,2,3,3,2,1,1,0..,0..,0..,0..,0..,0..,0..,0..,1,2,2,3,3,2,1,1
706,Northern Africa and Western Asia,,,1833,El Salvador,222,461,489,525,581,641,715,762,805,190,241,301,376,418,464,502,530,271,248,224,205,223,251,260,275
707,Northern Africa and Western Asia,,,1833,Honduras,340,1,2,2,3,3,2,1,1,1,2,2,3,3,2,1,1,0..,0..,0..,0..,0..,0..,0..,0..
708,Northern Africa and Western Asia,,,1833,Mexico,484,1 259,1 568,1 908,2 271,2 672,2 878,3 107,3 301,560,712,884,1 073,1 286,1 416,1 561,1 683,699,856,1 024,1 198,1 386,1 462,1 546,1 618
709,Northern Africa and Western Asia,,,1833,Nicaragua,558,3,4,5,7,10,9,8,8,2,2,3,4,7,7,7,7,1,2,2,3,3,2,1,1
710,Northern Africa and Western Asia,,,1833,Panama,591,5,7,9,13,20,18,18,19,4,5,7,10,17,16,17,18,1,2,2,3,3,2,1,1
711,Northern Africa and Western Asia,,,1833,South America,931,36 456,44 939,51 491,57 948,65 177,69 855,75 804,80 381,16 817,20 779,23 841,26 896,30 370,32 578,35 577,37 764,19 639,24 160,27 650,31 052,34 807,37 277,40 227,42 617
712,Northern Africa and Western Asia,,,1833,Argentina,32,22 527,27 864,31 746,35 276,39 011,42 074,45 350,48 182,10 671,13 202,15 045,16 724,18 501,19 958,21 518,22 866,11 856,14 662,16 701,18 552,20 510,22 116,23 832,25 316
713,Northern Africa and Western Asia,,,1833,Bolivia (Plurinational State of),68,3,4,5,7,10,9,8,8,2,2,3,4,7,7,7,7,1,2,2,3,3,2,1,1
714,Northern Africa and Western Asia,,,1833,Brazil,76,5 631,6 776,7 562,8 392,9 266,9 816,10 802,11 440,2 388,2 905,3 278,3 680,4 088,4 349,4 832,5 132,3 243,3 871,4 284,4 712,5 178,5 467,5 970,6 308
715,Northern Africa and Western Asia,,,1833,Chile,152,2 336,2 874,3 072,3 205,3 356,3 599,3 877,4 119,1 077,1 323,1 413,1 473,1 542,1 652,1 778,1 890,1 259,1 551,1 659,1 732,1 814,1 947,2 099,2 229
716,Northern Africa and Western Asia,,,1833,Colombia,170,1 025,1 290,1 736,2 325,3 158,3 156,3 685,3 783,417,524,706,960,1 368,1 288,1 618,1 614,608,766,1 030,1 365,1 790,1 868,2 067,2 169
717,Northern Africa and Western Asia,,,1833,Ecuador,218,2,3,4,6,8,7,6,6,1,1,2,3,5,5,5,5,1,2,2,3,3,2,1,1
718,Northern Africa and Western Asia,,,1833,Paraguay,600,2,3,4,6,8,7,6,6,0..,0..,0..,0..,0..,0..,0..,0..,2,3,4,6,8,7,6,6
719,Northern Africa and Western Asia,,,1833,Peru,604,547,698,1 151,1 774,2 575,2 797,3 028,3 228,204,275,473,774,1 185,1 352,1 538,1 698,343,423,678,1 000,1 390,1 445,1 490,1 530
720,Northern Africa and Western Asia,,,1833,Suriname,740,1,2,2,3,3,2,1,1,0..,0..,0..,0..,0..,0..,0..,0..,1,2,2,3,3,2,1,1
721,Northern Africa and Western Asia,,,1833,Uruguay,858,3 813,4 711,5 283,5 779,6 299,6 792,7 319,7 775,1 773,2 192,2 460,2 694,2 939,3 173,3 423,3 639,2 040,2 519,2 823,3 085,3 360,3 619,3 896,4 136
722,Northern Africa and Western Asia,,,1833,Venezuela (Bolivarian Republic of),862,569,714,926,1 175,1 483,1 596,1 722,1 833,284,355,461,584,735,794,858,913,285,359,465,591,748,802,864,920
723,Northern Africa and Western Asia,,,1833,NORTHERN AMERICA,905,104 667,110 183,116 135,132 532,155 372,166 655,185 773,201 719,54 891,57 361,60 379,69 062,80 773,86 398,97 343,105 502,49 776,52 822,55 756,63 470,74 599,80 257,88 430,96 217
724,Northern Africa and Western Asia,,,1833,Canada,124,5 985,7 806,9 612,11 224,13 063,13 035,14 804,15 512,2 863,3 804,4 773,5 761,6 745,6 805,7 842,8 246,3 122,4 002,4 839,5 463,6 318,6 230,6 962,7 266
725,Northern Africa and Western Asia,,,1833,United States of America*,840,98 682,102 377,106 523,121 308,142 309,153 620,170 969,186 207,52 028,53 557,55 606,63 301,74 028,79 593,89 501,97 256,46 654,48 820,50 917,58 007,68 281,74 027,81 468,88 951
726,Northern Africa and Western Asia,,,1833,OCEANIA,909,4 595,4 948,5 249,6 473,8 123,7 301,8 869,9 238,2 260,2 436,2 620,3 306,4 206,3 741,4 821,5 010,2 335,2 512,2 629,3 167,3 917,3 560,4 048,4 228
727,Northern Africa and Western Asia,,,1833,Australia/New Zealand,927,4 594,4 946,5 247,6 470,8 120,7 299,8 868,9 237,2 260,2 436,2 620,3 306,4 206,3 741,4 821,5 010,2 334,2 510,2 627,3 164,3 914,3 558,4 047,4 227
728,Northern Africa and Western Asia,,,1833,Australia*,36,4 571,4 913,5 205,6 406,8 022,7 210,8 777,9 140,2 251,2 424,2 605,3 282,4 169,3 707,4 786,4 973,2 320,2 489,2 600,3 124,3 853,3 503,3 991,4 167
729,Northern Africa and Western Asia,,,1833,New Zealand*,554,23,33,42,64,98,89,91,97,9,12,15,24,37,34,35,37,14,21,27,40,61,55,56,60
730,Northern Africa and Western Asia,,,1833,Melanesia,928,1,2,2,3,3,2,1,1,0..,0..,0..,0..,0..,0..,0..,0..,1,2,2,3,3,2,1,1
731,Northern Africa and Western Asia,,,1833,Fiji,242,1,2,2,3,3,2,1,1,0..,0..,0..,0..,0..,0..,0..,0..,1,2,2,3,3,2,1,1
732,Northern Africa and Western Asia,,,1833,Others,2003,1 474 309,1 382 584,1 569 782,1 530 455,2 231 298,2 514 031,2 169 336,2 196 891,523 180,556 301,588 413,557 305,783 191,1 138 995,896 860,1 093 839,951 129,826 283,981 369,973 150,1 448 107,1 375 036,1 272 476,1 103 052
733,Central and Southern Asia,,,1831,World,900,25 456 471,20 140 424,18 979 217,17 615 413,18 225 935,17 681 574,17 736 883,20 369 652,12 847 377,10 075 626,9 556 224,8 803 130,8 974 354,8 595 543,8 603 151,9 575 919,12 609 094,10 064 798,9 422 993,8 812 283,9 251 581,9 086 031,9 133 732,10 793 733
734,Central and Southern Asia,,,1831,Sub-Saharan Africa,1834,19 759,15 310,11 924,11 070,11 384,10 405,9 685,9 310,9 537,7 385,5 844,5 410,5 555,5 067,4 726,4 436,10 222,7 925,6 080,5 660,5 829,5 338,4 959,4 874
735,Central and Southern Asia,,,1831,Northern Africa and Western Asia,1833,504 197,435 770,370 468,300 497,291 301,255 614,237 100,248 227,253 630,220 475,196 097,159 999,156 074,138 612,120 998,123 696,250 567,215 295,174 371,140 498,135 227,117 002,116 102,124 531
736,Central and Southern Asia,,,1831,Central and Southern Asia,1831,18 204 787,14 256 731,14 164 389,12 729 041,13 104 996,12 546 076,12 020 324,13 222 390,9 519 341,7 381 214,7 347 868,6 560 415,6 626 993,6 261 633,5 982 978,6 313 980,8 685 446,6 875 517,6 816 521,6 168 626,6 478 003,6 284 443,6 037 346,6 908 410
737,Central and Southern Asia,,,1831,Eastern and South-Eastern Asia,1832,966 026,1 118 224,1 145 197,1 150 818,1 372 766,1 430 897,2 082 512,2 745 896,485 289,563 931,582 203,596 150,703 293,731 631,1 173 035,1 555 009,480 737,554 293,562 994,554 668,669 473,699 266,909 477,1 190 887
738,Central and Southern Asia,,,1831,Latin America and the Caribbean,1830,589,5 420,10 255,12 207,14 144,14 978,14 684,20 153,316,2 926,5 538,6 589,7 633,8 084,4 545,6 234,273,2 494,4 717,5 618,6 511,6 894,10 139,13 919
739,Central and Southern Asia,,,1831,Oceania (excluding Australia and New Zealand),1835,2 038,776,242,168,133,123,115,108,819,331,106,68,41,28,18,11,1 219,445,136,100,92,95,97,97
740,Central and Southern Asia,,,1831,Australia/New Zealand,1836,2 916,1 953,1 265,1 774,2 898,2 821,2 696,2 628,1 268,918,657,901,1 493,1 480,1 444,1 395,1 648,1 035,608,873,1 405,1 341,1 252,1 233
741,Central and Southern Asia,,,1831,Europe and Northern America,1829,5 033 427,3 628 428,2 855 328,2 666 444,2 505 750,2 395 049,2 339 859,2 330 456,2 223 113,1 563 926,1 201 708,1 122 394,1 059 751,1 004 324,940 949,922 508,2 810 314,2 064 502,1 653 620,1 544 050,1 445 999,1 390 725,1 398 910,1 407 948
742,Central and Southern Asia,,,1831,More developed regions,901,5 046 357,3 640 802,2 867 427,2 681 032,2 523 698,2 413 613,2 357 991,2 353 545,2 229 722,1 570 404,1 208 137,1 130 084,1 069 213,1 014 144,947 471,930 527,2 816 635,2 070 398,1 659 290,1 550 948,1 454 485,1 399 469,1 410 520,1 423 018
743,Central and Southern Asia,,,1831,Less developed regions,902,19 687 382,15 821 810,15 691 641,14 190 987,14 779 674,14 242 350,14 348 984,16 225 623,10 263 591,8 170 702,8 131 884,7 321 842,7 491 620,7 136 715,7 281 222,7 996 742,9 423 791,7 651 108,7 559 757,6 869 145,7 288 054,7 105 635,7 067 762,8 228 881
744,Central and Southern Asia,,,1831,Least developed countries,941,12 328 095,8 905 558,9 119 523,7 888 016,8 666 480,8 222 832,8 640 137,10 301 070,6 486 420,4 677 199,4 823 340,4 133 277,4 399 102,4 042 464,4 489 335,5 165 787,5 841 675,4 228 359,4 296 183,3 754 739,4 267 378,4 180 368,4 150 802,5 135 283
745,Central and Southern Asia,,,1831,"Less developed regions, excluding least developed countries",934,7 359 287,6 916 252,6 572 118,6 302 971,6 113 194,6 019 518,5 708 847,5 924 553,3 777 171,3 493 503,3 308 544,3 188 565,3 092 518,3 094 251,2 791 887,2 830 955,3 582 116,3 422 749,3 263 574,3 114 406,3 020 676,2 925 267,2 916 960,3 093 598
746,Central and Southern Asia,,,1831,"Less developed regions, excluding China",948,19 439 950,15 457 651,15 328 273,13 800 686,14 340 361,13 772 482,13 879 871,15 695 483,10 138 867,7 986 140,7 944 261,7 116 853,7 264 540,6 894 621,7 080 294,7 778 203,9 301 083,7 471 511,7 384 012,6 683 833,7 075 821,6 877 861,6 799 577,7 917 280
747,Central and Southern Asia,,,1831,Land-locked Developing Countries (LLDC),1636,8 813 359,5 663 250,6 233 502,5 611 653,6 711 553,6 460 147,6 464 996,7 907 207,4 610 198,2 954 692,3 272 679,2 915 978,3 378 899,3 132 210,3 102 219,3 611 504,4 203 161,2 708 558,2 960 823,2 695 675,3 332 654,3 327 937,3 362 777,4 295 703
748,Central and Southern Asia,,,1831,Small Island Developing States (SIDS),1637,25 331,18 723,14 339,16 044,19 246,19 015,18 365,21 567,12 723,9 226,7 002,7 661,9 136,8 972,6 492,7 349,12 608,9 497,7 337,8 383,10 110,10 043,11 873,14 218
749,Central and Southern Asia,,,1831,High-and-upper-middle-income countries,5503,5 673 207,4 516 675,3 831 320,3 669 195,3 603 338,3 506 118,3 427 628,3 642 693,2 495 844,2 023 761,1 732 043,1 670 651,1 636 184,1 584 447,1 365 337,1 412 137,3 177 363,2 492 914,2 099 277,1 998 544,1 967 154,1 921 671,2 062 291,2 230 556
750,Central and Southern Asia,,,1831,Low-and-Lower-middle-income countries,5504,19 060 532,14 945 937,14 727 748,13 202 824,13 700 034,13 149 845,13 279 347,14 936 475,9 997 469,7 717 345,7 607 978,6 781 275,6 924 649,6 566 412,6 863 356,7 515 132,9 063 063,7 228 592,7 119 770,6 421 549,6 775 385,6 583 433,6 415 991,7 421 343
751,Central and Southern Asia,,,1831,High-income countries,1503,236 815,242 185,238 036,263 940,307 567,306 329,295 028,343 009,112 562,119 187,120 468,134 352,157 183,156 590,117 340,129 429,124 253,122 998,117 568,129 588,150 384,149 739,177 688,213 580
752,Central and Southern Asia,,,1831,Low-and-middle-income countries,1859,24 496 924,19 220 427,18 321 032,16 608 079,16 995 805,16 349 634,16 411 947,18 236 159,12 380 751,9 621 919,9 219 553,8 317 574,8 403 650,7 994 269,8 111 353,8 797 840,12 116 173,9 598 508,9 101 479,8 290 505,8 592 155,8 355 365,8 300 594,9 438 319
753,Central and Southern Asia,,,1831,Middle-income countries,1517,17 104 544,15 210 858,13 967 327,13 025 704,12 393 092,11 975 709,12 056 172,12 515 767,8 429 936,7 461 864,6 855 727,6 369 380,5 955 472,5 733 069,5 810 879,5 982 057,8 674 608,7 748 994,7 111 600,6 656 324,6 437 620,6 242 640,6 245 293,6 533 710
754,Central and Southern Asia,,,1831,Upper-middle-income countries,1502,5 436 392,4 274 490,3 593 284,3 405 255,3 295 771,3 199 789,3 132 600,3 299 684,2 383 282,1 904 574,1 611 575,1 536 299,1 479 001,1 427 857,1 247 997,1 282 708,3 053 110,2 369 916,1 981 709,1 868 956,1 816 770,1 771 932,1 884 603,2 016 976
755,Central and Southern Asia,,,1831,Lower-middle-income countries,1501,11 668 152,10 936 368,10 374 043,9 620 449,9 097 321,8 775 920,8 923 572,9 216 083,6 046 654,5 557 290,5 244 152,4 833 081,4 476 471,4 305 212,4 562 882,4 699 349,5 621 498,5 379 078,5 129 891,4 787 368,4 620 850,4 470 708,4 360 690,4 516 734
756,Central and Southern Asia,,,1831,Low-income countries,1500,7 392 380,4 009 569,4 353 705,3 582 375,4 602 713,4 373 925,4 355 775,5 720 392,3 950 815,2 160 055,2 363 826,1 948 194,2 448 178,2 261 200,2 300 474,2 815 783,3 441 565,1 849 514,1 989 879,1 634 181,2 154 535,2 112 725,2 055 301,2 904 609
757,Central and Southern Asia,,,1831,AFRICA,903,19 973,15 618,12 191,11 335,11 738,10 855,10 207,10 461,9 634,7 538,5 985,5 553,5 763,5 332,5 036,5 103,10 339,8 080,6 206,5 782,5 975,5 523,5 171,5 358
758,Central and Southern Asia,,,1831,Eastern Africa,910,12 755,8 484,5 262,4 426,4 684,4 282,4 189,4 126,5 983,3 959,2 516,2 100,2 190,1 951,1 891,1 808,6 772,4 525,2 746,2 326,2 494,2 331,2 298,2 318
759,Central and Southern Asia,,,1831,Kenya,404,7 494,4 902,3 021,2 666,2 495,2 328,2 184,2 078,3 492,2 314,1 453,1 278,1 177,1 085,1 007,921,4 002,2 588,1 568,1 388,1 318,1 243,1 177,1 157
760,Central and Southern Asia,,,1831,Mauritius,480,2 330,1 024,402,279,213,197,183,172,1 207,447,158,108,82,75,69,63,1 123,577,244,171,131,122,114,109
761,Central and Southern Asia,,,1831,Seychelles,690,0..,2,5,12,26,25,24,24,0..,2,4,6,14,13,13,13,0..,0..,1,6,12,12,11,11
762,Central and Southern Asia,,,1831,Somalia,706,0..,319,114,128,838,692,827,892,0..,162,58,70,434,360,440,477,0..,157,56,58,404,332,387,415
763,Central and Southern Asia,,,1831,Uganda,800,1 973,1 334,894,830,812,764,714,718,879,628,438,399,363,322,284,272,1 094,706,456,431,449,442,430,446
764,Central and Southern Asia,,,1831,Zambia,894,958,903,826,511,300,276,257,242,405,406,405,239,120,96,78,62,553,497,421,272,180,180,179,180
765,Central and Southern Asia,,,1831,Middle Africa,911,0..,0..,0..,0..,16,91,281,470,0..,0..,0..,0..,9,48,157,258,0..,0..,0..,0..,7,43,124,212
766,Central and Southern Asia,,,1831,Cameroon,120,0..,0..,0..,0..,0..,25,177,236,0..,0..,0..,0..,0..,14,101,130,0..,0..,0..,0..,0..,11,76,106
767,Central and Southern Asia,,,1831,Democratic Republic of the Congo,180,0..,0..,0..,0..,16,66,104,234,0..,0..,0..,0..,9,34,56,128,0..,0..,0..,0..,7,32,48,106
768,Central and Southern Asia,,,1831,Northern Africa,912,214,308,267,265,354,450,522,1 151,97,153,141,143,208,265,310,667,117,155,126,122,146,185,212,484
769,Central and Southern Asia,,,1831,Algeria,12,198,160,138,133,132,129,128,128,88,71,63,60,60,58,59,59,110,89,75,73,72,71,69,69
770,Central and Southern Asia,,,1831,Egypt,818,16,39,64,90,160,167,169,173,9,25,43,58,111,120,124,128,7,14,21,32,49,47,45,45
771,Central and Southern Asia,,,1831,Libya,434,0..,4,9,19,40,40,39,39,0..,4,7,12,25,25,25,25,0..,0..,2,7,15,15,14,14
772,Central and Southern Asia,,,1831,Sudan,729,0..,105,56,23,22,114,186,811,0..,53,28,13,12,62,102,455,0..,52,28,10,10,52,84,356
773,Central and Southern Asia,,,1831,Southern Africa,913,5 787,5 817,5 848,5 911,6 010,5 187,4 458,3 974,2 862,2 888,2 907,2 921,2 965,2 555,2 196,1 897,2 925,2 929,2 941,2 990,3 045,2 632,2 262,2 077
774,Central and Southern Asia,,,1831,South Africa,710,5 787,5 817,5 848,5 911,6 010,5 187,4 458,3 974,2 862,2 888,2 907,2 921,2 965,2 555,2 196,1 897,2 925,2 929,2 941,2 990,3 045,2 632,2 262,2 077
775,Central and Southern Asia,,,1831,Western Africa,914,1 217,1 009,814,733,674,845,757,740,692,538,421,389,391,513,482,473,525,471,393,344,283,332,275,267
776,Central and Southern Asia,,,1831,Niger,562,37,30,26,24,23,22,20,20,17,14,13,11,11,11,11,11,20,16,13,13,12,11,9,9
777,Central and Southern Asia,,,1831,Nigeria,566,1 180,979,788,709,651,823,737,720,675,524,408,378,380,502,471,462,505,455,380,331,271,321,266,258
778,Central and Southern Asia,,,1831,ASIA,935,19 674 796,15 810 417,15 679 787,14 180 091,14 768 709,14 232 137,14 339 414,16 215 362,10 258 163,8 165 467,8 126 027,7 316 421,7 486 152,7 131 611,7 276 701,7 992 018,9 416 633,7 644 950,7 553 760,6 863 670,7 282 557,7 100 526,7 062 713,8 223 344
779,Central and Southern Asia,,,1831,Central Asia,5500,642 845,752 331,905 047,947 599,959 209,1 019 834,1 094 658,1 156 930,307 758,374 684,439 026,463 151,464 085,489 165,510 472,534 853,335 087,377 647,466 021,484 448,495 124,530 669,584 186,622 077
780,Central and Southern Asia,,,1831,Kazakhstan,398,106 438,87 273,69 302,59 655,50 155,47 209,46 610,46 141,44 244,37 325,29 002,26 103,22 025,21 142,21 079,20 881,62 194,49 948,40 300,33 552,28 130,26 067,25 531,25 260
781,Central and Southern Asia,,,1831,Kyrgyzstan,417,113 875,93 092,81 462,87 522,94 417,101 699,110 153,116 451,50 727,41 592,36 852,40 732,43 275,44 507,44 724,45 172,63 148,51 500,44 610,46 790,51 142,57 192,65 429,71 279
782,Central and Southern Asia,,,1831,Tajikistan,762,74 390,103 813,114 232,106 917,64 044,54 372,45 747,45 829,39 894,52 487,56 589,52 964,35 157,27 515,23 051,22 776,34 496,51 326,57 643,53 953,28 887,26 857,22 696,23 053
783,Central and Southern Asia,,,1831,Turkmenistan,795,34 541,64 023,104 827,109 721,112 693,115 322,118 466,121 259,27 894,48 757,47 978,30 217,15 537,15 581,15 432,15 777,6 647,15 266,56 849,79 504,97 156,99 741,103 034,105 482
784,Central and Southern Asia,,,1831,Uzbekistan,860,313 601,404 130,535 224,583 784,637 900,701 232,773 682,827 250,144 999,194 523,268 605,313 135,348 091,380 420,406 186,430 247,168 602,209 607,266 619,270 649,289 809,320 812,367 496,397 003
785,Central and Southern Asia,,,1831,Eastern Asia,906,307 321,428 256,431 718,464 966,520 993,556 598,560 449,630 225,151 570,213 648,219 882,242 239,268 421,285 556,242 034,262 448,155 751,214 608,211 836,222 727,252 572,271 042,318 415,367 777
786,Central and Southern Asia,,,1831,China,156,247 432,364 159,363 368,390 301,439 313,469 868,469 113,530 140,124 724,184 562,187 623,204 989,227 080,242 094,200 928,218 539,122 708,179 597,175 745,185 312,212 233,227 774,268 185,311 601
787,Central and Southern Asia,,,1831,Dem. People's Republic of Korea,408,1 038,1 251,1 446,1 813,2 175,1 932,1 883,1 847,449,576,668,831,990,876,857,841,589,675,778,982,1 185,1 056,1 026,1 006
788,Central and Southern Asia,,,1831,Japan,392,10 014,10 421,10 834,12 814,15 050,15 743,15 436,20 461,5 341,5 560,5 772,6 789,7 969,8 340,5 078,6 624,4 673,4 861,5 062,6 025,7 081,7 403,10 358,13 837
789,Central and Southern Asia,,,1831,Mongolia,496,45 599,50 041,54 312,58 292,62 564,67 150,72 075,75 801,19 649,21 874,24 984,28 787,31 447,33 315,34 240,35 504,25 950,28 167,29 328,29 505,31 117,33 835,37 835,40 297
790,Central and Southern Asia,,,1831,Republic of Korea,410,3 238,2 384,1 758,1 746,1 891,1 905,1 942,1 976,1 407,1 076,835,843,935,931,931,940,1 831,1 308,923,903,956,974,1 011,1 036
791,Central and Southern Asia,,,1831,Southern Asia,5501,17 561 942,13 504 400,13 259 342,11 781 442,12 145 787,11 526 242,10 925 666,12 065 460,9 211 583,7 006 530,6 908 842,6 097 264,6 162 908,5 772 468,5 472 506,5 779 127,8 350 359,6 497 870,6 350 500,5 684 178,5 982 879,5 753 774,5 453 160,6 286 333
792,Central and Southern Asia,,,1831,Afghanistan,4,7 389 332,4 006 522,4 351 152,3 579 522,4 598 754,4 370 144,4 351 132,5 715 132,3 949 470,2 158 615,2 362 609,1 946 853,2 446 323,2 259 432,2 298 210,2 813 213,3 439 862,1 847 907,1 988 543,1 632 669,2 152 431,2 110 712,2 052 922,2 901 919
793,Central and Southern Asia,,,1831,Bangladesh,50,4 063 566,3 966 586,3 756 022,3 291 292,2 831 468,2 642 658,2 470 650,2 338 190,2 137 718,2 086 259,1 977 864,1 720 229,1 453 568,1 340 099,1 233 377,1 117 400,1 925 848,1 880 327,1 778 158,1 571 063,1 377 900,1 302 559,1 237 273,1 220 790
794,Central and Southern Asia,,,1831,Bhutan,64,26 840,116 801,119 251,116 403,83 622,36 393,34 657,33 343,12 956,59 175,60 855,59 288,42 697,18 501,17 429,16 609,13 884,57 626,58 396,57 115,40 925,17 892,17 228,16 734
795,Central and Southern Asia,,,1831,India,356,3 264 895,2 968 021,2 740 285,2 616 342,2 505 011,2 260 242,2 132 012,2 132 928,1 683 145,1 469 664,1 348 612,1 300 211,1 254 205,1 189 779,1 150 150,1 152 341,1 581 750,1 498 357,1 391 673,1 316 131,1 250 806,1 070 463,981 862,980 587
796,Central and Southern Asia,,,1831,Iran (Islamic Republic of),364,15 450,12 503,11 307,10 533,10 459,10 463,10 170,10 154,7 491,6 192,5 623,5 344,5 348,5 366,5 246,5 213,7 959,6 311,5 684,5 189,5 111,5 097,4 924,4 941
797,Central and Southern Asia,,,1831,Maldives,462,1 544,901,647,1 118,2 144,2 035,2 010,1 998,1 260,660,393,508,966,824,797,768,284,241,254,610,1 178,1 211,1 213,1 230
798,Central and Southern Asia,,,1831,Nepal,524,489 552,555 524,641 809,735 495,828 397,787 022,736 013,717 266,209 333,246 645,300 406,325 101,298 953,235 942,168 525,128 521,280 219,308 879,341 403,410 394,529 444,551 080,567 488,588 745
799,Central and Southern Asia,,,1831,Pakistan,586,1 847 830,1 583 361,1 376 905,1 179 571,1 010 463,1 161 107,932 960,854 054,976 349,831 112,720 018,613 176,522 636,594 142,470 985,416 886,871 481,752 249,656 887,566 395,487 827,566 965,461 975,437 168
800,Central and Southern Asia,,,1831,Sri Lanka,144,462 933,294 181,261 964,251 166,275 469,256 178,256 062,262 395,233 861,148 208,132 462,126 554,138 212,128 383,127 787,128 176,229 072,145 973,129 502,124 612,137 257,127 795,128 275,134 219
801,Central and Southern Asia,,,1831,South-Eastern Asia,920,658 705,689 968,713 479,685 852,851 773,874 299,1 522 063,2 115 671,333 719,350 283,362 321,353 911,434 872,446 075,931 001,1 292 561,324 986,339 685,351 158,331 941,416 901,428 224,591 062,823 110
802,Central and Southern Asia,,,1831,Brunei Darussalam,96,20 385,31 440,30 222,28 226,26 335,24 657,23 083,21 899,10 513,16 199,15 561,14 251,12 612,11 305,10 131,8 971,9 872,15 241,14 661,13 975,13 723,13 352,12 952,12 928
803,Central and Southern Asia,,,1831,Cambodia,116,12 924,13 190,13 455,16 015,18 541,19 642,19 259,26 460,6 979,7 123,7 266,8 649,10 013,10 607,5 949,8 173,5 945,6 067,6 189,7 366,8 528,9 035,13 310,18 287
804,Central and Southern Asia,,,1831,Indonesia,360,72 907,85 902,99 003,124 922,145 323,154 474,151 428,207 434,39 199,46 254,53 353,67 310,78 283,83 227,46 948,64 228,33 708,39 648,45 650,57 612,67 040,71 247,104 480,143 206
805,Central and Southern Asia,,,1831,Lao People's Democratic Republic,418,58 722,59 555,60 387,71 878,83 217,88 155,86 447,118 769,31 710,32 160,32 609,38 815,44 938,47 604,26 701,36 684,27 012,27 395,27 778,33 063,38 279,40 551,59 746,82 085
806,Central and Southern Asia,,,1831,Malaysia,458,104 368,139 167,174 691,205 163,219 541,217 350,212 566,286 587,54 902,72 605,90 517,107 265,116 333,116 158,68 275,91 378,49 466,66 562,84 174,97 898,103 208,101 192,144 291,195 209
807,Central and Southern Asia,,,1831,Myanmar,104,311 031,301 487,294 774,192 280,304 054,313 122,973 655,1 381 635,149 909,145 131,141 639,92 890,144 341,147 811,755 107,1 060 024,161 122,156 356,153 135,99 390,159 713,165 311,218 548,321 611
808,Central and Southern Asia,,,1831,Philippines,608,312,247,168,540,735,929,1 009,1 081,174,127,96,335,327,318,346,371,138,120,72,205,408,611,663,710
809,Central and Southern Asia,,,1831,Singapore,702,19 382,15 987,13 009,14 425,16 669,16 576,15 977,19 209,9 420,7 769,6 323,6 952,8 005,8 005,5 568,6 467,9 962,8 218,6 686,7 473,8 664,8 571,10 409,12 742
810,Central and Southern Asia,,,1831,Thailand,764,15 601,12 090,8 575,9 450,10 781,11 182,11 006,14 901,8 426,6 536,4 644,5 109,5 789,5 961,3 473,4 678,7 175,5 554,3 931,4 341,4 992,5 221,7 533,10 223
811,Central and Southern Asia,,,1831,Viet Nam,704,43 073,30 903,19 195,22 953,26 577,28 212,27 633,37 696,22 487,16 379,10 313,12 335,14 231,15 079,8 503,11 587,20 586,14 524,8 882,10 618,12 346,13 133,19 130,26 109
812,Central and Southern Asia,,,1831,Western Asia,922,503 983,435 462,370 201,300 232,290 947,255 164,236 578,247 076,253 533,220 322,195 956,159 856,155 866,138 347,120 688,123 029,250 450,215 140,174 245,140 376,135 081,116 817,115 890,124 047
813,Central and Southern Asia,,,1831,Armenia,51,38 895,32 975,28 416,27 487,25 134,23 865,23 373,23 162,19 029,16 693,14 639,14 464,13 131,12 417,11 933,11 669,19 866,16 282,13 777,13 023,12 003,11 448,11 440,11 493
814,Central and Southern Asia,,,1831,Azerbaijan,31,85 960,67 806,58 572,61 822,58 786,56 164,55 365,55 589,43 856,35 114,30 942,33 615,32 264,31 310,30 636,30 665,42 104,32 692,27 630,28 207,26 522,24 854,24 729,24 924
815,Central and Southern Asia,,,1831,Bahrain,48,93,10 425,20 758,24 786,28 864,30 558,29 976,41 037,51,5 643,11 225,13 380,15 581,16 492,9 346,12 764,42,4 782,9 533,11 406,13 283,14 066,20 630,28 273
816,Central and Southern Asia,,,1831,Cyprus,196,2,31,61,122,247,250,251,254,1,25,43,63,129,128,130,132,1,6,18,59,118,122,121,122
817,Central and Southern Asia,,,1831,Georgia,268,47 212,26 618,17 272,16 381,15 446,15 330,15 591,15 808,22 313,13 042,9 064,9 244,9 113,9 211,9 285,9 501,24 899,13 576,8 208,7 137,6 333,6 119,6 306,6 307
818,Central and Southern Asia,,,1831,Iraq,368,292 350,259 068,206 122,122 378,100 697,70 030,55 523,56 504,149 778,131 038,110 355,65 213,54 292,38 909,30 841,31 390,142 572,128 030,95 767,57 165,46 405,31 121,24 682,25 114
819,Central and Southern Asia,,,1831,Israel,376,402,285,227,247,284,292,300,316,173,127,109,126,152,154,175,184,229,158,118,121,132,138,125,132
820,Central and Southern Asia,,,1831,Jordan,400,3,34,67,134,271,274,276,279,2,27,45,62,127,126,128,129,1,7,22,72,144,148,148,150
821,Central and Southern Asia,,,1831,Kuwait,414,14 678,11 303,8 031,8 637,10 186,9 696,9 182,8 806,6 967,5 475,3 988,4 244,5 062,4 852,4 647,4 374,7 711,5 828,4 043,4 393,5 124,4 844,4 535,4 432
822,Central and Southern Asia,,,1831,Lebanon,422,15,101,189,366,732,742,750,759,8,78,127,174,355,354,362,367,7,23,62,192,377,388,388,392
823,Central and Southern Asia,,,1831,Oman,512,60,87,121,199,362,364,365,369,27,53,73,93,172,171,175,177,33,34,48,106,190,193,190,192
824,Central and Southern Asia,,,1831,Qatar,634,3,34,67,134,270,273,275,278,2,28,48,74,150,149,152,154,1,6,19,60,120,124,123,124
825,Central and Southern Asia,,,1831,Saudi Arabia,682,5 549,5 624,5 700,8 478,13 473,13 001,12 239,11 813,2 719,2 921,3 061,4 455,7 021,6 769,6 345,5 928,2 830,2 703,2 639,4 023,6 452,6 232,5 894,5 885
826,Central and Southern Asia,,,1831,State of Palestine,275,0..,0..,351,11,8,0..,0..,7,0..,0..,166,5,4,0..,0..,3,0..,0..,185,6,4,0..,0..,4
827,Central and Southern Asia,,,1831,Syrian Arab Republic,760,0..,8,17,35,73,73,72,73,0..,7,12,17,36,35,35,35,0..,1,5,18,37,38,37,38
828,Central and Southern Asia,,,1831,Türkiye,792,8 960,8 984,9 432,9 536,10 153,9 414,8 942,8 985,3 909,4 065,4 511,4 765,5 158,4 759,4 341,4 318,5 051,4 919,4 921,4 771,4 995,4 655,4 601,4 667
829,Central and Southern Asia,,,1831,United Arab Emirates,784,9 801,12 079,14 798,19 479,25 961,24 720,23 261,22 372,4 698,5 986,7 548,9 862,13 119,12 443,11 678,10 888,5 103,6 093,7 250,9 617,12 842,12 277,11 583,11 484
830,Central and Southern Asia,,,1831,Yemen,887,0..,0..,0..,0..,0..,118,837,665,0..,0..,0..,0..,0..,68,479,351,0..,0..,0..,0..,0..,50,358,314
831,Central and Southern Asia,,,1831,EUROPE,908,4 992 811,3 589 076,2 816 679,2 617 324,2 437 945,2 325 453,2 272 586,2 247 003,2 202 123,1 543 196,1 181 119,1 096 322,1 024 030,967 536,915 728,892 687,2 790 688,2 045 880,1 635 560,1 521 002,1 413 915,1 357 917,1 356 858,1 354 316
832,Central and Southern Asia,,,1831,Eastern Europe,923,4 892 000,3 496 385,2 731 258,2 529 705,2 345 771,2 234 102,2 184 172,2 143 093,2 156 502,1 499 684,1 139 379,1 052 595,977 060,920 796,881 170,853 779,2 735 498,1 996 701,1 591 879,1 477 110,1 368 711,1 313 306,1 303 002,1 289 314
833,Central and Southern Asia,,,1831,Belarus,112,180 971,112 854,79 184,74 348,68 160,64 401,62 737,61 375,79 310,48 128,33 070,31 074,27 797,25 221,23 346,22 031,101 661,64 726,46 114,43 274,40 363,39 180,39 391,39 344
834,Central and Southern Asia,,,1831,Poland,616,8 115,7 339,6 383,5 470,4 502,3 997,3 846,3 726,3 033,2 825,2 555,2 214,1 819,1 602,1 525,1 470,5 082,4 514,3 828,3 256,2 683,2 395,2 321,2 256
835,Central and Southern Asia,,,1831,Republic of Moldova*,498,32 646,19 428,12 810,11 790,10 735,10 358,10 285,10 235,15 136,8 684,5 753,5 255,4 567,4 095,3 700,3 441,17 510,10 744,7 057,6 535,6 168,6 263,6 585,6 794
836,Central and Southern Asia,,,1831,Romania,642,713,718,701,628,547,482,468,458,314,324,324,289,248,217,212,208,399,394,377,339,299,265,256,250
837,Central and Southern Asia,,,1831,Russian Federation,643,4 155 860,2 980 234,2 343 990,2 162 630,2 006 223,1 912 321,1 870 162,1 835 169,1 744 115,1 244 532,980 867,921 484,855 944,806 208,770 157,745 238,2 411 745,1 735 702,1 363 123,1 241 146,1 150 279,1 106 113,1 100 005,1 089 931
838,Central and Southern Asia,,,1831,Ukraine*,804,513 695,375 812,288 190,274 839,255 604,242 543,236 674,232 130,314 594,195 191,116 810,92 279,86 685,83 453,82 230,81 391,199 101,180 621,171 380,182 560,168 919,159 090,154 444,150 739
839,Central and Southern Asia,,,1831,Northern Europe,924,46 735,51 616,57 414,61 298,65 849,66 375,64 016,79 983,21 778,25 238,29 091,31 642,34 280,34 625,22 632,27 198,24 957,26 378,28 323,29 656,31 569,31 750,41 384,52 785
840,Central and Southern Asia,,,1831,Denmark*,208,217,182,163,164,169,168,167,168,100,106,99,101,105,104,106,107,117,76,64,63,64,64,61,61
841,Central and Southern Asia,,,1831,Estonia,233,3 685,2 797,2 179,2 023,1 869,1 835,1 865,1 891,1 578,1 205,963,936,882,861,965,973,2 107,1 592,1 216,1 087,987,974,900,918
842,Central and Southern Asia,,,1831,Finland*,246,361,309,251,214,193,177,171,170,219,187,148,117,96,86,84,83,142,122,103,97,97,91,87,87
843,Central and Southern Asia,,,1831,Ireland,372,242,242,242,242,241,206,176,155,99,96,94,91,88,73,60,50,143,146,148,151,153,133,116,105
844,Central and Southern Asia,,,1831,Latvia,428,7 447,6 008,4 727,3 775,2 939,2 414,2 072,1 636,3 189,2 602,2 120,1 771,1 392,1 125,934,721,4 258,3 406,2 607,2 004,1 547,1 289,1 138,915
845,Central and Southern Asia,,,1831,Lithuania,440,16 016,13 109,10 472,8 416,6 572,5 446,4 775,3 915,6 853,5 659,4 652,3 878,3 040,2 477,2 106,1 691,9 163,7 450,5 820,4 538,3 532,2 969,2 669,2 224
846,Central and Southern Asia,,,1831,Norway*,578,4 241,7 036,9 832,11 726,13 625,14 428,14 149,19 396,2 291,3 804,5 315,6 331,7 354,7 787,4 395,6 016,1 950,3 232,4 517,5 395,6 271,6 641,9 754,13 380
847,Central and Southern Asia,,,1831,Sweden,752,51,76,101,120,180,188,189,194,30,46,61,71,114,124,128,132,21,30,40,49,66,64,61,62
848,Central and Southern Asia,,,1831,United Kingdom*,826,14 475,21 857,29 447,34 618,40 061,41 513,40 452,52 458,7 419,11 533,15 639,18 346,21 209,21 988,13 854,17 425,7 056,10 324,13 808,16 272,18 852,19 525,26 598,35 033
849,Central and Southern Asia,,,1831,Southern Europe,925,732,1 302,1 882,3 088,5 727,5 534,5 608,5 675,341,833,1 206,1 564,2 928,2 675,2 738,2 770,391,469,676,1 524,2 799,2 859,2 870,2 905
850,Central and Southern Asia,,,1831,Greece,300,1,11,22,44,89,90,89,90,1,9,16,25,50,50,50,51,0..,2,6,19,39,40,39,39
851,Central and Southern Asia,,,1831,Italy,380,319,996,1 655,2 875,5 477,5 273,5 357,5 428,177,697,1 093,1 462,2 807,2 549,2 616,2 651,142,299,562,1 413,2 670,2 724,2 741,2 777
852,Central and Southern Asia,,,1831,Portugal,620,412,292,197,152,125,136,128,123,163,124,92,70,55,61,57,53,249,168,105,82,70,75,71,70
853,Central and Southern Asia,,,1831,Spain*,724,0..,3,8,17,36,35,34,34,0..,3,5,7,16,15,15,15,0..,0..,3,10,20,20,19,19
854,Central and Southern Asia,,,1831,Western Europe,926,53 344,39 773,26 125,23 233,20 598,19 442,18 790,18 252,23 502,17 441,11 443,10 521,9 762,9 440,9 188,8 940,29 842,22 332,14 682,12 712,10 836,10 002,9 602,9 312
855,Central and Southern Asia,,,1831,Austria,40,148,115,90,83,85,86,84,86,71,53,43,40,45,49,50,52,77,62,47,43,40,37,34,34
856,Central and Southern Asia,,,1831,France*,250,5 296,3 111,1 705,1 494,1 504,1 450,1 395,1 355,2 406,1 472,838,729,750,735,711,678,2 890,1 639,867,765,754,715,684,677
857,Central and Southern Asia,,,1831,Germany,276,47 613,36 255,24 025,21 289,18 478,17 354,16 752,16 238,20 879,15 760,10 389,9 555,8 662,8 322,8 080,7 852,26 734,20 495,13 636,11 734,9 816,9 032,8 672,8 386
858,Central and Southern Asia,,,1831,Netherlands*,528,87,74,68,68,70,70,67,68,41,31,29,29,31,32,32,33,46,43,39,39,39,38,35,35
859,Central and Southern Asia,,,1831,Switzerland,756,200,218,237,299,461,482,492,505,105,125,144,168,274,302,315,325,95,93,93,131,187,180,177,180
860,Central and Southern Asia,,,1831,LATIN AMERICA AND THE CARIBBEAN,904,589,5 420,10 255,12 207,14 144,14 978,14 684,20 153,316,2 926,5 538,6 589,7 633,8 084,4 545,6 234,273,2 494,4 717,5 618,6 511,6 894,10 139,13 919
861,Central and Southern Asia,,,1831,Caribbean,915,37,33,34,42,61,59,56,56,17,17,18,19,28,27,27,27,20,16,16,23,33,32,29,29
862,Central and Southern Asia,,,1831,Haiti,332,0..,3,8,18,38,37,36,36,0..,3,5,8,17,16,16,16,0..,0..,3,10,21,21,20,20
863,Central and Southern Asia,,,1831,United States Virgin Islands*,850,37,30,26,24,23,22,20,20,17,14,13,11,11,11,11,11,20,16,13,13,12,11,9,9
864,Central and Southern Asia,,,1831,South America,931,552,5 387,10 221,12 165,14 083,14 919,14 628,20 097,299,2 909,5 520,6 570,7 605,8 057,4 518,6 207,253,2 478,4 701,5 595,6 478,6 862,10 110,13 890
865,Central and Southern Asia,,,1831,Brazil,76,552,5 387,10 221,12 165,14 083,14 919,14 628,20 097,299,2 909,5 520,6 570,7 605,8 057,4 518,6 207,253,2 478,4 701,5 595,6 478,6 862,10 110,13 890
866,Central and Southern Asia,,,1831,NORTHERN AMERICA,905,40 616,39 352,38 649,49 120,67 805,69 596,67 273,83 453,20 990,20 730,20 589,26 072,35 721,36 788,25 221,29 821,19 626,18 622,18 060,23 048,32 084,32 808,42 052,53 632
867,Central and Southern Asia,,,1831,Canada,124,5 732,3 809,2 338,2 694,3 507,3 354,3 163,3 037,2 606,1 851,1 180,1 347,1 742,1 659,1 558,1 450,3 126,1 958,1 158,1 347,1 765,1 695,1 605,1 587
868,Central and Southern Asia,,,1831,United States of America*,840,34 884,35 543,36 311,46 426,64 298,66 242,64 110,80 416,18 384,18 879,19 409,24 725,33 979,35 129,23 663,28 371,16 500,16 664,16 902,21 701,30 319,31 113,40 447,52 045
869,Central and Southern Asia,,,1831,OCEANIA,909,4 954,2 729,1 507,1 942,3 031,2 944,2 811,2 736,2 087,1 249,763,969,1 534,1 508,1 462,1 406,2 867,1 480,744,973,1 497,1 436,1 349,1 330
870,Central and Southern Asia,,,1831,Australia/New Zealand,927,2 916,1 953,1 265,1 774,2 898,2 821,2 696,2 628,1 268,918,657,901,1 493,1 480,1 444,1 395,1 648,1 035,608,873,1 405,1 341,1 252,1 233
871,Central and Southern Asia,,,1831,Australia*,36,2 732,1 784,1 096,1 576,2 639,2 560,2 437,2 366,1 183,832,568,803,1 360,1 344,1 305,1 253,1 549,952,528,773,1 279,1 216,1 132,1 113
872,Central and Southern Asia,,,1831,New Zealand*,554,184,169,169,198,259,261,259,262,85,86,89,98,133,136,139,142,99,83,80,100,126,125,120,120
873,Central and Southern Asia,,,1831,Melanesia,928,2 038,776,242,168,133,123,115,108,819,331,106,68,41,28,18,11,1 219,445,136,100,92,95,97,97
874,Central and Southern Asia,,,1831,Fiji,242,2 038,776,242,168,133,123,115,108,819,331,106,68,41,28,18,11,1 219,445,136,100,92,95,97,97
875,Central and Southern Asia,,,1831,Others,2003,722 732,677 812,420 149,743 394,922 563,1 025 611,1 029 908,1 790 484,354 064,334 520,216 203,351 204,413 521,444 684,374 458,648 650,368 668,343 292,203 946,392 190,509 042,580 927,655 450,1 141 834
876,Eastern and South-Eastern Asia,,,1832,World,900,6 755 128,8 203 094,10 530 525,12 702 261,16 051 107,18 869 062,21 161 853,22 588 980,3 549 053,4 215 049,5 207 967,6 216 005,8 051 233,9 419 290,10 933 046,11 898 452,3 206 075,3 988 045,5 322 558,6 486 256,7 999 874,9 449 772,10 228 807,10 690 528
877,Eastern and South-Eastern Asia,,,1832,Sub-Saharan Africa,1834,6 305,9 088,11 666,14 278,18 135,27 967,46 231,51 006,3 833,5 911,7 766,9 598,12 193,17 558,26 812,27 447,2 472,3 177,3 900,4 680,5 942,10 409,19 419,23 559
878,Eastern and South-Eastern Asia,,,1832,Northern Africa and Western Asia,1833,9 412,11 671,15 154,16 186,21 040,28 274,40 963,40 772,5 368,6 705,8 849,9 662,12 911,17 437,25 331,24 089,4 044,4 966,6 305,6 524,8 129,10 837,15 632,16 683
879,Eastern and South-Eastern Asia,,,1832,Central and Southern Asia,1831,270 867,363 968,475 798,780 381,1 259 911,1 729 953,1 927 530,2 122 924,195 967,269 671,348 176,522 763,919 413,1 239 280,1 356 138,1 452 700,74 900,94 297,127 622,257 618,340 498,490 673,571 392,670 224
880,Eastern and South-Eastern Asia,,,1832,Eastern and South-Eastern Asia,1832,5 542 335,6 563 456,8 142 498,9 920 726,12 704 768,14 816 650,16 757 709,18 020 956,2 914 808,3 350 467,3 970 126,4 667 220,5 994 307,6 910 940,8 201 423,9 107 553,2 627 527,3 212 989,4 172 372,5 253 506,6 710 461,7 905 710,8 556 286,8 913 403
881,Eastern and South-Eastern Asia,,,1832,Latin America and the Caribbean,1830,68 314,212 496,313 803,375 501,328 228,259 972,305 900,303 158,38 393,119 731,171 886,207 142,178 231,139 754,163 483,160 543,29 921,92 765,141 917,168 359,149 997,120 218,142 417,142 615
882,Eastern and South-Eastern Asia,,,1832,Australia/New Zealand,1836,37 699,46 644,57 553,61 932,67 678,95 555,91 659,75 984,21 165,26 321,32 596,36 150,39 124,55 053,53 329,42 723,16 534,20 323,24 957,25 782,28 554,40 502,38 330,33 261
883,Eastern and South-Eastern Asia,,,1832,Europe and Northern America,1829,261 260,313 739,375 579,496 540,643 694,733 745,772 253,774 871,150 773,183 914,223 367,312 361,412 113,463 228,488 200,469 865,110 487,129 825,152 212,184 179,231 581,270 517,284 053,305 006
884,Eastern and South-Eastern Asia,,,1832,More developed regions,901,376 733,456 662,561 149,727 841,926 162,1 036 995,1 063 556,1 079 844,216 342,265 488,329 234,447 474,577 349,638 741,655 777,639 758,160 391,191 174,231 915,280 367,348 813,398 254,407 779,440 086
885,Eastern and South-Eastern Asia,,,1832,Less developed regions,902,5 819 459,7 064 400,8 830 902,10 937 703,14 117 292,16 655 121,18 878 689,20 309 827,3 113 965,3 697 232,4 433 532,5 317 422,6 990 943,8 204 509,9 658 939,10 645 162,2 705 494,3 367 168,4 397 370,5 620 281,7 126 349,8 450 612,9 219 750,9 664 665
886,Eastern and South-Eastern Asia,,,1832,Least developed countries,941,196 395,257 777,657 651,1 479 710,2 753 504,3 431 566,4 032 540,4 460 081,142 239,196 250,442 185,874 641,1 707 014,2 123 644,2 438 074,2 636 392,54 156,61 527,215 466,605 069,1 046 490,1 307 922,1 594 466,1 823 689
887,Eastern and South-Eastern Asia,,,1832,"Less developed regions, excluding least developed countries",934,5 623 064,6 806 623,8 173 251,9 457 993,11 363 788,13 223 555,14 846 149,15 849 746,2 971 726,3 500 982,3 991 347,4 442 781,5 283 929,6 080 865,7 220 865,8 008 770,2 651 338,3 305 641,4 181 904,5 015 212,6 079 859,7 142 690,7 625 284,7 840 976
888,Eastern and South-Eastern Asia,,,1832,"Less developed regions, excluding China",948,2 795 489,3 766 196,5 231 814,6 786 523,9 096 188,10 858 271,12 605 497,13 841 313,1 461 567,1 956 056,2 632 746,3 357 378,4 746 844,5 635 858,6 923 859,7 818 792,1 333 922,1 810 140,2 599 068,3 429 145,4 349 344,5 222 413,5 681 638,6 022 521
889,Eastern and South-Eastern Asia,,,1832,Land-locked Developing Countries (LLDC),1636,35 219,43 004,88 900,392 033,578 610,947 107,1 115 931,1 254 808,20 174,25 244,48 144,237 814,340 379,593 817,684 583,749 149,15 045,17 760,40 756,154 219,238 231,353 290,431 348,505 659
890,Eastern and South-Eastern Asia,,,1832,Small Island Developing States (SIDS),1637,95 693,110 156,269 058,121 630,132 465,165 134,198 414,205 793,44 799,53 436,155 023,61 477,68 431,85 283,103 534,109 153,50 894,56 720,114 035,60 153,64 034,79 851,94 880,96 640
891,Eastern and South-Eastern Asia,,,1832,High-and-upper-middle-income countries,5503,5 329 503,6 424 209,7 616 595,8 703 807,10 587 084,11 943 919,12 859 011,13 489 951,2 849 038,3 361 940,3 831 373,4 267 544,5 072 858,5 565 006,6 317 728,6 899 822,2 480 465,3 062 269,3 785 222,4 436 263,5 514 226,6 378 913,6 541 283,6 590 129
892,Eastern and South-Eastern Asia,,,1832,Low-and-Lower-middle-income countries,5504,865 712,1 095 681,1 774 062,2 960 078,4 454 358,5 744 910,7 078 066,7 893 834,480 710,600 108,930 589,1 496 391,2 494 256,3 276 414,3 994 368,4 382 339,385 002,495 573,843 473,1 463 687,1 960 102,2 468 496,3 083 698,3 511 495
893,Eastern and South-Eastern Asia,,,1832,High-income countries,1503,1 492 337,1 622 429,1 789 349,2 018 297,2 317 954,2 529 583,2 536 363,2 595 104,810 864,881 920,977 591,1 126 823,1 305 742,1 402 318,1 395 102,1 394 883,681 473,740 509,811 758,891 474,1 012 212,1 127 265,1 141 261,1 200 221
894,Eastern and South-Eastern Asia,,,1832,Low-and-middle-income countries,1859,4 702 878,5 897 461,7 601 308,9 645 588,12 723 488,15 159 246,17 400 714,18 788 681,2 518 884,3 080 128,3 784 371,4 637 112,6 261 372,7 439 102,8 916 994,9 887 278,2 183 994,2 817 333,3 816 937,5 008 476,6 462 116,7 720 144,8 483 720,8 901 403
895,Eastern and South-Eastern Asia,,,1832,Middle-income countries,1517,4 687 736,5 878 427,7 577 806,9 617 032,12 683 395,15 095 008,17 321 808,18 710 149,2 510 392,3 069 485,3 771 156,4 620 821,6 237 985,7 401 714,8 871 200,9 843 219,2 177 344,2 808 942,3 806 650,4 996 211,6 445 410,7 693 294,8 450 608,8 866 930
896,Eastern and South-Eastern Asia,,,1832,Upper-middle-income countries,1502,3 837 166,4 801 780,5 827 246,6 685 510,8 269 130,9 414 336,10 322 648,10 894 847,2 038 174,2 480 020,2 853 782,3 140 721,3 767 116,4 162 688,4 922 626,5 504 939,1 798 992,2 321 760,2 973 464,3 544 789,4 502 014,5 251 648,5 400 022,5 389 908
897,Eastern and South-Eastern Asia,,,1832,Lower-middle-income countries,1501,850 570,1 076 647,1 750 560,2 931 522,4 414 265,5 680 672,6 999 160,7 815 302,472 218,589 465,917 374,1 480 100,2 470 869,3 239 026,3 948 574,4 338 280,378 352,487 182,833 186,1 451 422,1 943 396,2 441 646,3 050 586,3 477 022
898,Eastern and South-Eastern Asia,,,1832,Low-income countries,1500,15 142,19 034,23 502,28 556,40 093,64 238,78 906,78 532,8 492,10 643,13 215,16 291,23 387,37 388,45 794,44 059,6 650,8 391,10 287,12 265,16 706,26 850,33 112,34 473
899,Eastern and South-Eastern Asia,,,1832,No income group available,1518,977,1 172,1 394,1 659,2 012,3 287,5 168,5 886,559,672,804,961,1 178,1 830,2 620,2 759,418,500,590,698,834,1 457,2 548,3 127
900,Eastern and South-Eastern Asia,,,1832,AFRICA,903,8 282,11 612,15 003,18 358,23 168,33 478,52 625,57 611,4 982,7 385,9 734,12 029,15 218,20 818,30 457,31 005,3 300,4 227,5 269,6 329,7 950,12 660,22 168,26 606
901,Eastern and South-Eastern Asia,,,1832,Eastern Africa,910,2 037,2 552,3 053,3 649,5 384,9 596,17 942,19 041,1 171,1 477,1 769,2 131,3 269,5 691,10 013,9 852,866,1 075,1 284,1 518,2 115,3 905,7 929,9 189
902,Eastern and South-Eastern Asia,,,1832,Burundi,108,122,152,195,216,249,337,429,516,70,86,110,123,146,187,217,241,52,66,85,93,103,150,212,275
903,Eastern and South-Eastern Asia,,,1832,Eritrea,232,0..,0..,0..,0..,0..,30,264,171,0..,0..,0..,0..,0..,20,182,113,0..,0..,0..,0..,0..,10,82,58
904,Eastern and South-Eastern Asia,,,1832,Ethiopia,231,200,241,287,341,416,1 003,1 642,1 823,114,138,166,198,244,586,858,878,86,103,121,143,172,417,784,945
905,Eastern and South-Eastern Asia,,,1832,Kenya,404,443,555,698,877,1 119,1 522,1 837,2 119,258,324,409,519,667,898,1 024,1 124,185,231,289,358,452,624,813,995
906,Eastern and South-Eastern Asia,,,1832,Madagascar,450,109,131,155,185,224,379,618,705,63,75,89,107,131,211,313,331,46,56,66,78,93,168,305,374
907,Eastern and South-Eastern Asia,,,1832,Mauritius,480,335,393,467,555,645,354,187,198,192,226,269,322,378,197,95,93,143,167,198,233,267,157,92,105
908,Eastern and South-Eastern Asia,,,1832,Rwanda,646,68,87,109,116,144,431,1 184,1 400,39,49,62,67,84,239,600,656,29,38,47,49,60,192,584,744
909,Eastern and South-Eastern Asia,,,1832,Somalia,706,190,304,321,380,1 393,2 830,5 278,4 575,109,183,190,229,920,1 849,3 437,2 884,81,121,131,151,473,981,1 841,1 691
910,Eastern and South-Eastern Asia,,,1832,Uganda,800,148,178,212,252,305,520,833,917,85,102,122,146,179,286,418,431,63,76,90,106,126,234,415,486
911,Eastern and South-Eastern Asia,,,1832,United Republic of Tanzania,834,220,265,316,375,459,902,1 708,1 967,126,152,182,217,269,502,866,922,94,113,134,158,190,400,842,1 045
912,Eastern and South-Eastern Asia,,,1832,Zambia,894,130,158,188,223,274,651,1 491,1 737,74,91,109,129,160,363,755,814,56,67,79,94,114,288,736,923
913,Eastern and South-Eastern Asia,,,1832,Zimbabwe,716,72,88,105,129,156,637,2 471,2 913,41,51,61,74,91,353,1 248,1 365,31,37,44,55,65,284,1 223,1 548
914,Eastern and South-Eastern Asia,,,1832,Middle Africa,911,872,1 062,1 311,1 597,2 000,3 181,5 629,6 379,508,624,777,962,1 228,1 869,3 045,3 192,364,438,534,635,772,1 312,2 584,3 187
915,Eastern and South-Eastern Asia,,,1832,Cameroon,120,315,397,504,649,866,1 513,3 037,3 423,189,242,314,414,565,943,1 733,1 807,126,155,190,235,301,570,1 304,1 616
916,Eastern and South-Eastern Asia,,,1832,Congo,178,418,498,598,706,844,1 002,1 132,1 263,239,286,344,409,494,557,574,592,179,212,254,297,350,445,558,671
917,Eastern and South-Eastern Asia,,,1832,Democratic Republic of the Congo,180,62,75,99,112,132,373,935,1 091,36,43,55,64,77,206,472,511,26,32,44,48,55,167,463,580
918,Eastern and South-Eastern Asia,,,1832,Equatorial Guinea,226,77,92,110,130,158,293,525,602,44,53,64,75,92,163,266,282,33,39,46,55,66,130,259,320
919,Eastern and South-Eastern Asia,,,1832,Northern Africa,912,1 977,2 524,3 337,4 080,5 033,5 511,6 394,6 605,1 149,1 474,1 968,2 431,3 025,3 260,3 645,3 558,828,1 050,1 369,1 649,2 008,2 251,2 749,3 047
920,Eastern and South-Eastern Asia,,,1832,Algeria,12,276,325,387,460,542,443,349,379,158,186,223,266,317,247,177,178,118,139,164,194,225,196,172,201
921,Eastern and South-Eastern Asia,,,1832,Egypt,818,983,1 351,1 941,2 380,2 989,3 237,3 616,3 659,580,802,1 164,1 439,1 820,1 941,2 110,2 034,403,549,777,941,1 169,1 296,1 506,1 625
922,Eastern and South-Eastern Asia,,,1832,Morocco,504,105,126,150,178,217,447,889,1 026,60,72,86,103,127,249,450,481,45,54,64,75,90,198,439,545
923,Eastern and South-Eastern Asia,,,1832,Sudan,729,613,722,859,1 062,1 285,1 384,1 540,1 541,351,414,495,623,761,823,908,865,262,308,364,439,524,561,632,676
924,Eastern and South-Eastern Asia,,,1832,Southern Africa,913,1 000,1 236,1 529,1 904,2 431,3 885,5 868,6 544,572,707,879,1 101,1 416,2 153,3 053,3 171,428,529,650,803,1 015,1 732,2 815,3 373
925,Eastern and South-Eastern Asia,,,1832,South Africa,710,1 000,1 236,1 529,1 904,2 431,3 885,5 868,6 544,572,707,879,1 101,1 416,2 153,3 053,3 171,428,529,650,803,1 015,1 732,2 815,3 373
926,Eastern and South-Eastern Asia,,,1832,Western Africa,914,2 396,4 238,5 773,7 128,8 320,11 305,16 792,19 042,1 582,3 103,4 341,5 404,6 280,7 845,10 701,11 232,814,1 135,1 432,1 724,2 040,3 460,6 091,7 810
927,Eastern and South-Eastern Asia,,,1832,Côte d'Ivoire,384,46,54,65,83,95,235,499,588,26,31,37,47,55,130,253,275,20,23,28,36,40,105,246,313
928,Eastern and South-Eastern Asia,,,1832,Ghana,288,1 055,1 743,2 372,2 708,3 001,3 930,5 463,6 090,744,1 292,1 791,2 038,2 234,2 732,3 492,3 623,311,451,581,670,767,1 198,1 971,2 467
929,Eastern and South-Eastern Asia,,,1832,Guinea,324,170,202,241,286,344,489,591,724,97,116,139,166,201,270,299,339,73,86,102,120,143,219,292,385
930,Eastern and South-Eastern Asia,,,1832,Liberia,430,48,56,67,85,99,309,679,794,28,32,38,48,58,168,344,372,20,24,29,37,41,141,335,422
931,Eastern and South-Eastern Asia,,,1832,Mali,466,266,316,376,448,538,704,844,960,152,181,217,260,315,391,428,450,114,135,159,188,223,313,416,510
932,Eastern and South-Eastern Asia,,,1832,Nigeria,566,766,1 794,2 534,3 328,3 935,5 151,7 680,8 854,496,1 388,2 017,2 680,3 150,3 744,5 003,5 358,270,406,517,648,785,1 407,2 677,3 496
933,Eastern and South-Eastern Asia,,,1832,Senegal,686,45,73,118,190,308,487,1 036,1 032,39,63,102,165,267,410,882,815,6,10,16,25,41,77,154,217
934,Eastern and South-Eastern Asia,,,1832,ASIA,935,5 820 637,6 936 571,8 630 113,10 713 213,13 980 686,16 569 366,18 719 808,20 178 047,3 114 994,3 625 369,4 325 183,5 197 214,6 923 606,8 164 397,9 579 247,10 580 784,2 705 643,3 311 202,4 304 930,5 515 999,7 057 080,8 404 969,9 140 561,9 597 263
935,Eastern and South-Eastern Asia,,,1832,Central Asia,5500,4 879,7 254,10 519,14 942,22 376,48 771,96 449,102 456,2 672,4 053,5 910,9 653,14 630,33 199,62 369,62 780,2 207,3 201,4 609,5 289,7 746,15 572,34 080,39 676
936,Eastern and South-Eastern Asia,,,1832,Kazakhstan,398,3 171,4 420,6 146,6 875,7 994,7 200,29 662,32 161,1 673,2 250,3 017,3 429,4 213,3 979,17 365,16 663,1 498,2 170,3 129,3 446,3 781,3 221,12 297,15 498
937,Eastern and South-Eastern Asia,,,1832,Kyrgyzstan,417,494,582,693,824,966,742,548,591,283,334,400,478,565,413,278,277,211,248,293,346,401,329,270,314
938,Eastern and South-Eastern Asia,,,1832,Tajikistan,762,268,317,377,450,537,576,597,651,154,182,217,261,315,321,303,305,114,135,160,189,222,255,294,346
939,Eastern and South-Eastern Asia,,,1832,Turkmenistan,795,226,270,322,384,464,705,1 031,1 169,129,155,185,223,272,393,523,548,97,115,137,161,192,312,508,621
940,Eastern and South-Eastern Asia,,,1832,Uzbekistan,860,720,1 665,2 981,6 409,12 415,39 548,64 611,67 884,433,1 132,2 091,5 262,9 265,28 093,43 900,44 987,287,533,890,1 147,3 150,11 455,20 711,22 897
941,Eastern and South-Eastern Asia,,,1832,Eastern Asia,906,3 868 225,4 158 837,4 493 238,5 078 170,6 006 367,6 746 666,7 138 180,7 355 205,2 084 517,2 173 970,2 248 936,2 429 565,2 745 983,3 044 518,3 167 928,3 266 501,1 783 708,1 984 867,2 244 302,2 648 605,3 260 384,3 702 148,3 970 252,4 088 704
942,Eastern and South-Eastern Asia,,,1832,China,156,2 727 554,2 950 941,3 190 600,3 665 635,4 437 286,5 075 121,5 462 997,5 567 122,1 467 530,1 526 033,1 551 883,1 672 109,1 908 869,2 174 960,2 313 748,2 370 357,1 260 024,1 424 908,1 638 717,1 993 526,2 528 417,2 900 161,3 149 249,3 196 765
943,Eastern and South-Eastern Asia,,,1832,"China, Hong Kong SAR",344,133 850,159 472,189 563,225 407,269 130,339 421,416 154,484 524,87 630,103 188,118 816,136 324,157 696,192 616,221 745,245 575,46 220,56 284,70 747,89 083,111 434,146 805,194 409,238 949
944,Eastern and South-Eastern Asia,,,1832,"China, Macao SAR",446,67 366,70 977,74 875,82 359,90 850,105 417,127 940,137 988,35 588,37 234,38 965,40 546,42 653,48 932,57 885,61 634,31 778,33 743,35 910,41 813,48 197,56 485,70 055,76 354
945,Eastern and South-Eastern Asia,,,1832,"China, Taiwan Province of China",158,95 200,116 814,144 050,177 779,223 838,276 891,266 101,278 880,61 650,74 721,91 122,111 065,134 881,152 143,141 702,148 804,33 550,42 093,52 928,66 714,88 957,124 748,124 399,130 076
946,Eastern and South-Eastern Asia,,,1832,Dem. People's Republic of Korea,408,11 357,14 377,17 694,21 432,28 206,39 855,36 703,34 095,6 283,7 891,9 734,11 951,15 800,21 824,19 832,18 030,5 074,6 486,7 960,9 481,12 406,18 031,16 871,16 065
947,Eastern and South-Eastern Asia,,,1832,Japan,392,77 774,96 279,128 017,169 369,214 790,207 695,199 644,228 989,44 404,55 253,73 271,98 963,126 112,120 460,114 248,127 170,33 370,41 026,54 746,70 406,88 678,87 235,85 396,101 819
948,Eastern and South-Eastern Asia,,,1832,Mongolia,496,3 356,5 426,8 396,13 740,22 132,31 214,52 114,66 955,1 776,2 853,4 366,8 491,12 069,15 854,25 367,32 744,1 580,2 573,4 030,5 249,10 063,15 360,26 747,34 211
949,Eastern and South-Eastern Asia,,,1832,Republic of Korea,410,751 768,744 551,740 043,722 449,720 135,671 052,576 527,556 652,379 656,366 797,360 779,350 116,347 903,317 729,273 401,262 187,372 112,377 754,379 264,372 333,372 232,353 323,303 126,294 465
950,Eastern and South-Eastern Asia,,,1832,Southern Asia,5501,265 988,356 714,465 279,765 439,1 237 535,1 681 182,1 831 081,2 020 468,193 295,265 618,342 266,513 110,904 783,1 206 081,1 293 769,1 389 920,72 693,91 096,123 013,252 329,332 752,475 101,537 312,630 548
951,Eastern and South-Eastern Asia,,,1832,Afghanistan,4,569,721,1 107,1 474,4 055,9 993,14 725,16 504,357,475,749,1 017,2 830,6 856,9 652,10 497,212,246,358,457,1 225,3 137,5 073,6 007
952,Eastern and South-Eastern Asia,,,1832,Bangladesh,50,100 205,134 781,168 623,69 443,333 762,297 382,306 499,318 236,90 920,127 124,162 786,64 648,322 387,286 033,292 310,300 466,9 285,7 657,5 837,4 795,11 375,11 349,14 189,17 770
953,Eastern and South-Eastern Asia,,,1832,Bhutan,64,276,322,383,456,525,244,109,113,158,185,221,264,307,136,55,53,118,137,162,192,218,108,54,60
954,Eastern and South-Eastern Asia,,,1832,India,356,126 849,161 884,217 961,398 484,500 319,617 488,666 254,730 710,76 763,95 723,122 209,232 099,286 660,352 691,379 016,411 693,50 086,66 161,95 752,166 385,213 659,264 797,287 238,319 017
955,Eastern and South-Eastern Asia,,,1832,Iran (Islamic Republic of),364,1 692,8 222,7 215,6 273,6 264,6 730,6 348,6 110,1 337,7 139,6 193,5 202,4 915,4 977,4 557,4 259,355,1 083,1 022,1 071,1 349,1 753,1 791,1 851
956,Eastern and South-Eastern Asia,,,1832,Nepal,524,13 949,18 093,23 893,224 420,299 778,595 644,657 925,749 730,8 824,11 695,15 867,159 914,214 373,428 586,463 932,510 519,5 125,6 398,8 026,64 506,85 405,167 058,193 993,239 211
957,Eastern and South-Eastern Asia,,,1832,Pakistan,586,16 601,21 515,27 067,39 850,58 696,106 971,119 282,126 603,11 451,15 323,19 729,30 565,46 377,88 506,96 642,101 071,5 150,6 192,7 338,9 285,12 319,18 465,22 640,25 532
958,Eastern and South-Eastern Asia,,,1832,Sri Lanka,144,5 847,11 176,19 030,25 039,34 136,46 730,59 939,72 462,3 485,7 954,14 512,19 401,26 934,38 296,47 605,51 362,2 362,3 222,4 518,5 638,7 202,8 434,12 334,21 100
959,Eastern and South-Eastern Asia,,,1832,South-Eastern Asia,920,1 674 110,2 404 619,3 649 260,4 842 556,6 698 401,8 069 984,9 619 529,10 665 751,830 291,1 176 497,1 721 190,2 237 655,3 248 324,3 866 422,5 033 495,5 841 052,843 819,1 228 122,1 928 070,2 604 901,3 450 077,4 203 562,4 586 034,4 824 699
960,Eastern and South-Eastern Asia,,,1832,Brunei Darussalam,96,5 023,6 778,8 533,10 288,12 051,13 798,15 510,16 887,2 393,3 002,3 611,4 220,4 837,5 438,6 058,6 558,2 630,3 776,4 922,6 068,7 214,8 360,9 452,10 329
961,Eastern and South-Eastern Asia,,,1832,Cambodia,116,27 965,31 961,62 843,177 679,310 473,362 851,414 306,444 951,12 894,15 044,30 862,96 428,172 169,205 680,233 939,249 057,15 071,16 917,31 981,81 251,138 304,157 171,180 367,195 894
962,Eastern and South-Eastern Asia,,,1832,Indonesia,360,512 886,824 315,1 155 526,1 441 218,2 023 921,2 240 127,2 397 076,2 581 736,285 512,436 695,564 298,699 845,1 014 526,1 021 515,1 476 771,1 894 657,227 374,387 620,591 228,741 373,1 009 395,1 218 612,920 305,687 079
963,Eastern and South-Eastern Asia,,,1832,Lao People's Democratic Republic,418,6 189,4 409,37 006,128 598,220 312,249 322,277 171,299 905,3 060,2 252,16 834,53 860,90 955,102 713,114 176,123 051,3 129,2 157,20 172,74 738,129 357,146 609,162 995,176 854
964,Eastern and South-Eastern Asia,,,1832,Malaysia,458,410 958,585 518,813 970,870 830,1 176 022,1 429 853,1 597 858,1 833 166,190 778,266 322,363 037,387 166,519 304,628 326,708 219,814 042,220 180,319 196,450 933,483 664,656 718,801 527,889 639,1 019 124
965,Eastern and South-Eastern Asia,,,1832,Myanmar,104,17 302,29 971,174 987,841 836,1 543 544,1 848 986,2 250 617,2 507 116,10 168,19 593,98 248,479 245,881 534,1 056 889,1 263 539,1 376 683,7 134,10 378,76 739,362 591,662 010,792 097,987 078,1 130 433
966,Eastern and South-Eastern Asia,,,1832,Philippines,608,407 614,495 165,632 577,651 417,708 804,846 747,954 715,974 129,182 912,205 906,222 568,200 078,223 845,282 290,338 061,355 534,224 702,289 259,410 009,451 339,484 959,564 457,616 654,618 595
967,Eastern and South-Eastern Asia,,,1832,Singapore,702,68 203,75 688,83 910,90 251,97 852,111 076,112 872,108 806,30 365,35 339,40 561,44 855,49 958,56 401,58 076,57 499,37 838,40 349,43 349,45 396,47 894,54 675,54 796,51 307
968,Eastern and South-Eastern Asia,,,1832,Thailand,764,106 942,213 223,330 362,304 068,267 756,368 473,475 183,506 393,50 461,123 494,191 370,160 595,127 830,177 834,214 390,215 823,56 481,89 729,138 992,143 473,139 926,190 639,260 793,290 570
969,Eastern and South-Eastern Asia,,,1832,Timor-Leste,626,26 838,33 706,184 250,30 324,33 385,52 987,84 310,95 603,14 068,17 668,113 956,16 022,17 767,28 285,44 830,51 001,12 770,16 038,70 294,14 302,15 618,24 702,39 480,44 602
970,Eastern and South-Eastern Asia,,,1832,Viet Nam,704,84 190,103 885,165 296,296 047,304 281,545 764,1 039 911,1 297 059,47 680,51 182,75 845,95 341,145 599,301 051,575 436,697 147,36 510,52 703,89 451,200 706,158 682,244 713,464 475,599 912
971,Eastern and South-Eastern Asia,,,1832,Western Asia,922,7 435,9 147,11 817,12 106,16 007,22 763,34 569,34 167,4 219,5 231,6 881,7 231,9 886,14 177,21 686,20 531,3 216,3 916,4 936,4 875,6 121,8 586,12 883,13 636
972,Eastern and South-Eastern Asia,,,1832,Azerbaijan,31,269,313,373,445,519,334,208,222,154,179,215,258,304,186,106,104,115,134,158,187,215,148,102,118
973,Eastern and South-Eastern Asia,,,1832,Iraq,368,677,822,1 484,1 214,2 401,2 621,2 475,1 692,387,474,905,714,1 510,1 700,1 586,1 027,290,348,579,500,891,921,889,665
974,Eastern and South-Eastern Asia,,,1832,Israel,376,374,442,526,627,739,651,552,602,214,253,303,363,433,363,280,282,160,189,223,264,306,288,272,320
975,Eastern and South-Eastern Asia,,,1832,Jordan,400,436,510,607,723,846,596,404,434,249,292,350,419,495,332,205,204,187,218,257,304,351,264,199,230
976,Eastern and South-Eastern Asia,,,1832,Saudi Arabia,682,2 973,3 691,4 562,3 613,4 025,5 418,8 083,9 153,1 581,1 962,2 427,1 950,2 191,2 904,4 291,4 865,1 392,1 729,2 135,1 663,1 834,2 514,3 792,4 288
977,Eastern and South-Eastern Asia,,,1832,State of Palestine,275,0..,0..,5,5,242,1 036,1 167,819,0..,0..,3,4,168,705,784,541,0..,0..,2,1,74,331,383,278
978,Eastern and South-Eastern Asia,,,1832,Syrian Arab Republic,760,403,499,622,788,1 022,2 518,5 317,5 357,240,300,381,493,655,1 651,3 416,3 304,163,199,241,295,367,867,1 901,2 053
979,Eastern and South-Eastern Asia,,,1832,Türkiye,792,1 316,1 695,2 239,3 026,4 188,6 017,8 448,7 805,829,1 097,1 490,2 065,2 943,4 245,6 301,5 708,487,598,749,961,1 245,1 772,2 147,2 097
980,Eastern and South-Eastern Asia,,,1832,Yemen,887,987,1 175,1 399,1 665,2 025,3 572,7 915,8 083,565,674,807,965,1 187,2 091,4 717,4 496,422,501,592,700,838,1 481,3 198,3 587
981,Eastern and South-Eastern Asia,,,1832,EUROPE,908,113 174,132 352,157 826,236 751,315 976,364 370,396 424,427 665,65 719,77 100,93 897,152 922,211 423,241 626,262 691,272 813,47 455,55 252,63 929,83 829,104 553,122 744,133 733,154 852
982,Eastern and South-Eastern Asia,,,1832,Eastern Europe,923,13 540,17 488,23 113,27 945,32 984,38 312,58 077,85 177,5 870,7 599,9 998,12 146,14 569,15 945,27 032,35 155,7 670,9 889,13 115,15 799,18 415,22 367,31 045,50 022
983,Eastern and South-Eastern Asia,,,1832,Belarus,112,367,438,522,621,752,1 131,1 626,1 913,210,251,301,360,440,630,824,897,157,187,221,261,312,501,802,1 016
984,Eastern and South-Eastern Asia,,,1832,Bulgaria,100,2,1,2,7,13,16,15,16,1,1,1,6,10,12,12,13,1,0..,1,1,3,4,3,3
985,Eastern and South-Eastern Asia,,,1832,Czechia,203,7,6,7,10,15,18,18,19,3,3,3,6,10,11,12,13,4,3,4,4,5,7,6,6
986,Eastern and South-Eastern Asia,,,1832,Hungary,348,0..,0..,0..,4,9,11,10,11,0..,0..,0..,3,5,5,5,5,0..,0..,0..,1,4,6,5,6
987,Eastern and South-Eastern Asia,,,1832,Poland,616,734,1 017,1 277,1 500,1 757,2 571,2 602,2 567,376,509,637,757,895,1 347,1 265,1 210,358,508,640,743,862,1 224,1 337,1 357
988,Eastern and South-Eastern Asia,,,1832,Romania,642,2 831,2 830,2 765,2 656,2 599,2 678,2 562,2 212,490,481,471,480,505,608,602,514,2 341,2 349,2 294,2 176,2 094,2 070,1 960,1 698
989,Eastern and South-Eastern Asia,,,1832,Russian Federation,643,8 296,11 586,16 576,20 774,24 917,27 797,45 695,64 605,4 252,5 698,7 790,9 570,11 514,11 676,22 013,27 771,4 044,5 888,8 786,11 204,13 403,16 121,23 682,36 834
990,Eastern and South-Eastern Asia,,,1832,Slovakia,703,4,4,5,3,3,3,2,2,1,2,2,2,3,3,2,2,3,2,3,1,0..,0..,0..,0..
991,Eastern and South-Eastern Asia,,,1832,Ukraine*,804,1 299,1 606,1 959,2 370,2 919,4 087,5 547,13 832,537,654,793,962,1 187,1 653,2 297,4 730,762,952,1 166,1 408,1 732,2 434,3 250,9 102
992,Eastern and South-Eastern Asia,,,1832,Northern Europe,924,53 182,60 338,70 264,112 681,154 385,174 707,183 730,190 302,32 293,36 893,43 866,77 408,109 535,123 664,130 811,135 336,20 889,23 445,26 398,35 273,44 850,51 043,52 919,54 966
993,Eastern and South-Eastern Asia,,,1832,Denmark*,208,1 330,1 598,1 779,2 030,2 243,2 217,1 921,1 774,800,962,1 068,1 222,1 353,1 338,1 170,1 051,530,636,711,808,890,879,751,723
994,Eastern and South-Eastern Asia,,,1832,Finland*,246,702,820,975,1 143,1 323,862,539,577,396,466,558,660,775,480,274,271,306,354,417,483,548,382,265,306
995,Eastern and South-Eastern Asia,,,1832,Ireland,372,1 565,1 920,2 204,2 501,2 687,3 158,3 326,3 153,1 036,1 280,1 470,1 660,1 759,2 052,2 131,1 938,529,640,734,841,928,1 106,1 195,1 215
996,Eastern and South-Eastern Asia,,,1832,Norway*,578,429,502,597,711,832,567,372,398,245,288,344,412,487,316,189,187,184,214,253,299,345,251,183,211
997,Eastern and South-Eastern Asia,,,1832,Sweden,752,1 864,2 330,2 929,3 268,4 070,5 494,4 043,3 247,1 123,1 410,1 789,1 997,2 516,3 419,2 567,2 031,741,920,1 140,1 271,1 554,2 075,1 476,1 216
998,Eastern and South-Eastern Asia,,,1832,United Kingdom*,826,47 292,53 168,61 780,103 028,143 230,162 409,173 529,181 153,28 693,32 487,38 637,71 457,102 645,116 059,124 480,129 858,18 599,20 681,23 143,31 571,40 585,46 350,49 049,51 295
999,Eastern and South-Eastern Asia,,,1832,Southern Europe,925,11 158,13 124,12 661,14 986,17 523,25 250,25 884,22 538,6 214,7 306,7 399,8 900,10 561,15 052,15 530,12 958,4 944,5 818,5 262,6 086,6 962,10 198,10 354,9 580
1000,Eastern and South-Eastern Asia,,,1832,Italy,380,4 395,5 338,6 408,7 714,9 327,14 268,13 616,11 178,2 570,3 121,3 858,4 686,5 731,8 669,8 350,6 591,1 825,2 217,2 550,3 028,3 596,5 599,5 266,4 587
1001,Eastern and South-Eastern Asia,,,1832,North Macedonia,807,12,13,15,8,3,3,2,2,10,12,13,8,3,3,2,2,2,1,2,0..,0..,0..,0..,0..
1002,Eastern and South-Eastern Asia,,,1832,Portugal,620,3 825,4 197,2 001,2 288,2 263,2 409,2 762,2 903,2 008,2 172,1 152,1 337,1 307,1 293,1 486,1 559,1 817,2 025,849,951,956,1 116,1 276,1 344
1003,Eastern and South-Eastern Asia,,,1832,Serbia*,688,64,76,90,109,133,303,664,771,37,43,52,63,78,169,337,362,27,33,38,46,55,134,327,409
1004,Eastern and South-Eastern Asia,,,1832,Spain*,724,2 862,3 500,4 147,4 867,5 797,8 267,8 840,7 684,1 589,1 958,2 324,2 806,3 442,4 918,5 355,4 444,1 273,1 542,1 823,2 061,2 355,3 349,3 485,3 240
1005,Eastern and South-Eastern Asia,,,1832,Western Europe,926,35 294,41 402,51 788,81 139,111 084,126 101,128 733,129 648,21 342,25 302,32 634,54 468,76 758,86 965,89 318,89 364,13 952,16 100,19 154,26 671,34 326,39 136,39 415,40 284
1006,Eastern and South-Eastern Asia,,,1832,Austria,40,520,615,733,876,1 043,1 013,943,1 038,297,353,422,509,612,565,480,490,223,262,311,367,431,448,463,548
1007,Eastern and South-Eastern Asia,,,1832,Belgium,56,1 226,1 415,1 696,2 031,2 305,2 662,2 725,2 445,726,850,1 031,1 247,1 419,1 677,1 708,1 474,500,565,665,784,886,985,1 017,971
1008,Eastern and South-Eastern Asia,,,1832,France*,250,13 546,16 003,20 564,34 511,48 941,56 768,59 353,59 754,8 078,9 653,12 669,22 626,32 949,38 242,40 407,40 401,5 468,6 350,7 895,11 885,15 992,18 526,18 946,19 353
1009,Eastern and South-Eastern Asia,,,1832,Germany,276,14 382,17 040,21 681,35 679,49 744,54 904,55 614,57 376,8 704,10 443,14 033,25 014,36 086,39 728,40 444,41 524,5 678,6 597,7 648,10 665,13 658,15 176,15 170,15 852
1010,Eastern and South-Eastern Asia,,,1832,Netherlands*,528,3 492,4 040,4 655,5 297,5 921,6 723,6 568,6 158,2 146,2 517,2 889,3 308,3 687,4 169,4 029,3 667,1 346,1 523,1 766,1 989,2 234,2 554,2 539,2 491
1011,Eastern and South-Eastern Asia,,,1832,Switzerland,756,2 128,2 289,2 459,2 745,3 130,4 031,3 530,2 877,1 391,1 486,1 590,1 764,2 005,2 584,2 250,1 808,737,803,869,981,1 125,1 447,1 280,1 069
1012,Eastern and South-Eastern Asia,,,1832,LATIN AMERICA AND THE CARIBBEAN,904,68 314,212 496,313 803,375 501,328 228,259 972,305 900,303 158,38 393,119 731,171 886,207 142,178 231,139 754,163 483,160 543,29 921,92 765,141 917,168 359,149 997,120 218,142 417,142 615
1013,Eastern and South-Eastern Asia,,,1832,Caribbean,915,317,369,431,500,583,717,1 045,1 186,174,203,237,278,328,400,533,560,143,166,194,222,255,317,512,626
1014,Eastern and South-Eastern Asia,,,1832,Cuba,192,256,296,344,397,458,463,549,614,139,161,187,218,255,259,282,292,117,135,157,179,203,204,267,322
1015,Eastern and South-Eastern Asia,,,1832,Jamaica,388,61,73,87,103,125,254,496,572,35,42,50,60,73,141,251,268,26,31,37,43,52,113,245,304
1016,Eastern and South-Eastern Asia,,,1832,Central America,916,1 797,2 438,3 181,3 565,4 068,5 370,6 329,5 893,975,1 304,1 696,1 979,2 338,2 992,3 478,3 206,822,1 134,1 485,1 586,1 730,2 378,2 851,2 687
1017,Eastern and South-Eastern Asia,,,1832,Mexico,484,1 351,1 911,2 554,2 818,3 183,4 551,5 600,5 093,720,1 002,1 335,1 546,1 820,2 536,3 109,2 831,631,909,1 219,1 272,1 363,2 015,2 491,2 262
1018,Eastern and South-Eastern Asia,,,1832,Panama,591,446,527,627,747,885,819,729,800,255,302,361,433,518,456,369,375,191,225,266,314,367,363,360,425
1019,Eastern and South-Eastern Asia,,,1832,South America,931,66 200,209 689,310 191,371 436,323 577,253 885,298 526,296 079,37 244,118 224,169 953,204 885,175 565,136 362,159 472,156 777,28 956,91 465,140 238,166 551,148 012,117 523,139 054,139 302
1020,Eastern and South-Eastern Asia,,,1832,Argentina,32,3 187,3 915,4 273,5 176,5 060,6 481,9 921,10 831,1 706,2 079,2 281,2 896,2 859,3 592,5 213,5 413,1 481,1 836,1 992,2 280,2 201,2 889,4 708,5 418
1021,Eastern and South-Eastern Asia,,,1832,Bolivia (Plurinational State of),68,3 436,3 822,4 199,4 568,5 022,5 417,6 154,6 454,1 939,2 134,2 349,2 494,2 734,2 888,3 260,3 410,1 497,1 688,1 850,2 074,2 288,2 529,2 894,3 044
1022,Eastern and South-Eastern Asia,,,1832,Brazil,76,46 207,163 082,249 710,297 926,249 243,182 594,218 949,215 041,26 366,92 215,137 299,165 546,136 250,99 124,118 298,115 380,19 841,70 867,112 411,132 380,112 993,83 470,100 651,99 661
1023,Eastern and South-Eastern Asia,,,1832,Chile,152,434,541,668,822,1 023,1 381,1 888,2 107,233,289,358,444,554,737,1 003,1 121,201,252,310,378,469,644,885,986
1024,Eastern and South-Eastern Asia,,,1832,Colombia,170,2 150,2 375,2 593,2 807,3 082,3 294,3 586,3 606,839,924,1 023,1 150,1 302,1 389,1 521,1 546,1 311,1 451,1 570,1 657,1 780,1 905,2 065,2 060
1025,Eastern and South-Eastern Asia,,,1832,Ecuador,218,133,160,191,227,274,449,708,807,76,92,110,132,160,250,359,378,57,68,81,95,114,199,349,429
1026,Eastern and South-Eastern Asia,,,1832,Paraguay,600,1 278,1 411,1 537,1 657,1 806,1 882,2 180,2 201,649,708,773,858,955,991,1 140,1 154,629,703,764,799,851,891,1 040,1 047
1027,Eastern and South-Eastern Asia,,,1832,Peru,604,8 391,33 205,45 619,56 591,56 054,49 099,49 972,49 146,4 873,19 107,24 952,30 402,29 572,25 560,26 058,25 616,3 518,14 098,20 667,26 189,26 482,23 539,23 914,23 530
1028,Eastern and South-Eastern Asia,,,1832,Uruguay,858,7,6,7,3,1,1,0..,0..,4,4,4,2,1,1,0..,0..,3,2,3,1,0..,0..,0..,0..
1029,Eastern and South-Eastern Asia,,,1832,Venezuela (Bolivarian Republic of),862,977,1 172,1 394,1 659,2 012,3 287,5 168,5 886,559,672,804,961,1 178,1 830,2 620,2 759,418,500,590,698,834,1 457,2 548,3 127
1030,Eastern and South-Eastern Asia,,,1832,NORTHERN AMERICA,905,148 086,181 387,217 753,259 789,327 718,369 375,375 829,347 206,85 054,106 814,129 470,159 439,200 690,221 602,225 509,197 052,63 032,74 573,88 283,100 350,127 028,147 773,150 320,150 154
1031,Eastern and South-Eastern Asia,,,1832,Canada,124,23 878,32 323,41 673,47 786,49 092,56 479,58 672,56 749,13 657,18 732,24 174,28 571,29 363,32 857,33 203,31 058,10 221,13 591,17 499,19 215,19 729,23 622,25 469,25 691
1032,Eastern and South-Eastern Asia,,,1832,United States of America*,840,124 208,149 064,176 080,212 003,278 626,312 896,317 157,290 457,71 397,88 082,105 296,130 868,171 327,188 745,192 306,165 994,52 811,60 982,70 784,81 135,107 299,124 151,124 851,124 463
1033,Eastern and South-Eastern Asia,,,1832,OCEANIA,909,37 699,46 644,57 553,61 932,67 678,95 555,91 659,75 984,21 165,26 321,32 596,36 150,39 124,55 053,53 329,42 723,16 534,20 323,24 957,25 782,28 554,40 502,38 330,33 261
1034,Eastern and South-Eastern Asia,,,1832,Australia/New Zealand,927,37 699,46 644,57 553,61 932,67 678,95 555,91 659,75 984,21 165,26 321,32 596,36 150,39 124,55 053,53 329,42 723,16 534,20 323,24 957,25 782,28 554,40 502,38 330,33 261
1035,Eastern and South-Eastern Asia,,,1832,Australia*,36,31 490,38 784,47 570,50 581,55 445,80 584,76 159,61 688,17 450,21 612,26 586,29 220,31 717,46 139,44 115,34 461,14 040,17 172,20 984,21 361,23 728,34 445,32 044,27 227
1036,Eastern and South-Eastern Asia,,,1832,New Zealand*,554,6 209,7 860,9 983,11 351,12 233,14 971,15 500,14 296,3 715,4 709,6 010,6 930,7 407,8 914,9 214,8 262,2 494,3 151,3 973,4 421,4 826,6 057,6 286,6 034
1037,Eastern and South-Eastern Asia,,,1832,Others,2003,558 936,682 032,1 138 474,1 036 717,1 007 653,1 176 946,1 219 608,1 199 309,218 746,252 329,445 201,451 109,482 941,576 040,618 330,613 532,340 190,429 703,693 273,585 608,524 712,600 906,601 278,585 777
1038,Latin America and the Caribbean,,,1830,World,900,7 253 323,6 728 705,6 589 509,7 111 817,8 275 866,9 109 959,14 287 765,17 510 527,3 650 905,3 359 296,3 275 466,3 526 154,4 106 660,4 570 091,7 203 034,8 793 631,3 602 418,3 369 409,3 314 043,3 585 663,4 169 206,4 539 868,7 084 731,8 716 896
1039,Latin America and the Caribbean,,,1830,Sub-Saharan Africa,1834,11 679,20 148,20 480,22 494,23 536,35 167,57 980,49 825,6 418,11 045,11 297,12 165,12 395,21 243,38 746,29 199,5 261,9 103,9 183,10 329,11 141,13 924,19 234,20 626
1040,Latin America and the Caribbean,,,1830,Northern Africa and Western Asia,1833,84 892,82 090,76 438,73 389,71 120,75 945,83 730,89 832,48 987,47 073,43 904,42 702,42 096,45 606,51 928,52 853,35 905,35 017,32 534,30 687,29 024,30 339,31 802,36 979
1041,Latin America and the Caribbean,,,1830,Central and Southern Asia,1831,9 673,11 162,12 555,14 110,18 221,23 759,35 256,45 620,5 922,6 795,7 699,8 623,11 431,15 403,24 280,28 152,3 751,4 367,4 856,5 487,6 790,8 356,10 976,17 468
1042,Latin America and the Caribbean,,,1830,Eastern and South-Eastern Asia,1832,205 294,205 241,203 930,206 941,219 694,236 323,259 909,311 493,110 193,108 748,107 226,108 943,116 434,126 184,141 655,166 457,95 101,96 493,96 704,97 998,103 260,110 139,118 254,145 036
1043,Latin America and the Caribbean,,,1830,Latin America and the Caribbean,1830,3 700 702,3 674 872,3 787 986,4 267 969,5 351 426,5 968 907,10 977 915,14 032 392,1 818 100,1 796 785,1 850 064,2 073 866,2 600 713,2 948 595,5 479 985,6 989 319,1 882 602,1 878 087,1 937 922,2 194 103,2 750 713,3 020 312,5 497 930,7 043 073
1044,Latin America and the Caribbean,,,1830,Oceania (excluding Australia and New Zealand),1835,438,637,682,355,200,192,298,327,92,193,305,183,101,99,153,73,346,444,377,172,99,93,145,254
1045,Latin America and the Caribbean,,,1830,Australia/New Zealand,1836,5 506,5 870,5 872,6 103,6 400,6 706,7 015,8 090,2 761,2 918,2 928,3 137,3 434,3 767,4 065,4 137,2 745,2 952,2 944,2 966,2 966,2 939,2 950,3 953
1046,Latin America and the Caribbean,,,1830,Europe and Northern America,1829,2 489 947,2 324 777,2 238 405,2 255 287,2 368 879,2 305 721,2 289 264,2 457 612,1 270 358,1 173 007,1 129 119,1 142 133,1 206 956,1 181 295,1 178 795,1 268 297,1 219 589,1 151 770,1 109 286,1 113 154,1 161 923,1 124 426,1 110 469,1 189 315
1047,Latin America and the Caribbean,,,1830,More developed regions,901,2 603 426,2 427 235,2 332 319,2 338 747,2 440 843,2 369 599,2 346 138,2 544 355,1 330 107,1 226 258,1 177 511,1 184 972,1 243 866,1 214 196,1 208 431,1 312 316,1 273 319,1 200 977,1 154 808,1 153 775,1 196 977,1 155 403,1 137 707,1 232 039
1048,Latin America and the Caribbean,,,1830,Less developed regions,902,3 904 705,3 897 562,4 014 029,4 507 901,5 618 633,6 283 121,11 365 229,14 450 836,1 932 724,1 920 306,1 975 031,2 206 780,2 749 694,3 127 996,5 711 176,7 226 171,1 971 981,1 977 256,2 038 998,2 301 121,2 868 939,3 155 125,5 654 053,7 224 665
1049,Latin America and the Caribbean,,,1830,Least developed countries,941,244 305,274 396,302 983,353 577,415 269,621 572,873 064,1 041 951,155 250,171 435,186 772,213 667,246 612,390 526,560 418,651 743,89 055,102 961,116 211,139 910,168 657,231 046,312 646,390 208
1050,Latin America and the Caribbean,,,1830,"Less developed regions, excluding least developed countries",934,3 660 400,3 623 166,3 711 046,4 154 324,5 203 364,5 661 549,10 492 165,13 408 885,1 777 474,1 748 871,1 788 259,1 993 113,2 503 082,2 737 470,5 150 758,6 574 428,1 882 926,1 874 295,1 922 787,2 161 211,2 700 282,2 924 079,5 341 407,6 834 457
1051,Latin America and the Caribbean,,,1830,"Less developed regions, excluding China",948,3 846 513,3 828 123,3 934 873,4 417 729,5 508 007,6 151 675,11 208 347,14 284 075,1 899 641,1 881 827,1 931 987,2 157 825,2 689 508,3 056 048,5 623 304,7 133 854,1 946 872,1 946 296,2 002 886,2 259 904,2 818 499,3 095 627,5 585 043,7 150 221
1052,Latin America and the Caribbean,,,1830,Land-locked Developing Countries (LLDC),1636,505 277,557 494,618 506,771 865,1 008 826,1 062 605,1 140 124,1 172 363,232 492,253 042,284 566,358 001,470 865,500 387,529 305,540 654,272 785,304 452,333 940,413 864,537 961,562 218,610 819,631 709
1053,Latin America and the Caribbean,,,1830,Small Island Developing States (SIDS),1637,608 869,672 005,738 082,803 698,894 789,1 115 766,1 424 014,1 683 502,322 064,353 216,385 619,420 438,468 575,616 612,817 920,961 791,286 805,318 789,352 463,383 260,426 214,499 154,606 094,721 711
1054,Latin America and the Caribbean,,,1830,High-and-upper-middle-income countries,5503,5 574 907,5 356 633,5 278 252,5 612 434,6 613 518,6 819 231,7 193 566,7 689 442,2 751 527,2 620 787,2 579 801,2 738 271,3 238 295,3 354 230,3 556 264,3 822 120,2 823 380,2 735 846,2 698 451,2 874 163,3 375 223,3 465 001,3 637 302,3 867 322
1055,Latin America and the Caribbean,,,1830,Low-and-Lower-middle-income countries,5504,833 608,861 742,956 821,1 120 763,1 314 969,1 603 856,2 084 753,2 477 992,462 216,473 464,518 652,599 068,692 670,876 504,1 169 679,1 369 511,371 392,388 278,438 169,521 695,622 299,727 352,915 074,1 108 481
1056,Latin America and the Caribbean,,,1830,High-income countries,1503,3 165 421,3 010 650,2 936 632,2 940 578,3 054 187,2 973 308,2 947 202,3 165 821,1 618 022,1 517 127,1 476 195,1 480 842,1 545 076,1 509 952,1 501 885,1 616 318,1 547 399,1 493 523,1 460 437,1 459 736,1 509 111,1 463 356,1 445 317,1 549 503
1057,Latin America and the Caribbean,,,1830,Low-and-middle-income countries,1859,3 243 094,3 207 725,3 298 441,3 792 619,4 874 300,5 449 779,6 331 117,7 001 613,1 595 721,1 577 124,1 622 258,1 856 497,2 385 889,2 720 782,3 224 058,3 575 313,1 647 373,1 630 601,1 676 183,1 936 122,2 488 411,2 728 997,3 107 059,3 426 300
1058,Latin America and the Caribbean,,,1830,Middle-income countries,1517,3 210 330,3 176 399,3 269 122,3 763 051,4 843 818,5 413 142,6 282 539,6 950 254,1 577 094,1 559 343,1 605 514,1 839 577,2 368 512,2 699 322,3 193 681,3 546 508,1 633 236,1 617 056,1 663 608,1 923 474,2 475 306,2 713 820,3 088 858,3 403 746
1059,Latin America and the Caribbean,,,1830,Upper-middle-income countries,1502,2 409 486,2 345 983,2 341 620,2 671 856,3 559 331,3 845 923,4 246 364,4 523 621,1 133 505,1 103 660,1 103 606,1 257 429,1 693 219,1 844 278,2 054 379,2 205 802,1 275 981,1 242 323,1 238 014,1 414 427,1 866 112,2 001 645,2 191 985,2 317 819
1060,Latin America and the Caribbean,,,1830,Lower-middle-income countries,1501,800 844,830 416,927 502,1 091 195,1 284 487,1 567 219,2 036 175,2 426 633,443 589,455 683,501 908,582 148,675 293,855 044,1 139 302,1 340 706,357 255,374 733,425 594,509 047,609 194,712 175,896 873,1 085 927
1061,Latin America and the Caribbean,,,1830,Low-income countries,1500,32 764,31 326,29 319,29 568,30 482,36 637,48 578,51 359,18 627,17 781,16 744,16 920,17 377,21 460,30 377,28 805,14 137,13 545,12 575,12 648,13 105,15 177,18 201,22 554
1062,Latin America and the Caribbean,,,1830,No income group available,1518,92 136,98 074,102 058,104 973,121 467,219 152,4 422 235,6 816 613,45 738,48 683,50 179,50 981,58 810,107 481,2 189 506,3 342 526,46 398,49 391,51 879,53 992,62 657,111 671,2 232 729,3 474 087
1063,Latin America and the Caribbean,,,1830,AFRICA,903,19 964,28 428,28 050,30 198,31 216,43 713,68 346,61 522,10 622,15 233,15 120,16 152,16 506,26 015,44 985,36 082,9 342,13 195,12 930,14 046,14 710,17 698,23 361,25 440
1064,Latin America and the Caribbean,,,1830,Eastern Africa,910,2 579,2 778,3 065,3 284,3 456,4 106,5 241,5 006,1 373,1 450,1 570,1 546,1 427,1 699,2 306,1 553,1 206,1 328,1 495,1 738,2 029,2 407,2 935,3 453
1065,Latin America and the Caribbean,,,1830,Burundi,108,21,28,35,49,70,113,258,284,9,11,14,21,31,55,130,49,12,17,21,28,39,58,128,235
1066,Latin America and the Caribbean,,,1830,Eritrea,232,25,25,25,26,27,28,25,24,13,13,13,14,15,15,14,14,12,12,12,12,12,13,11,10
1067,Latin America and the Caribbean,,,1830,Ethiopia,231,88,120,184,223,252,298,412,437,51,65,99,121,137,162,223,162,37,55,85,102,115,136,189,275
1068,Latin America and the Caribbean,,,1830,Kenya,404,22,36,57,62,74,80,84,93,10,14,23,24,29,31,36,41,12,22,34,38,45,49,48,52
1069,Latin America and the Caribbean,,,1830,Madagascar,450,4,6,7,7,8,9,8,10,1,1,0..,1,2,3,3,4,3,5,7,6,6,6,5,6
1070,Latin America and the Caribbean,,,1830,Malawi,454,0..,3,5,6,6,8,7,8,0..,1,2,1,0..,0..,0..,0..,0..,2,3,5,6,8,7,8
1071,Latin America and the Caribbean,,,1830,Mozambique,508,1 351,1 350,1 377,1 468,1 504,1 651,1 872,1 990,805,813,830,797,663,616,610,494,546,537,547,671,841,1 035,1 262,1 496
1072,Latin America and the Caribbean,,,1830,Réunion,638,862,984,1 106,1 121,1 134,1 184,1 219,1 253,382,419,457,415,371,365,381,397,480,565,649,706,763,819,838,856
1073,Latin America and the Caribbean,,,1830,Rwanda,646,3,3,2,3,3,3,2,2,0..,1,1,0..,0..,0..,0..,0..,3,2,1,3,3,3,2,2
1074,Latin America and the Caribbean,,,1830,Somalia,706,18,26,37,57,85,313,663,239,5,11,12,18,35,223,514,167,13,15,25,39,50,90,149,72
1075,Latin America and the Caribbean,,,1830,Uganda,800,10,7,7,12,21,21,22,25,6,4,5,6,9,9,11,12,4,3,2,6,12,12,11,13
1076,Latin America and the Caribbean,,,1830,United Republic of Tanzania,834,150,151,165,190,208,333,607,576,76,74,79,92,97,182,344,171,74,77,86,98,111,151,263,405
1077,Latin America and the Caribbean,,,1830,Zambia,894,2,8,14,13,12,12,12,13,2,6,9,8,7,7,8,9,0..,2,5,5,5,5,4,4
1078,Latin America and the Caribbean,,,1830,Zimbabwe,716,23,31,44,47,52,53,50,52,13,17,26,28,31,31,32,33,10,14,18,19,21,22,18,19
1079,Latin America and the Caribbean,,,1830,Middle Africa,911,6 762,8 208,8 798,9 574,9 676,11 445,20 720,23 120,3 730,4 618,4 993,5 337,5 219,6 455,13 525,14 895,3 032,3 590,3 805,4 237,4 457,4 990,7 195,8 225
1080,Latin America and the Caribbean,,,1830,Angola,24,6 193,7 525,8 063,8 623,8 294,8 504,13 251,17 831,3 406,4 231,4 572,4 776,4 395,4 509,8 259,11 686,2 787,3 294,3 491,3 847,3 899,3 995,4 992,6 145
1081,Latin America and the Caribbean,,,1830,Cameroon,120,227,220,219,251,299,521,1 699,1 737,125,121,121,139,168,326,1 146,1 040,102,99,98,112,131,195,553,697
1082,Latin America and the Caribbean,,,1830,Central African Republic,140,11,11,11,100,191,206,217,237,4,3,3,65,129,141,151,165,7,8,8,35,62,65,66,72
1083,Latin America and the Caribbean,,,1830,Chad,148,9,8,5,5,4,3,3,3,8,7,5,5,4,3,3,3,1,1,0..,0..,0..,0..,0..,0..
1084,Latin America and the Caribbean,,,1830,Congo,178,136,127,142,125,126,178,373,507,81,75,84,74,74,109,249,350,55,52,58,51,52,69,124,157
1085,Latin America and the Caribbean,,,1830,Democratic Republic of the Congo,180,181,314,357,468,760,2 032,5 176,2 804,103,180,208,278,449,1 367,3 717,1 651,78,134,149,190,311,665,1 459,1 153
1086,Latin America and the Caribbean,,,1830,Gabon,266,5,3,1,2,2,1,1,1,3,1,0..,0..,0..,0..,0..,0..,2,2,1,2,2,1,1,1
1087,Latin America and the Caribbean,,,1830,Northern Africa,912,8 285,8 280,7 570,7 704,7 680,8 546,10 366,11 697,4 204,4 188,3 823,3 987,4 111,4 772,6 239,6 883,4 081,4 092,3 747,3 717,3 569,3 774,4 127,4 814
1088,Latin America and the Caribbean,,,1830,Algeria,12,772,980,986,1 041,1 062,1 405,1 526,1 611,396,500,496,519,528,733,814,867,376,480,490,522,534,672,712,744
1089,Latin America and the Caribbean,,,1830,Egypt,818,5 208,4 583,4 129,4 068,3 911,4 009,4 355,4 884,2 579,2 243,2 021,2 072,2 115,2 286,2 669,2 997,2 629,2 340,2 108,1 996,1 796,1 723,1 686,1 887
1090,Latin America and the Caribbean,,,1830,Libya,434,166,171,183,200,242,292,429,474,100,110,122,125,144,171,244,184,66,61,61,75,98,121,185,290
1091,Latin America and the Caribbean,,,1830,Morocco,504,1 990,2 384,2 105,2 193,2 229,2 470,3 241,3 785,1 052,1 250,1 096,1 163,1 201,1 370,1 999,2 359,938,1 134,1 009,1 030,1 028,1 100,1 242,1 426
1092,Latin America and the Caribbean,,,1830,Sudan,729,1,16,17,32,46,89,215,82,1,10,11,21,30,62,163,55,0..,6,6,11,16,27,52,27
1093,Latin America and the Caribbean,,,1830,Tunisia,788,148,146,150,170,190,281,600,861,76,75,77,87,93,150,350,421,72,71,73,83,97,131,250,440
1094,Latin America and the Caribbean,,,1830,Southern Africa,913,1 051,3 078,2 880,3 017,2 972,3 515,4 070,4 095,539,1 622,1 529,1 595,1 562,1 924,2 289,2 016,512,1 456,1 351,1 422,1 410,1 591,1 781,2 079
1095,Latin America and the Caribbean,,,1830,Botswana,72,0..,0..,0..,7,13,14,13,14,0..,0..,0..,4,8,9,9,10,0..,0..,0..,3,5,5,4,4
1096,Latin America and the Caribbean,,,1830,Eswatini,748,1,1,1,8,13,13,12,13,0..,1,1,5,7,6,6,6,1,0..,0..,3,6,7,6,7
1097,Latin America and the Caribbean,,,1830,Lesotho,426,6,4,1,1,0..,0..,0..,0..,4,2,0..,0..,0..,0..,0..,0..,2,2,1,1,0..,0..,0..,0..
1098,Latin America and the Caribbean,,,1830,South Africa,710,1 044,3 073,2 878,3 001,2 946,3 488,4 045,4 068,535,1 619,1 528,1 586,1 547,1 909,2 274,2 000,509,1 454,1 350,1 415,1 399,1 579,1 771,2 068
1099,Latin America and the Caribbean,,,1830,Western Africa,914,1 287,6 084,5 737,6 619,7 432,16 101,27 949,17 604,776,3 355,3 205,3 687,4 187,11 165,20 626,10 735,511,2 729,2 532,2 932,3 245,4 936,7 323,6 869
1100,Latin America and the Caribbean,,,1830,Benin,204,36,34,31,32,29,110,303,138,19,18,16,16,14,81,243,104,17,16,15,16,15,29,60,34
1101,Latin America and the Caribbean,,,1830,Burkina Faso,854,34,32,29,28,25,88,337,396,18,17,16,15,13,65,273,240,16,15,13,13,12,23,64,156
1102,Latin America and the Caribbean,,,1830,Cabo Verde,132,13,1 464,1 199,1 351,1 317,1 531,1 861,1 845,6,779,639,712,688,817,1 036,978,7,685,560,639,629,714,825,867
1103,Latin America and the Caribbean,,,1830,Côte d'Ivoire,384,11,409,333,374,350,437,615,509,4,216,177,200,189,251,392,299,7,193,156,174,161,186,223,210
1104,Latin America and the Caribbean,,,1830,Gambia,270,0..,0..,0..,0..,0..,147,364,78,0..,0..,0..,0..,0..,122,304,63,0..,0..,0..,0..,0..,25,60,15
1105,Latin America and the Caribbean,,,1830,Ghana,288,174,205,227,221,219,1 133,2 901,1 460,109,126,137,141,149,908,2 337,988,65,79,90,80,70,225,564,472
1106,Latin America and the Caribbean,,,1830,Guinea,324,92,86,78,84,96,364,1 201,941,52,49,46,51,61,272,935,616,40,37,32,33,35,92,266,325
1107,Latin America and the Caribbean,,,1830,Guinea-Bissau,624,5,1 145,948,1 041,941,1 352,2 753,1 521,3,611,509,564,510,835,1 993,936,2,534,439,477,431,517,760,585
1108,Latin America and the Caribbean,,,1830,Liberia,430,48,226,297,327,296,305,333,48,25,130,173,194,173,180,203,26,23,96,124,133,123,125,130,22
1109,Latin America and the Caribbean,,,1830,Mali,466,0..,0..,0..,1,6,256,519,455,0..,0..,0..,0..,3,196,411,273,0..,0..,0..,1,3,60,108,182
1110,Latin America and the Caribbean,,,1830,Mauritania,478,0..,0..,0..,6,1,8,302,442,0..,0..,0..,3,0..,5,238,282,0..,0..,0..,3,1,3,64,160
1111,Latin America and the Caribbean,,,1830,Niger,562,9,17,29,27,28,29,32,35,9,17,29,27,28,29,32,35,0..,0..,0..,0..,0..,0..,0..,0..
1112,Latin America and the Caribbean,,,1830,Nigeria,566,590,1 978,1 839,2 117,2 674,4 524,6 666,4 921,392,1 141,1 081,1 246,1 619,3 131,4 878,3 244,198,837,758,871,1 055,1 393,1 788,1 677
1113,Latin America and the Caribbean,,,1830,Saint Helena,654,125,137,248,257,388,420,502,587,66,71,135,139,212,229,277,324,59,66,113,118,176,191,225,263
1114,Latin America and the Caribbean,,,1830,Senegal,686,149,349,369,602,922,4 958,8 040,3 815,73,180,181,289,444,3 713,6 103,2 008,76,169,188,313,478,1 245,1 937,1 807
1115,Latin America and the Caribbean,,,1830,Sierra Leone,694,0..,0..,108,149,139,269,532,102,0..,0..,66,89,83,191,406,77,0..,0..,42,60,56,78,126,25
1116,Latin America and the Caribbean,,,1830,Togo,768,1,2,2,2,1,170,688,311,0..,0..,0..,1,1,140,565,242,1,2,2,1,0..,30,123,69
1117,Latin America and the Caribbean,,,1830,ASIA,935,291 574,290 213,285 353,286 736,301 355,327 481,368 529,435 248,160 898,158 428,155 006,156 281,165 850,182 421,211 624,240 579,130 676,131 785,130 347,130 455,135 505,145 060,156 905,194 669
1118,Latin America and the Caribbean,,,1830,Central Asia,5500,46,64,83,126,186,286,590,652,22,31,39,56,82,136,296,130,24,33,44,70,104,150,294,522
1119,Latin America and the Caribbean,,,1830,Kazakhstan,398,8,9,10,22,37,39,41,46,3,5,6,9,13,14,16,18,5,4,4,13,24,25,25,28
1120,Latin America and the Caribbean,,,1830,Kyrgyzstan,417,0..,0..,0..,2,4,6,5,6,0..,0..,0..,1,2,3,3,4,0..,0..,0..,1,2,3,2,2
1121,Latin America and the Caribbean,,,1830,Tajikistan,762,0..,2,3,2,1,2,1,1,0..,1,1,0..,0..,0..,0..,0..,0..,1,2,2,1,2,1,1
1122,Latin America and the Caribbean,,,1830,Turkmenistan,795,0..,1,1,1,0..,0..,0..,0..,0..,0..,0..,0..,0..,0..,0..,0..,0..,1,1,1,0..,0..,0..,0..
1123,Latin America and the Caribbean,,,1830,Uzbekistan,860,38,52,69,99,144,239,543,599,19,25,32,46,67,119,277,108,19,27,37,53,77,120,266,491
1124,Latin America and the Caribbean,,,1830,Eastern Asia,906,200 456,197 928,196 174,197 331,207 850,223 035,244 289,286 358,107 401,104 657,102 895,103 570,109 753,118 630,132 568,152 666,93 055,93 271,93 279,93 761,98 097,104 405,111 721,133 692
1125,Latin America and the Caribbean,,,1830,China,156,50 692,57 244,66 425,78 654,97 726,118 389,142 759,151 354,29 188,32 159,36 463,43 024,53 503,65 181,80 479,84 402,21 504,25 085,29 962,35 630,44 223,53 208,62 280,66 952
1126,Latin America and the Caribbean,,,1830,"China, Hong Kong SAR",344,2 419,2 591,3 579,2 648,4 224,4 358,5 062,6 090,1 338,1 442,1 964,1 446,2 280,2 339,2 811,3 377,1 081,1 149,1 615,1 202,1 944,2 019,2 251,2 713
1127,Latin America and the Caribbean,,,1830,"China, Macao SAR",446,32,38,50,73,108,180,417,459,16,19,25,36,52,91,213,81,16,19,25,37,56,89,204,378
1128,Latin America and the Caribbean,,,1830,"China, Taiwan Province of China",158,5 049,9 566,9 102,8 797,8 568,8 519,8 644,8 858,2 541,4 859,4 592,4 449,4 351,4 337,4 369,4 457,2 508,4 707,4 510,4 348,4 217,4 182,4 275,4 401
1129,Latin America and the Caribbean,,,1830,Dem. People's Republic of Korea,408,5 597,5 207,4 880,5 043,5 386,5 403,5 506,5 643,2 921,2 665,2 485,2 554,2 715,2 714,2 679,2 697,2 676,2 542,2 395,2 489,2 671,2 689,2 827,2 946
1130,Latin America and the Caribbean,,,1830,Japan,392,107 973,96 588,88 042,77 357,65 564,57 172,49 859,78 653,56 988,50 333,45 464,39 702,33 476,29 134,25 571,39 882,50 985,46 255,42 578,37 655,32 088,28 038,24 288,38 771
1131,Latin America and the Caribbean,,,1830,Mongolia,496,7,8,12,9,17,17,19,23,5,5,8,5,11,11,14,17,2,3,4,4,6,6,5,6
1132,Latin America and the Caribbean,,,1830,Republic of Korea,410,28 687,26 686,24 084,24 750,26 257,28 997,32 023,35 278,14 404,13 175,11 894,12 354,13 365,14 823,16 432,17 753,14 283,13 511,12 190,12 396,12 892,14 174,15 591,17 525
1133,Latin America and the Caribbean,,,1830,Southern Asia,5501,9 627,11 098,12 472,13 984,18 035,23 473,34 666,44 968,5 900,6 764,7 660,8 567,11 349,15 267,23 984,28 022,3 727,4 334,4 812,5 417,6 686,8 206,10 682,16 946
1134,Latin America and the Caribbean,,,1830,Afghanistan,4,224,150,220,291,537,753,1 201,10 225,118,76,115,161,295,430,726,6 063,106,74,105,130,242,323,475,4 162
1135,Latin America and the Caribbean,,,1830,Bangladesh,50,108,103,101,130,194,1 588,5 789,1 332,62,67,73,94,147,1 308,4 825,1 032,46,36,28,36,47,280,964,300
1136,Latin America and the Caribbean,,,1830,Bhutan,64,12,12,14,13,14,12,12,14,11,11,13,11,12,11,11,13,1,1,1,2,2,1,1,1
1137,Latin America and the Caribbean,,,1830,India,356,7 744,8 568,9 762,10 996,14 043,16 575,20 668,26 456,4 679,5 173,5 930,6 718,8 899,10 574,13 636,16 674,3 065,3 395,3 832,4 278,5 144,6 001,7 032,9 782
1138,Latin America and the Caribbean,,,1830,Iran (Islamic Republic of),364,868,1 499,1 443,1 474,1 585,1 774,2 145,2 303,574,920,906,895,952,1 090,1 364,1 478,294,579,537,579,633,684,781,825
1139,Latin America and the Caribbean,,,1830,Maldives,462,1,1,1,2,2,1,1,1,0..,0..,0..,0..,0..,0..,0..,0..,1,1,1,2,2,1,1,1
1140,Latin America and the Caribbean,,,1830,Nepal,524,87,80,87,107,147,299,697,1 669,48,43,47,55,75,173,485,1 190,39,37,40,52,72,126,212,479
1141,Latin America and the Caribbean,,,1830,Pakistan,586,558,665,829,942,1 473,2 428,4 110,2 923,394,463,567,615,945,1 655,2 911,1 545,164,202,262,327,528,773,1 199,1 378
1142,Latin America and the Caribbean,,,1830,Sri Lanka,144,25,20,15,29,40,43,43,45,14,11,9,18,24,26,26,27,11,9,6,11,16,17,17,18
1143,Latin America and the Caribbean,,,1830,South-Eastern Asia,920,4 838,7 313,7 756,9 610,11 844,13 288,15 620,25 135,2 792,4 091,4 331,5 373,6 681,7 554,9 087,13 791,2 046,3 222,3 425,4 237,5 163,5 734,6 533,11 344
1144,Latin America and the Caribbean,,,1830,Cambodia,116,120,133,146,132,120,124,129,140,63,68,74,67,59,62,65,70,57,65,72,65,61,62,64,70
1145,Latin America and the Caribbean,,,1830,Indonesia,360,452,1 360,1 241,1 324,1 357,1 472,1 595,1 830,234,724,668,712,736,802,882,1 025,218,636,573,612,621,670,713,805
1146,Latin America and the Caribbean,,,1830,Lao People's Democratic Republic,418,1 454,1 439,1 429,1 410,1 416,1 521,1 751,1 879,753,713,689,667,659,716,818,803,701,726,740,743,757,805,933,1 076
1147,Latin America and the Caribbean,,,1830,Malaysia,458,118,137,172,173,192,247,415,466,54,63,83,86,96,127,217,137,64,74,89,87,96,120,198,329
1148,Latin America and the Caribbean,,,1830,Myanmar,104,34,41,53,65,98,110,131,195,26,35,47,60,87,101,122,184,8,6,6,5,11,9,9,11
1149,Latin America and the Caribbean,,,1830,Philippines,608,2 137,3 089,3 661,5 382,7 505,8 466,9 983,12 140,1 392,1 898,2 205,3 156,4 373,4 946,5 988,7 065,745,1 191,1 456,2 226,3 132,3 520,3 995,5 075
1150,Latin America and the Caribbean,,,1830,Singapore,702,72,73,85,106,150,213,402,465,41,41,49,56,78,113,215,133,31,32,36,50,72,100,187,332
1151,Latin America and the Caribbean,,,1830,Thailand,764,127,700,630,709,727,812,872,981,70,380,348,411,444,508,563,655,57,320,282,298,283,304,309,326
1152,Latin America and the Caribbean,,,1830,Viet Nam,704,324,341,339,309,279,323,342,7 039,159,169,168,158,149,179,217,3 719,165,172,171,151,130,144,125,3 320
1153,Latin America and the Caribbean,,,1830,Western Asia,922,76 607,73 810,68 868,65 685,63 440,67 399,73 364,78 135,44 783,42 885,40 081,38 715,37 985,40 834,45 689,45 970,31 824,30 925,28 787,26 970,25 455,26 565,27 675,32 165
1154,Latin America and the Caribbean,,,1830,Armenia,51,1 119,1 101,1 085,1 077,1 084,1 118,1 128,1 169,554,517,500,497,503,523,517,449,565,584,585,580,581,595,611,720
1155,Latin America and the Caribbean,,,1830,Azerbaijan,31,2,3,4,4,5,5,4,5,1,1,2,1,2,2,2,3,1,2,2,3,3,3,2,2
1156,Latin America and the Caribbean,,,1830,Bahrain,48,22,26,28,26,23,22,22,24,19,22,24,22,19,19,19,21,3,4,4,4,4,3,3,3
1157,Latin America and the Caribbean,,,1830,Cyprus,196,323,310,298,315,347,358,365,374,159,145,136,145,161,165,163,163,164,165,162,170,186,193,202,211
1158,Latin America and the Caribbean,,,1830,Georgia,268,38,40,48,81,136,185,323,385,16,18,21,45,81,112,189,151,22,22,27,36,55,73,134,234
1159,Latin America and the Caribbean,,,1830,Iraq,368,112,779,702,796,910,1 127,1 708,1 424,76,433,395,448,518,663,1 077,698,36,346,307,348,392,464,631,726
1160,Latin America and the Caribbean,,,1830,Israel,376,9 703,9 180,8 594,8 405,8 470,8 650,8 854,10 151,5 524,5 224,4 928,4 857,4 968,5 156,5 397,5 996,4 179,3 956,3 666,3 548,3 502,3 494,3 457,4 155
1161,Latin America and the Caribbean,,,1830,Jordan,400,757,1 939,1 655,1 681,1 521,1 644,1 729,1 790,435,1 067,918,930,850,932,1 012,1 044,322,872,737,751,671,712,717,746
1162,Latin America and the Caribbean,,,1830,Kuwait,414,65,66,66,68,71,77,71,69,38,39,39,40,42,45,42,41,27,27,27,28,29,32,29,28
1163,Latin America and the Caribbean,,,1830,Lebanon,422,33 252,31 098,29 115,26 580,24 116,23 569,22 671,26 652,20 183,18 753,17 474,16 158,14 912,14 770,14 508,16 892,13 069,12 345,11 641,10 422,9 204,8 799,8 163,9 760
1164,Latin America and the Caribbean,,,1830,Oman,512,33,40,52,74,110,182,419,462,17,20,27,37,54,93,215,84,16,20,25,37,56,89,204,378
1165,Latin America and the Caribbean,,,1830,Qatar,634,36,43,53,72,105,173,392,434,20,23,27,34,50,88,201,79,16,20,26,38,55,85,191,355
1166,Latin America and the Caribbean,,,1830,Saudi Arabia,682,1 159,1 708,1 808,1 969,2 142,2 354,2 398,2 435,795,1 107,1 179,1 296,1 429,1 563,1 583,1 601,364,601,629,673,713,791,815,834
1167,Latin America and the Caribbean,,,1830,State of Palestine,275,1 598,1 921,1 940,1 873,1 924,2 460,2 995,2 969,865,1 019,1 024,989,1 036,1 395,1 773,1 362,733,902,916,884,888,1 065,1 222,1 607
1168,Latin America and the Caribbean,,,1830,Syrian Arab Republic,760,25 110,22 618,20 719,20 176,20 118,23 061,27 403,26 369,14 521,13 140,12 142,11 959,12 044,13 893,17 236,15 367,10 589,9 478,8 577,8 217,8 074,9 168,10 167,11 002
1169,Latin America and the Caribbean,,,1830,Türkiye,792,3 264,2 925,2 681,2 460,2 330,2 384,2 852,3 392,1 554,1 351,1 237,1 248,1 308,1 406,1 745,2 009,1 710,1 574,1 444,1 212,1 022,978,1 107,1 383
1170,Latin America and the Caribbean,,,1830,United Arab Emirates,784,0..,1,2,1,0..,0..,0..,0..,0..,1,2,1,0..,0..,0..,0..,0..,0..,0..,0..,0..,0..,0..,0..
1171,Latin America and the Caribbean,,,1830,Yemen,887,14,12,18,27,28,30,30,31,6,5,6,8,8,9,10,10,8,7,12,19,20,21,20,21
1172,Latin America and the Caribbean,,,1830,EUROPE,908,1 853 999,1 621 098,1 440 351,1 285 620,1 177 201,1 087 722,1 022 105,1 159 481,956 476,823 540,730 199,654 488,604 047,563 851,535 012,607 665,897 523,797 558,710 152,631 132,573 154,523 871,487 093,551 816
1173,Latin America and the Caribbean,,,1830,Eastern Europe,923,124 516,96 399,76 264,59 805,49 204,39 554,36 279,44 495,58 389,43 001,32 994,25 790,21 386,17 166,15 736,18 959,66 127,53 398,43 270,34 015,27 818,22 388,20 543,25 536
1174,Latin America and the Caribbean,,,1830,Belarus,112,5,6,8,8,10,11,11,13,3,3,4,4,4,5,6,8,2,3,4,4,6,6,5,5
1175,Latin America and the Caribbean,,,1830,Bulgaria,100,1 843,1 737,1 705,1 452,1 304,1 324,1 343,1 494,957,889,860,722,634,647,655,727,886,848,845,730,670,677,688,767
1176,Latin America and the Caribbean,,,1830,Czechia,203,6 545,4 824,3 651,2 732,2 022,1 092,963,1 060,3 259,2 325,1 733,1 285,932,478,413,397,3 286,2 499,1 918,1 447,1 090,614,550,663
1177,Latin America and the Caribbean,,,1830,Hungary,348,9 759,7 723,6 255,5 119,4 214,2 924,2 047,3 477,4 611,3 577,2 877,2 387,2 004,1 410,990,1 654,5 148,4 146,3 378,2 732,2 210,1 514,1 057,1 823
1178,Latin America and the Caribbean,,,1830,Poland,616,52 445,38 216,28 393,20 760,15 222,10 370,7 843,8 828,24 988,16 934,11 983,8 633,6 363,4 317,3 282,3 566,27 457,21 282,16 410,12 127,8 859,6 053,4 561,5 262
1179,Latin America and the Caribbean,,,1830,Republic of Moldova*,498,9,10,12,17,24,24,23,26,5,4,6,8,13,14,14,16,4,6,6,9,11,10,9,10
1180,Latin America and the Caribbean,,,1830,Romania,642,12 801,9 975,8 216,6 598,5 532,3 997,3 515,4 260,6 210,4 717,3 914,3 059,2 568,1 882,1 739,1 998,6 591,5 258,4 302,3 539,2 964,2 115,1 776,2 262
1181,Latin America and the Caribbean,,,1830,Russian Federation,643,31 441,23 835,18 792,14 332,12 434,11 514,12 127,14 684,13 846,9 971,7 512,5 697,4 957,4 556,4 781,5 686,17 595,13 864,11 280,8 635,7 477,6 958,7 346,8 998
1182,Latin America and the Caribbean,,,1830,Slovakia,703,235,483,440,476,504,536,562,606,118,246,222,239,252,268,282,301,117,237,218,237,252,268,280,305
1183,Latin America and the Caribbean,,,1830,Ukraine*,804,9 433,9 590,8 792,8 311,7 938,7 762,7 845,10 047,4 392,4 335,3 883,3 756,3 659,3 589,3 574,4 606,5 041,5 255,4 909,4 555,4 279,4 173,4 271,5 441
1184,Latin America and the Caribbean,,,1830,Northern Europe,924,47 128,49 859,52 115,54 104,56 884,60 567,64 981,71 212,24 457,25 948,27 335,28 692,30 632,32 989,35 918,37 160,22 671,23 911,24 780,25 412,26 252,27 578,29 063,34 052
1185,Latin America and the Caribbean,,,1830,Channel Islands*,830,101,81,100,71,126,126,148,176,35,29,35,25,42,43,54,64,66,52,65,46,84,83,94,112
1186,Latin America and the Caribbean,,,1830,Denmark*,208,2 058,2 036,2 071,2 068,2 106,2 202,2 296,2 635,1 175,1 167,1 196,1 196,1 220,1 283,1 343,1 460,883,869,875,872,886,919,953,1 175
1187,Latin America and the Caribbean,,,1830,Estonia,233,266,483,450,505,547,634,841,891,123,232,212,237,255,300,404,298,143,251,238,268,292,334,437,593
1188,Latin America and the Caribbean,,,1830,Finland*,246,663,626,620,760,1 006,1 282,1 500,1 379,313,296,290,356,487,659,815,662,350,330,330,404,519,623,685,717
1189,Latin America and the Caribbean,,,1830,Iceland,352,32,618,521,580,562,651,858,913,16,328,277,307,296,346,456,367,16,290,244,273,266,305,402,546
1190,Latin America and the Caribbean,,,1830,Ireland,372,1 324,1 380,1 516,1 489,1 511,1 557,1 612,1 961,709,753,847,852,872,913,952,1 190,615,627,669,637,639,644,660,771
1191,Latin America and the Caribbean,,,1830,Isle of Man*,833,0..,0..,0..,1,2,3,2,2,0..,0..,0..,1,2,3,2,2,0..,0..,0..,0..,0..,0..,0..,0..
1192,Latin America and the Caribbean,,,1830,Latvia,428,169,180,198,236,297,414,762,821,83,88,96,112,142,205,385,183,86,92,102,124,155,209,377,638
1193,Latin America and the Caribbean,,,1830,Lithuania,440,529,1 293,1 168,1 276,1 313,1 466,1 792,1 903,263,663,592,648,666,750,921,804,266,630,576,628,647,716,871,1 099
1194,Latin America and the Caribbean,,,1830,Norway*,578,1 071,1 022,1 039,1 296,1 721,2 076,2 356,2 208,615,580,584,747,1 024,1 247,1 408,1 109,456,442,455,549,697,829,948,1 099
1195,Latin America and the Caribbean,,,1830,Sweden,752,3 765,3 964,4 215,4 205,4 169,4 389,4 542,5 200,1 845,1 929,2 062,2 176,2 277,2 413,2 511,2 488,1 920,2 035,2 153,2 029,1 892,1 976,2 031,2 712
1196,Latin America and the Caribbean,,,1830,United Kingdom*,826,37 150,38 176,40 217,41 617,43 524,45 767,48 272,53 123,19 280,19 883,21 144,22 035,23 349,24 827,26 667,28 533,17 870,18 293,19 073,19 582,20 175,20 940,21 605,24 590
1197,Latin America and the Caribbean,,,1830,Southern Europe,925,1 423 429,1 207 181,1 031 650,891 838,788 391,697 588,623 204,727 110,738 278,615 587,524 307,455 323,406 083,364 191,328 269,385 454,685 151,591 594,507 343,436 515,382 308,333 397,294 935,341 656
1198,Latin America and the Caribbean,,,1830,Albania,8,319,245,293,151,181,283,521,599,166,127,146,76,91,146,275,208,153,118,147,75,90,137,246,391
1199,Latin America and the Caribbean,,,1830,Andorra,20,2,1,0..,0..,0..,0..,0..,0..,1,0..,0..,0..,0..,0..,0..,0..,1,1,0..,0..,0..,0..,0..,0..
1200,Latin America and the Caribbean,,,1830,Bosnia and Herzegovina,70,27,27,27,31,37,40,37,37,18,18,18,21,25,26,26,26,9,9,9,10,12,14,11,11
1201,Latin America and the Caribbean,,,1830,Croatia,191,3 336,3 933,3 486,3 176,2 787,2 473,2 191,2 354,1 691,1 958,1 725,1 583,1 411,1 281,1 146,1 144,1 645,1 975,1 761,1 593,1 376,1 192,1 045,1 210
1202,Latin America and the Caribbean,,,1830,Gibraltar*,292,3,3,5,4,5,4,4,5,0..,0..,1,0..,0..,0..,0..,0..,3,3,4,4,5,4,4,5
1203,Latin America and the Caribbean,,,1830,Greece,300,8 794,7 578,6 651,5 609,4 717,3 791,2 982,4 374,5 141,4 338,3 767,3 146,2 640,2 140,1 723,2 401,3 653,3 240,2 884,2 463,2 077,1 651,1 259,1 973
1204,Latin America and the Caribbean,,,1830,Holy See*,336,20,25,33,48,72,122,282,311,10,12,16,23,34,61,144,54,10,13,17,25,38,61,138,257
1205,Latin America and the Caribbean,,,1830,Italy,380,513 244,438 034,375 628,317 699,273 442,229 964,195 885,194 018,271 226,225 401,192 431,163 179,141 905,121 779,104 808,108 849,242 018,212 633,183 197,154 520,131 537,108 185,91 077,85 169
1206,Latin America and the Caribbean,,,1830,Malta,470,39,41,42,35,29,31,30,33,19,17,15,15,17,20,19,21,20,24,27,20,12,11,11,12
1207,Latin America and the Caribbean,,,1830,Montenegro,499,1 365,1 327,1 294,1 370,1 492,1 547,1 567,1 587,670,624,598,635,695,718,701,696,695,703,696,735,797,829,866,891
1208,Latin America and the Caribbean,,,1830,North Macedonia,807,32,25,27,35,63,65,70,80,23,18,18,22,37,40,44,50,9,7,9,13,26,25,26,30
1209,Latin America and the Caribbean,,,1830,Portugal,620,360 190,312 457,274 411,237 455,198 815,164 465,128 536,206 245,195 123,167 369,145 505,125 307,104 797,86 555,67 649,104 884,165 067,145 088,128 906,112 148,94 018,77 910,60 887,101 361
1210,Latin America and the Caribbean,,,1830,Serbia*,688,18 026,12 536,8 797,3 202,1 759,1 352,1 162,1 360,8 352,5 753,4 071,1 485,823,672,589,575,9 674,6 783,4 726,1 717,936,680,573,785
1211,Latin America and the Caribbean,,,1830,Slovenia,705,2 200,2 153,1 869,1 649,1 432,1 248,1 158,1 261,1 091,1 028,879,783,688,606,551,598,1 109,1 125,990,866,744,642,607,663
1212,Latin America and the Caribbean,,,1830,Spain*,724,515 832,428 796,359 087,321 374,303 560,292 203,288 779,314 846,254 747,208 924,175 117,159 048,152 920,150 147,150 594,165 948,261 085,219 872,183 970,162 326,150 640,142 056,138 185,148 898
1213,Latin America and the Caribbean,,,1830,Western Europe,926,258 926,267 659,280 322,279 873,282 722,290 013,297 641,316 664,135 352,139 004,145 563,144 683,145 946,149 505,155 089,166 092,123 574,128 655,134 759,135 190,136 776,140 508,142 552,150 572
1214,Latin America and the Caribbean,,,1830,Austria,40,14 337,12 031,10 389,8 674,7 197,6 300,5 525,6 946,7 447,6 220,5 457,4 445,3 585,3 180,2 843,3 286,6 890,5 811,4 932,4 229,3 612,3 120,2 682,3 660
1215,Latin America and the Caribbean,,,1830,Belgium,56,8 405,8 377,8 380,8 352,8 581,8 869,9 096,10 150,4 417,4 375,4 404,4 523,4 829,5 152,5 461,5 817,3 988,4 002,3 976,3 829,3 752,3 717,3 635,4 333
1216,Latin America and the Caribbean,,,1830,France*,250,115 685,132 918,150 846,156 818,163 921,173 237,179 632,181 942,60 298,68 181,76 595,78 337,80 765,84 203,88 061,90 021,55 387,64 737,74 251,78 481,83 156,89 034,91 571,91 921
1217,Latin America and the Caribbean,,,1830,Germany,276,80 926,73 930,68 718,64 176,60 786,57 987,57 624,62 896,41 025,37 711,35 709,33 950,32 955,32 101,32 318,36 320,39 901,36 219,33 009,30 226,27 831,25 886,25 306,26 576
1218,Latin America and the Caribbean,,,1830,Liechtenstein,438,5,4,4,4,5,4,4,5,3,2,3,2,3,3,3,4,2,2,1,2,2,1,1,1
1219,Latin America and the Caribbean,,,1830,Luxembourg,442,11,13,19,15,21,22,24,29,5,4,6,6,8,9,10,12,6,9,13,9,13,13,14,17
1220,Latin America and the Caribbean,,,1830,Monaco,492,3,2,1,2,2,1,1,1,1,1,1,2,2,1,1,1,2,1,0..,0..,0..,0..,0..,0..
1221,Latin America and the Caribbean,,,1830,Netherlands*,528,24 976,25 756,26 948,27 657,28 425,29 756,31 849,40 102,13 460,13 856,14 540,15 083,15 697,16 610,18 000,22 343,11 516,11 900,12 408,12 574,12 728,13 146,13 849,17 759
1222,Latin America and the Caribbean,,,1830,Switzerland,756,14 578,14 628,15 017,14 175,13 784,13 837,13 886,14 593,8 696,8 654,8 848,8 335,8 102,8 246,8 392,8 288,5 882,5 974,6 169,5 840,5 682,5 591,5 494,6 305
1223,Latin America and the Caribbean,,,1830,LATIN AMERICA AND THE CARIBBEAN,904,3 700 702,3 674 872,3 787 986,4 267 969,5 351 426,5 968 907,10 977 915,14 032 392,1 818 100,1 796 785,1 850 064,2 073 866,2 600 713,2 948 595,5 479 985,6 989 319,1 882 602,1 878 087,1 937 922,2 194 103,2 750 713,3 020 312,5 497 930,7 043 073
1224,Latin America and the Caribbean,,,1830,Caribbean,915,559 325,613 574,672 020,725 758,800 541,1 018 342,1 316 892,1 564 752,297 561,324 677,353 818,382 935,422 942,569 148,764 349,903 069,261 764,288 897,318 202,342 823,377 599,449 194,552 543,661 683
1225,Latin America and the Caribbean,,,1830,Anguilla*,660,2 242,2 172,2 111,1 729,1 673,1 533,1 523,1 565,1 154,1 119,1 086,888,867,800,798,815,1 088,1 053,1 025,841,806,733,725,750
1226,Latin America and the Caribbean,,,1830,Antigua and Barbuda,28,6 650,7 100,7 634,7 428,7 590,7 844,8 121,8 339,3 011,3 207,3 450,3 393,3 479,3 594,3 732,3 759,3 639,3 893,4 184,4 035,4 111,4 250,4 389,4 580
1227,Latin America and the Caribbean,,,1830,Aruba*,533,4 192,4 288,4 436,3 917,4 313,4 571,4 943,5 827,1 773,1 814,1 883,1 665,1 848,1 960,2 146,2 504,2 419,2 474,2 553,2 252,2 465,2 611,2 797,3 323
1228,Latin America and the Caribbean,,,1830,Bahamas,44,1 744,1 720,1 758,1 606,1 457,1 498,1 579,1 698,878,864,880,806,740,765,814,875,866,856,878,800,717,733,765,823
1229,Latin America and the Caribbean,,,1830,Barbados,52,5 440,5 422,5 149,5 247,4 548,4 727,5 140,6 004,2 765,2 776,2 641,2 693,2 322,2 432,2 742,3 081,2 675,2 646,2 508,2 554,2 226,2 295,2 398,2 923
1230,Latin America and the Caribbean,,,1830,"Bonaire, Sint Eustatius and Saba*",535,2 852,2 947,3 052,3 016,2 883,3 099,3 524,4 744,1 221,1 271,1 322,1 310,1 252,1 345,1 559,2 087,1 631,1 676,1 730,1 706,1 631,1 754,1 965,2 657
1231,Latin America and the Caribbean,,,1830,British Virgin Islands*,92,3 787,3 873,3 985,3 565,3 924,3 992,4 065,4 175,1 612,1 653,1 710,1 535,1 715,1 747,1 781,1 819,2 175,2 220,2 275,2 030,2 209,2 245,2 284,2 356
1232,Latin America and the Caribbean,,,1830,Cayman Islands*,136,104,107,115,134,167,235,373,402,55,57,62,71,90,128,201,127,49,50,53,63,77,107,172,275
1233,Latin America and the Caribbean,,,1830,Cuba,192,61 064,61 622,66 014,68 547,79 313,89 889,140 130,190 070,31 009,31 218,33 576,35 136,41 184,47 281,79 852,110 625,30 055,30 404,32 438,33 411,38 129,42 608,60 278,79 445
1234,Latin America and the Caribbean,,,1830,Curaçao*,531,2 918,3 661,4 563,4 150,5 113,5 341,5 687,6 787,1 449,1 830,2 294,2 110,2 622,2 734,2 894,3 468,1 469,1 831,2 269,2 040,2 491,2 607,2 793,3 319
1235,Latin America and the Caribbean,,,1830,Dominica,212,18 156,19 936,21 891,20 757,20 660,20 891,20 756,21 297,7 887,8 929,10 043,9 287,9 065,9 081,8 979,9 200,10 269,11 007,11 848,11 470,11 595,11 810,11 777,12 097
1236,Latin America and the Caribbean,,,1830,Dominican Republic,214,80 384,95 590,111 735,118 382,123 808,129 425,137 493,144 487,32 914,40 314,47 997,51 281,53 352,55 188,58 126,59 944,47 470,55 276,63 738,67 101,70 456,74 237,79 367,84 543
1237,Latin America and the Caribbean,,,1830,Grenada,308,19 388,17 927,14 026,14 755,10 368,10 680,11 611,15 761,8 807,8 133,6 193,6 542,4 520,4 729,5 877,8 030,10 581,9 794,7 833,8 213,5 848,5 951,5 734,7 731
1238,Latin America and the Caribbean,,,1830,Guadeloupe*,312,7 480,8 348,9 217,8 478,9 522,10 481,10 813,11 144,3 350,3 630,3 910,3 432,3 785,3 977,4 158,4 330,4 130,4 718,5 307,5 046,5 737,6 504,6 655,6 814
1239,Latin America and the Caribbean,,,1830,Haiti,332,233 817,260 942,288 726,337 832,398 753,595 466,825 181,993 632,149 481,163 973,178 822,205 082,237 949,374 544,527 511,622 847,84 336,96 969,109 904,132 750,160 804,220 922,297 670,370 785
1240,Latin America and the Caribbean,,,1830,Jamaica,388,16 483,19 632,24 389,26 030,32 268,34 864,38 086,42 532,6 691,7 955,9 922,10 640,13 491,14 572,16 182,18 102,9 792,11 677,14 467,15 390,18 777,20 292,21 904,24 430
1241,Latin America and the Caribbean,,,1830,Martinique*,474,10 817,12 290,13 789,13 927,14 107,11 994,12 228,12 478,5 494,5 931,6 385,6 409,6 451,5 200,5 282,5 410,5 323,6 359,7 404,7 518,7 656,6 794,6 946,7 068
1242,Latin America and the Caribbean,,,1830,Montserrat*,500,2 004,2 270,2 573,2 750,2 908,3 054,3 157,3 254,950,1 092,1 255,1 355,1 438,1 516,1 572,1 621,1 054,1 178,1 318,1 395,1 470,1 538,1 585,1 633
1243,Latin America and the Caribbean,,,1830,Puerto Rico*,630,18 583,19 634,20 986,18 221,16 440,15 759,16 566,17 911,8 841,9 263,9 859,8 956,8 583,8 353,8 877,9 564,9 742,10 371,11 127,9 265,7 857,7 406,7 689,8 347
1244,Latin America and the Caribbean,,,1830,Saint Kitts and Nevis,659,9 828,10 799,11 785,11 961,11 496,12 120,13 100,13 817,4 546,5 002,5 467,5 633,5 345,5 637,6 229,6 689,5 282,5 797,6 318,6 328,6 151,6 483,6 871,7 128
1245,Latin America and the Caribbean,,,1830,Saint Lucia,662,12 316,13 445,14 505,13 606,12 801,12 943,13 288,14 041,5 651,6 119,6 535,6 175,5 825,5 779,6 014,6 411,6 665,7 326,7 970,7 431,6 976,7 164,7 274,7 630
1246,Latin America and the Caribbean,,,1830,Saint Vincent and the Grenadines,670,18 934,18 718,17 449,17 690,14 575,15 343,16 526,20 349,8 552,8 490,7 918,8 009,6 632,7 060,8 185,10 157,10 382,10 228,9 531,9 681,7 943,8 283,8 341,10 192
1247,Latin America and the Caribbean,,,1830,Sint Maarten (Dutch part)*,534,1 108,1 320,1 594,1 655,1 698,1 793,1 945,2 464,513,618,764,798,825,874,953,1 207,595,702,830,857,873,919,992,1 257
1248,Latin America and the Caribbean,,,1830,Trinidad and Tobago,780,14 670,15 580,16 393,16 005,15 601,15 974,16 155,16 835,6 936,7 258,7 518,7 370,7 194,7 365,7 376,7 757,7 734,8 322,8 875,8 635,8 407,8 609,8 779,9 078
1249,Latin America and the Caribbean,,,1830,Turks and Caicos Islands*,796,2 087,1 293,497,982,1 466,1 585,1 695,1 794,897,564,230,414,597,639,685,724,1 190,729,267,568,869,946,1 010,1 070
1250,Latin America and the Caribbean,,,1830,United States Virgin Islands*,850,2 277,2 938,3 648,3 388,3 089,3 241,3 207,3 345,1 124,1 597,2 096,1 945,1 771,1 848,1 824,1 916,1 153,1 341,1 552,1 443,1 318,1 393,1 383,1 429
1251,Latin America and the Caribbean,,,1830,Central America,916,918 726,678 540,528 926,572 907,646 926,715 903,921 361,1 170 998,442 058,328 641,257 070,274 738,305 623,339 165,457 272,588 302,476 668,349 899,271 856,298 169,341 303,376 738,464 089,582 696
1252,Latin America and the Caribbean,,,1830,Belize,84,3 483,3 573,3 784,4 298,5 153,5 855,6 588,7 274,1 551,1 632,1 784,2 065,2 538,2 905,3 285,3 561,1 932,1 941,2 000,2 233,2 615,2 950,3 303,3 713
1253,Latin America and the Caribbean,,,1830,Costa Rica,188,20 685,19 897,22 910,25 657,27 784,31 598,35 560,42 315,9 370,8 999,10 607,12 213,13 555,15 514,17 698,20 769,11 315,10 898,12 303,13 444,14 229,16 084,17 862,21 546
1254,Latin America and the Caribbean,,,1830,El Salvador,222,439 597,232 409,49 233,51 111,62 500,74 767,106 973,133 504,203 819,107 346,22 271,21 729,25 550,31 497,48 898,62 002,235 778,125 063,26 962,29 382,36 950,43 270,58 075,71 502
1255,Latin America and the Caribbean,,,1830,Guatemala,320,84 367,85 925,76 333,67 342,77 199,93 176,115 811,138 563,43 819,44 139,38 133,32 575,37 156,44 963,57 161,69 461,40 548,41 786,38 200,34 767,40 043,48 213,58 650,69 102
1256,Latin America and the Caribbean,,,1830,Honduras,340,41 922,40 220,41 252,47 072,58 106,73 197,137 979,228 315,18 273,17 738,18 434,21 169,26 455,34 169,70 946,121 833,23 649,22 482,22 818,25 903,31 651,39 028,67 033,106 482
1257,Latin America and the Caribbean,,,1830,Mexico,484,45 891,49 809,54 850,58 626,66 116,75 201,86 619,93 560,21 102,23 405,26 317,29 162,33 821,38 657,44 597,48 478,24 789,26 404,28 533,29 464,32 295,36 544,42 022,45 082
1258,Latin America and the Caribbean,,,1830,Nicaragua,558,262 307,227 741,259 263,302 131,328 398,339 022,405 930,497 523,133 800,115 744,128 636,147 444,155 613,159 788,201 142,246 709,128 507,111 997,130 627,154 687,172 785,179 234,204 788,250 814
1259,Latin America and the Caribbean,,,1830,Panama,591,20 474,18 966,21 301,16 670,21 670,23 087,25 901,29 944,10 324,9 638,10 888,8 381,10 935,11 672,13 545,15 489,10 150,9 328,10 413,8 289,10 735,11 415,12 356,14 455
1260,Latin America and the Caribbean,,,1830,South America,931,2 222 651,2 382 758,2 587 040,2 969 304,3 903 959,4 234 662,8 739 662,11 296 642,1 078 481,1 143 467,1 239 176,1 416 193,1 872 148,2 040 282,4 258 364,5 497 948,1 144 170,1 239 291,1 347 864,1 553 111,2 031 811,2 194 380,4 481 298,5 798 694
1261,Latin America and the Caribbean,,,1830,Argentina,32,166 835,191 026,218 588,240 279,257 220,279 351,314 917,351 470,82 311,95 475,110 752,122 199,131 310,143 183,162 767,181 642,84 524,95 551,107 836,118 080,125 910,136 168,152 150,169 828
1262,Latin America and the Caribbean,,,1830,Bolivia (Plurinational State of),68,189 738,221 844,260 362,324 740,416 407,462 063,540 767,565 870,100 303,113 258,131 999,163 319,207 437,227 334,257 769,264 343,89 435,108 586,128 363,161 421,208 970,234 729,282 998,301 527
1263,Latin America and the Caribbean,,,1830,Brazil,76,196 517,188 163,179 751,192 097,204 945,226 039,256 492,292 545,101 119,94 515,87 463,93 454,99 488,110 608,125 450,143 711,95 398,93 648,92 288,98 643,105 457,115 431,131 042,148 834
1264,Latin America and the Caribbean,,,1830,Chile,152,286 436,280 529,275 972,265 856,256 037,243 008,232 326,235 656,147 713,139 869,136 209,129 930,124 047,117 135,110 034,112 608,138 723,140 660,139 763,135 926,131 990,125 873,122 292,123 048
1265,Latin America and the Caribbean,,,1830,Colombia,170,644 178,689 344,736 095,842 873,1 335 136,1 421 500,1 505 994,1 510 607,301 658,325 779,350 474,397 602,640 744,678 474,711 984,715 462,342 520,363 565,385 621,445 271,694 392,743 026,794 010,795 145
1266,Latin America and the Caribbean,,,1830,Ecuador,218,43 556,49 770,59 200,69 493,86 684,103 294,124 919,140 306,21 946,24 717,28 921,33 885,42 248,50 372,61 370,69 971,21 610,25 053,30 279,35 608,44 436,52 922,63 549,70 335
1267,Latin America and the Caribbean,,,1830,Falkland Islands (Malvinas)*,238,968,1 724,1 395,980,283,71,13,13,871,1 462,1 001,575,129,23,3,1,97,262,394,405,154,48,10,12
1268,Latin America and the Caribbean,,,1830,French Guiana*,254,3 040,3 254,3 550,3 692,3 815,4 106,4 128,4 490,1 380,1 429,1 506,1 558,1 599,1 647,1 676,1 908,1 660,1 825,2 044,2 134,2 216,2 459,2 452,2 582
1269,Latin America and the Caribbean,,,1830,Guyana,328,28 400,33 471,40 341,46 054,57 206,61 073,64 738,71 987,13 627,15 959,19 038,21 954,27 810,29 675,32 328,36 184,14 773,17 512,21 303,24 100,29 396,31 398,32 410,35 803
1270,Latin America and the Caribbean,,,1830,Paraguay,600,312 330,332 485,354 804,443 506,588 230,595 325,591 966,588 777,130 525,138 213,150 920,192 893,261 332,270 284,267 320,266 580,181 805,194 272,203 884,250 613,326 898,325 041,324 646,322 197
1271,Latin America and the Caribbean,,,1830,Peru,604,93 602,126 562,185 129,258 217,395 669,447 535,513 003,548 082,47 126,61 931,87 414,121 531,189 139,220 262,257 664,281 801,46 476,64 631,97 715,136 686,206 530,227 273,255 339,266 281
1272,Latin America and the Caribbean,,,1830,Suriname,740,19 906,20 931,21 973,27 602,31 963,30 052,33 589,39 621,10 355,10 544,10 736,13 196,15 051,14 223,15 892,18 800,9 551,10 387,11 237,14 406,16 912,15 829,17 697,20 821
1273,Latin America and the Caribbean,,,1830,Uruguay,858,153 241,154 921,157 341,157 786,157 126,150 413,143 596,141 101,78 090,76 691,77 430,77 435,76 943,73 562,68 961,67 320,75 151,78 230,79 911,80 351,80 183,76 851,74 635,73 781
1274,Latin America and the Caribbean,,,1830,Venezuela (Bolivarian Republic of),862,83 904,88 734,92 539,96 129,113 238,210 832,4 413 214,6 806 117,41 457,43 625,45 313,46 662,54 871,103 500,2 185 146,3 337 617,42 447,45 109,47 226,49 467,58 367,107 332,2 228 068,3 468 500
1275,Latin America and the Caribbean,,,1830,NORTHERN AMERICA,905,635 948,703 679,798 054,969 667,1 191 678,1 217 999,1 267 159,1 298 131,313 882,349 467,398 920,487 645,602 909,617 444,643 783,660 632,322 066,354 212,399 134,482 022,588 769,600 555,623 376,637 499
1276,Latin America and the Caribbean,,,1830,Bermuda*,60,90,97,116,160,211,265,427,465,55,58,70,89,114,147,233,149,35,39,46,71,97,118,194,316
1277,Latin America and the Caribbean,,,1830,Canada,124,29 540,32 415,36 285,35 860,37 376,40 912,45 456,52 249,14 449,16 203,18 547,18 611,19 850,21 910,24 769,27 997,15 091,16 212,17 738,17 249,17 526,19 002,20 687,24 252
1278,Latin America and the Caribbean,,,1830,Greenland*,304,471,414,478,329,358,388,436,481,178,167,207,160,189,210,237,261,293,247,271,169,169,178,199,220
1279,Latin America and the Caribbean,,,1830,Saint Pierre and Miquelon*,666,50,59,71,85,104,111,122,156,27,33,40,48,57,62,70,88,23,26,31,37,47,49,52,68
1280,Latin America and the Caribbean,,,1830,United States of America*,840,605 797,670 694,761 104,933 233,1 153 629,1 176 323,1 220 718,1 244 780,299 173,333 006,380 056,468 737,582 699,595 115,618 474,632 137,306 624,337 688,381 048,464 496,570 930,581 208,602 244,612 643
1281,Latin America and the Caribbean,,,1830,OCEANIA,909,5 944,6 507,6 554,6 458,6 600,6 898,7 313,8 417,2 853,3 111,3 233,3 320,3 535,3 866,4 218,4 210,3 091,3 396,3 321,3 138,3 065,3 032,3 095,4 207
1282,Latin America and the Caribbean,,,1830,Australia/New Zealand,927,5 506,5 870,5 872,6 103,6 400,6 706,7 015,8 090,2 761,2 918,2 928,3 137,3 434,3 767,4 065,4 137,2 745,2 952,2 944,2 966,2 966,2 939,2 950,3 953
1283,Latin America and the Caribbean,,,1830,Australia*,36,5 050,5 022,5 012,5 138,5 418,5 596,5 805,6 766,2 539,2 483,2 480,2 640,2 939,3 197,3 434,3 576,2 511,2 539,2 532,2 498,2 479,2 399,2 371,3 190
1284,Latin America and the Caribbean,,,1830,New Zealand*,554,456,848,860,965,982,1 110,1 210,1 324,222,435,448,497,495,570,631,561,234,413,412,468,487,540,579,763
1285,Latin America and the Caribbean,,,1830,Melanesia,928,160,272,226,172,92,46,7,7,48,96,92,80,48,26,4,4,112,176,134,92,44,20,3,3
1286,Latin America and the Caribbean,,,1830,Fiji,242,1,2,3,3,2,1,1,1,0..,0..,0..,0..,0..,0..,0..,0..,1,2,3,3,2,1,1,1
1287,Latin America and the Caribbean,,,1830,New Caledonia*,540,0..,1,1,1,0..,0..,0..,0..,0..,1,1,1,0..,0..,0..,0..,0..,0..,0..,0..,0..,0..,0..,0..
1288,Latin America and the Caribbean,,,1830,Papua New Guinea,598,0..,1,1,1,1,2,1,1,0..,0..,0..,0..,1,2,1,1,0..,1,1,1,0..,0..,0..,0..
1289,Latin America and the Caribbean,,,1830,Solomon Islands,90,0..,0..,0..,1,1,2,1,1,0..,0..,0..,0..,0..,0..,0..,0..,0..,0..,0..,1,1,2,1,1
1290,Latin America and the Caribbean,,,1830,Vanuatu,548,159,268,221,166,88,41,4,4,48,95,91,79,47,24,3,3,111,173,130,87,41,17,1,1
1291,Latin America and the Caribbean,,,1830,Micronesia,954,239,276,318,74,20,15,16,17,26,55,148,53,15,11,12,13,213,221,170,21,5,4,4,4
1292,Latin America and the Caribbean,,,1830,Guam*,316,239,276,318,74,20,15,16,17,26,55,148,53,15,11,12,13,213,221,170,21,5,4,4,4
1293,Latin America and the Caribbean,,,1830,Polynesia*,957,39,89,138,109,88,131,275,303,18,42,65,50,38,62,137,56,21,47,73,59,50,69,138,247
1294,Latin America and the Caribbean,,,1830,Cook Islands*,184,9,10,11,10,9,8,8,9,3,3,3,3,2,2,2,2,6,7,8,7,7,6,6,7
1295,Latin America and the Caribbean,,,1830,French Polynesia*,258,18,23,30,44,66,110,255,281,9,11,14,21,31,55,130,49,9,12,16,23,35,55,125,232
1296,Latin America and the Caribbean,,,1830,Niue*,570,0..,41,81,41,1,2,1,1,0..,21,41,20,0..,0..,0..,0..,0..,20,40,21,1,2,1,1
1297,Latin America and the Caribbean,,,1830,Tonga,776,0..,1,1,1,0..,0..,0..,0..,0..,0..,0..,0..,0..,0..,0..,0..,0..,1,1,1,0..,0..,0..,0..
1298,Latin America and the Caribbean,,,1830,Wallis and Futuna Islands*,876,12,14,15,13,12,11,11,12,6,7,7,6,5,5,5,5,6,7,8,7,7,6,6,7
1299,Latin America and the Caribbean,,,1830,Others,2003,745 192,403 908,243 161,265 169,216 390,457 239,576 398,515 336,388 074,212 732,122 924,134 402,113 100,227 899,283 427,255 144,357 118,191 176,120 237,130 767,103 290,229 340,292 971,260 192
1300,Oceania (excluding Australia and New Zealand),,,1835,World,900,258 678,280 580,296 618,306 039,298 175,302 810,313 069,321 771,144 238,153 072,156 788,161 215,158 458,160 348,165 505,170 045,114 440,127 508,139 830,144 824,139 717,142 462,147 564,151 726
1301,Oceania (excluding Australia and New Zealand),,,1835,Sub-Saharan Africa,1834,73,82,80,92,69,66,54,54,41,47,47,55,42,47,40,40,32,35,33,37,27,19,14,14
1302,Oceania (excluding Australia and New Zealand),,,1835,Northern Africa and Western Asia,1833,2 143,2 446,2 737,2 901,3 008,2 440,2 546,2 639,1 259,1 418,1 569,1 667,1 737,1 329,1 383,1 430,884,1 028,1 168,1 234,1 271,1 111,1 163,1 209
1303,Oceania (excluding Australia and New Zealand),,,1835,Central and Southern Asia,1831,5 227,5 431,5 546,5 496,5 645,5 849,6 020,6 183,2 827,3 084,3 300,3 344,3 343,3 490,3 613,3 719,2 400,2 347,2 246,2 152,2 302,2 359,2 407,2 464
1304,Oceania (excluding Australia and New Zealand),,,1835,Eastern and South-Eastern Asia,1832,70 540,81 210,92 451,91 476,82 438,80 083,82 715,84 946,38 798,42 255,44 620,44 293,41 937,40 628,41 896,43 042,31 742,38 955,47 831,47 183,40 501,39 455,40 819,41 904
1305,Oceania (excluding Australia and New Zealand),,,1835,Latin America and the Caribbean,1830,1 117,1 327,1 606,3 473,4 933,4 861,5 094,5 292,555,670,785,1 698,2 437,2 407,2 527,2 628,562,657,821,1 775,2 496,2 454,2 567,2 664
1306,Oceania (excluding Australia and New Zealand),,,1835,Oceania (excluding Australia and New Zealand),1835,55 191,61 890,68 468,68 242,65 111,67 700,69 783,71 632,28 327,31 742,34 827,34 709,33 223,34 236,35 269,36 202,26 864,30 148,33 641,33 533,31 888,33 464,34 514,35 430
1307,Oceania (excluding Australia and New Zealand),,,1835,Australia/New Zealand,1836,25 034,25 995,22 277,22 675,21 187,21 043,21 372,21 679,14 104,14 980,13 087,13 462,12 581,12 562,12 745,12 904,10 930,11 015,9 190,9 213,8 606,8 481,8 627,8 775
1308,Oceania (excluding Australia and New Zealand),,,1835,Europe and Northern America,1829,78 727,80 022,79 730,85 857,89 303,97 412,101 312,104 592,47 385,47 333,46 419,48 572,49 356,53 803,55 821,57 589,31 342,32 689,33 311,37 285,39 947,43 609,45 491,47 003
1309,Oceania (excluding Australia and New Zealand),,,1835,More developed regions,901,107 527,109 870,106 042,112 346,113 822,121 702,126 045,129 737,63 476,64 350,61 626,64 067,63 718,68 106,70 365,72 345,44 051,45 520,44 416,48 279,50 104,53 596,55 680,57 392
1310,Oceania (excluding Australia and New Zealand),,,1835,Less developed regions,902,130 525,148 533,166 853,167 866,157 872,157 752,162 851,167 280,69 820,77 179,83 028,83 733,80 938,80 396,82 929,85 209,60 705,71 354,83 825,84 133,76 934,77 356,79 922,82 071
1311,Oceania (excluding Australia and New Zealand),,,1835,Least developed countries,941,8 325,8 511,8 633,8 217,6 823,6 625,6 817,7 019,4 451,4 642,4 813,4 630,3 817,3 677,3 793,3 898,3 874,3 869,3 820,3 587,3 006,2 948,3 024,3 121
1312,Oceania (excluding Australia and New Zealand),,,1835,"Less developed regions, excluding least developed countries",934,122 200,140 022,158 220,159 649,151 049,151 127,156 034,160 261,65 369,72 537,78 215,79 103,77 121,76 719,79 136,81 311,56 831,67 485,80 005,80 546,73 928,74 408,76 898,78 950
1313,Oceania (excluding Australia and New Zealand),,,1835,"Less developed regions, excluding China",948,123 205,135 082,146 514,152 051,149 117,149 316,154 219,158 463,66 222,71 998,76 395,78 441,77 352,76 854,79 288,81 474,56 983,63 084,70 119,73 610,71 765,72 462,74 931,76 989
1314,Oceania (excluding Australia and New Zealand),,,1835,Land-locked Developing Countries (LLDC),1636,671,788,918,944,908,715,749,781,377,443,517,523,476,343,357,371,294,345,401,421,432,372,392,410
1315,Oceania (excluding Australia and New Zealand),,,1835,Small Island Developing States (SIDS),1637,50 630,56 649,62 605,64 216,62 515,61 289,62 921,64 389,25 936,29 044,31 822,32 685,32 002,31 263,32 112,32 870,24 694,27 605,30 783,31 531,30 513,30 026,30 809,31 519
1316,Oceania (excluding Australia and New Zealand),,,1835,High-and-upper-middle-income countries,5503,151 711,160 763,164 821,170 644,166 770,174 130,179 609,184 338,86 344,89 365,88 044,90 705,90 117,94 286,97 181,99 702,65 367,71 398,76 777,79 939,76 653,79 844,82 428,84 636
1317,Oceania (excluding Australia and New Zealand),,,1835,Low-and-Lower-middle-income countries,5504,80 540,90 942,100 487,101 942,97 275,93 935,97 219,100 030,43 930,48 718,52 755,53 301,50 814,48 768,50 359,51 820,36 610,42 224,47 732,48 641,46 461,45 167,46 860,48 210
1318,Oceania (excluding Australia and New Zealand),,,1835,High-income countries,1503,126 239,129 817,127 432,134 342,134 524,141 925,146 875,151 106,72 756,74 386,72 351,75 060,74 140,78 354,80 913,83 171,53 483,55 431,55 081,59 282,60 384,63 571,65 962,67 935
1319,Oceania (excluding Australia and New Zealand),,,1835,Low-and-middle-income countries,1859,106 012,121 888,137 876,138 244,129 521,126 140,129 953,133 262,57 518,63 697,68 448,68 946,66 791,64 700,66 627,68 351,48 494,58 191,69 428,69 298,62 730,61 440,63 326,64 911
1320,Oceania (excluding Australia and New Zealand),,,1835,Middle-income countries,1517,106 012,121 888,137 876,138 244,129 521,126 140,129 953,133 262,57 518,63 697,68 448,68 946,66 791,64 700,66 627,68 351,48 494,58 191,69 428,69 298,62 730,61 440,63 326,64 911
1321,Oceania (excluding Australia and New Zealand),,,1835,Upper-middle-income countries,1502,25 472,30 946,37 389,36 302,32 246,32 205,32 734,33 232,13 588,14 979,15 693,15 645,15 977,15 932,16 268,16 531,11 884,15 967,21 696,20 657,16 269,16 273,16 466,16 701
1322,Oceania (excluding Australia and New Zealand),,,1835,Lower-middle-income countries,1501,80 540,90 942,100 487,101 942,97 275,93 935,97 219,100 030,43 930,48 718,52 755,53 301,50 814,48 768,50 359,51 820,36 610,42 224,47 732,48 641,46 461,45 167,46 860,48 210
1323,Oceania (excluding Australia and New Zealand),,,1835,No income group available,1518,5 801,6 698,7 587,7 626,7 649,11 389,12 068,12 649,3 022,3 446,3 855,3 794,3 725,5 448,5 754,6 032,2 779,3 252,3 732,3 832,3 924,5 941,6 314,6 617
1324,Oceania (excluding Australia and New Zealand),,,1835,AFRICA,903,2 216,2 528,2 817,2 993,3 077,2 506,2 600,2 693,1 300,1 465,1 616,1 722,1 779,1 376,1 423,1 470,916,1 063,1 201,1 271,1 298,1 130,1 177,1 223
1325,Oceania (excluding Australia and New Zealand),,,1835,Eastern Africa,910,73,82,80,92,69,66,54,54,41,47,47,55,42,47,40,40,32,35,33,37,27,19,14,14
1326,Oceania (excluding Australia and New Zealand),,,1835,Mayotte,175,35,44,52,58,41,38,27,27,19,24,28,30,23,26,18,18,16,20,24,28,18,12,9,9
1327,Oceania (excluding Australia and New Zealand),,,1835,United Republic of Tanzania,834,38,38,28,34,28,28,27,27,22,23,19,25,19,21,22,22,16,15,9,9,9,7,5,5
1328,Oceania (excluding Australia and New Zealand),,,1835,Northern Africa,912,2 143,2 446,2 737,2 901,3 008,2 440,2 546,2 639,1 259,1 418,1 569,1 667,1 737,1 329,1 383,1 430,884,1 028,1 168,1 234,1 271,1 111,1 163,1 209
1329,Oceania (excluding Australia and New Zealand),,,1835,Algeria,12,1 118,1 258,1 386,1 462,1 480,1 267,1 302,1 333,677,751,817,864,882,731,749,765,441,507,569,598,598,536,553,568
1330,Oceania (excluding Australia and New Zealand),,,1835,Morocco,504,479,555,631,672,714,548,581,610,274,314,354,378,403,282,299,314,205,241,277,294,311,266,282,296
1331,Oceania (excluding Australia and New Zealand),,,1835,Tunisia,788,546,633,720,767,814,625,663,696,308,353,398,425,452,316,335,351,238,280,322,342,362,309,328,345
1332,Oceania (excluding Australia and New Zealand),,,1835,ASIA,935,75 767,86 641,97 997,96 972,88 083,85 932,88 735,91 129,41 625,45 339,47 920,47 637,45 280,44 118,45 509,46 761,34 142,41 302,50 077,49 335,42 803,41 814,43 226,44 368
1333,Oceania (excluding Australia and New Zealand),,,1835,Eastern Asia,906,17 492,23 049,29 667,24 927,16 896,16 335,16 808,17 242,8 809,10 184,11 511,9 993,7 743,7 587,7 830,8 051,8 683,12 865,18 156,14 934,9 153,8 748,8 978,9 191
1334,Oceania (excluding Australia and New Zealand),,,1835,China,156,7 312,13 444,20 331,15 800,8 737,8 415,8 612,8 797,3 595,5 177,6 629,5 283,3 573,3 528,3 627,3 721,3 717,8 267,13 702,10 517,5 164,4 887,4 985,5 076
1335,Oceania (excluding Australia and New Zealand),,,1835,"China, Hong Kong SAR",344,8,7,8,15,18,21,20,20,3,4,4,9,13,14,14,14,5,3,4,6,5,7,6,6
1336,Oceania (excluding Australia and New Zealand),,,1835,Japan,392,3 766,3 853,4 035,3 814,3 332,3 247,3 361,3 466,1 987,2 037,2 120,2 033,1 781,1 741,1 799,1 852,1 779,1 816,1 915,1 781,1 551,1 506,1 562,1 614
1337,Oceania (excluding Australia and New Zealand),,,1835,Republic of Korea,410,6 406,5 745,5 293,5 298,4 809,4 652,4 815,4 959,3 224,2 966,2 758,2 668,2 376,2 304,2 390,2 464,3 182,2 779,2 535,2 630,2 433,2 348,2 425,2 495
1338,Oceania (excluding Australia and New Zealand),,,1835,Southern Asia,5501,5 227,5 431,5 546,5 496,5 645,5 849,6 020,6 183,2 827,3 084,3 300,3 344,3 343,3 490,3 613,3 719,2 400,2 347,2 246,2 152,2 302,2 359,2 407,2 464
1339,Oceania (excluding Australia and New Zealand),,,1835,Bangladesh,50,1 802,1 924,2 070,1 933,1 739,1 736,1 769,1 799,1 075,1 217,1 397,1 322,1 101,1 090,1 109,1 126,727,707,673,611,638,646,660,673
1340,Oceania (excluding Australia and New Zealand),,,1835,India,356,1 857,1 814,1 692,1 599,1 670,1 674,1 692,1 711,896,917,884,894,936,947,959,970,961,897,808,705,734,727,733,741
1341,Oceania (excluding Australia and New Zealand),,,1835,Iran (Islamic Republic of),364,0..,0..,0..,0..,31,372,356,412,0..,0..,0..,0..,23,274,268,310,0..,0..,0..,0..,8,98,88,102
1342,Oceania (excluding Australia and New Zealand),,,1835,Nepal,524,156,191,239,221,140,125,124,125,130,161,201,184,114,101,101,102,26,30,38,37,26,24,23,23
1343,Oceania (excluding Australia and New Zealand),,,1835,Pakistan,586,1 294,1 382,1 456,1 650,1 771,1 824,1 867,1 903,653,708,750,871,946,984,1 008,1 027,641,674,706,779,825,840,859,876
1344,Oceania (excluding Australia and New Zealand),,,1835,Sri Lanka,144,118,120,89,93,294,118,212,233,73,81,68,73,223,94,168,184,45,39,21,20,71,24,44,49
1345,Oceania (excluding Australia and New Zealand),,,1835,South-Eastern Asia,920,53 048,58 161,62 784,66 549,65 542,63 748,65 907,67 704,29 989,32 071,33 109,34 300,34 194,33 041,34 066,34 991,23 059,26 090,29 675,32 249,31 348,30 707,31 841,32 713
1346,Oceania (excluding Australia and New Zealand),,,1835,Cambodia,116,482,558,635,676,718,551,584,613,231,263,295,316,338,226,239,251,251,295,340,360,380,325,345,362
1347,Oceania (excluding Australia and New Zealand),,,1835,Indonesia,360,9 027,8 343,7 841,11 049,14 532,14 551,14 670,14 764,5 233,4 971,4 256,5 431,7 712,7 526,7 620,7 670,3 794,3 372,3 585,5 618,6 820,7 025,7 050,7 094
1348,Oceania (excluding Australia and New Zealand),,,1835,Lao People's Democratic Republic,418,515,597,679,723,768,590,625,656,247,282,316,339,362,242,256,269,268,315,363,384,406,348,369,387
1349,Oceania (excluding Australia and New Zealand),,,1835,Malaysia,458,248,249,213,210,194,187,183,181,190,189,165,143,111,109,109,108,58,60,48,67,83,78,74,73
1350,Oceania (excluding Australia and New Zealand),,,1835,Philippines,608,41 853,47 310,52 151,52 565,47 963,46 670,48 595,50 192,23 646,25 844,27 475,27 424,24 989,24 376,25 256,26 085,18 207,21 466,24 676,25 141,22 974,22 294,23 339,24 107
1351,Oceania (excluding Australia and New Zealand),,,1835,Singapore,702,71,72,53,61,51,51,50,50,50,48,35,41,32,33,34,34,21,24,18,20,19,18,16,16
1352,Oceania (excluding Australia and New Zealand),,,1835,Viet Nam,704,852,1 032,1 212,1 265,1 316,1 148,1 200,1 248,392,474,567,606,650,529,552,574,460,558,645,659,666,619,648,674
1353,Oceania (excluding Australia and New Zealand),,,1835,EUROPE,908,42 359,47 299,51 151,58 170,63 093,71 230,74 042,76 397,25 264,27 785,29 759,33 121,35 421,39 875,41 334,42 623,17 095,19 514,21 392,25 049,27 672,31 355,32 708,33 774
1354,Oceania (excluding Australia and New Zealand),,,1835,Eastern Europe,923,41,42,31,31,26,26,25,25,26,27,22,23,20,21,22,22,15,15,9,8,6,5,3,3
1355,Oceania (excluding Australia and New Zealand),,,1835,Russian Federation,643,41,42,31,31,26,26,25,25,26,27,22,23,20,21,22,22,15,15,9,8,6,5,3,3
1356,Oceania (excluding Australia and New Zealand),,,1835,Northern Europe,924,3 537,3 389,2 624,2 603,2 329,2 356,2 372,2 392,1 952,1 816,1 399,1 469,1 352,1 381,1 401,1 413,1 585,1 573,1 225,1 134,977,975,971,979
1357,Oceania (excluding Australia and New Zealand),,,1835,Ireland,372,67,68,50,50,42,42,41,41,35,33,20,22,19,20,21,21,32,35,30,28,23,22,20,20
1358,Oceania (excluding Australia and New Zealand),,,1835,United Kingdom*,826,3 470,3 321,2 574,2 553,2 287,2 314,2 331,2 351,1 917,1 783,1 379,1 447,1 333,1 361,1 380,1 392,1 553,1 538,1 195,1 106,954,953,951,959
1359,Oceania (excluding Australia and New Zealand),,,1835,Southern Europe,925,529,599,668,706,725,598,617,637,379,426,471,501,514,414,427,440,150,173,197,205,211,184,190,197
1360,Oceania (excluding Australia and New Zealand),,,1835,Italy,380,363,411,459,486,500,411,425,439,273,307,341,363,374,301,311,321,90,104,118,123,126,110,114,118
1361,Oceania (excluding Australia and New Zealand),,,1835,Spain*,724,166,188,209,220,225,187,192,198,106,119,130,138,140,113,116,119,60,69,79,82,85,74,76,79
1362,Oceania (excluding Australia and New Zealand),,,1835,Western Europe,926,38 252,43 269,47 828,54 830,60 013,68 250,71 028,73 343,22 907,25 516,27 867,31 128,33 535,38 059,39 484,40 748,15 345,17 753,19 961,23 702,26 478,30 191,31 544,32 595
1363,Oceania (excluding Australia and New Zealand),,,1835,France*,250,37 781,42 746,47 261,54 242,59 445,67 716,70 496,72 812,22 560,25 134,27 457,30 700,33 118,37 666,39 091,40 355,15 221,17 612,19 804,23 542,26 327,30 050,31 405,32 457
1364,Oceania (excluding Australia and New Zealand),,,1835,Germany,276,354,395,430,443,424,397,394,392,245,270,291,302,292,274,273,272,109,125,139,141,132,123,121,120
1365,Oceania (excluding Australia and New Zealand),,,1835,Netherlands*,528,10,11,11,14,17,17,18,19,8,9,9,11,13,13,14,15,2,2,2,3,4,4,4,4
1366,Oceania (excluding Australia and New Zealand),,,1835,Switzerland,756,107,117,126,131,127,120,120,120,94,103,110,115,112,106,106,106,13,14,16,16,15,14,14,14
1367,Oceania (excluding Australia and New Zealand),,,1835,LATIN AMERICA AND THE CARIBBEAN,904,1 117,1 327,1 606,3 473,4 933,4 861,5 094,5 292,555,670,785,1 698,2 437,2 407,2 527,2 628,562,657,821,1 775,2 496,2 454,2 567,2 664
1368,Oceania (excluding Australia and New Zealand),,,1835,Caribbean,915,1 117,1 327,1 606,3 473,4 933,4 861,5 094,5 292,555,670,785,1 698,2 437,2 407,2 527,2 628,562,657,821,1 775,2 496,2 454,2 567,2 664
1369,Oceania (excluding Australia and New Zealand),,,1835,Puerto Rico*,630,1 117,1 327,1 606,3 473,4 933,4 861,5 094,5 292,555,670,785,1 698,2 437,2 407,2 527,2 628,562,657,821,1 775,2 496,2 454,2 567,2 664
1370,Oceania (excluding Australia and New Zealand),,,1835,NORTHERN AMERICA,905,36 368,32 723,28 579,27 687,26 210,26 182,27 270,28 195,22 121,19 548,16 660,15 451,13 935,13 928,14 487,14 966,14 247,13 175,11 919,12 236,12 275,12 254,12 783,13 229
1371,Oceania (excluding Australia and New Zealand),,,1835,Canada,124,488,506,422,426,378,372,370,371,299,325,288,295,265,264,266,267,189,181,134,131,113,108,104,104
1372,Oceania (excluding Australia and New Zealand),,,1835,United States of America*,840,35 880,32 217,28 157,27 261,25 832,25 810,26 900,27 824,21 822,19 223,16 372,15 156,13 670,13 664,14 221,14 699,14 058,12 994,11 785,12 105,12 162,12 146,12 679,13 125
1373,Oceania (excluding Australia and New Zealand),,,1835,OCEANIA,909,80 225,87 885,90 745,90 917,86 298,88 743,91 155,93 311,42 431,46 722,47 914,48 171,45 804,46 798,48 014,49 106,37 794,41 163,42 831,42 746,40 494,41 945,43 141,44 205
1374,Oceania (excluding Australia and New Zealand),,,1835,Australia/New Zealand,927,25 034,25 995,22 277,22 675,21 187,21 043,21 372,21 679,14 104,14 980,13 087,13 462,12 581,12 562,12 745,12 904,10 930,11 015,9 190,9 213,8 606,8 481,8 627,8 775
1375,Oceania (excluding Australia and New Zealand),,,1835,Australia*,36,16 948,17 525,14 166,14 542,13 045,13 177,13 317,13 440,9 776,10 422,8 728,9 034,8 189,8 328,8 424,8 492,7 172,7 103,5 438,5 508,4 856,4 849,4 893,4 948
1376,Oceania (excluding Australia and New Zealand),,,1835,New Zealand*,554,8 086,8 470,8 111,8 133,8 142,7 866,8 055,8 239,4 328,4 558,4 359,4 428,4 392,4 234,4 321,4 412,3 758,3 912,3 752,3 705,3 750,3 632,3 734,3 827
1377,Oceania (excluding Australia and New Zealand),,,1835,Melanesia,928,10 732,11 692,12 474,13 106,13 211,12 281,12 567,12 843,5 601,6 092,6 451,6 856,7 009,6 352,6 515,6 655,5 131,5 600,6 023,6 250,6 202,5 929,6 052,6 188
1378,Oceania (excluding Australia and New Zealand),,,1835,Fiji,242,1 729,1 864,1 973,2 262,2 383,2 673,2 734,2 802,924,1 005,1 062,1 208,1 258,1 438,1 481,1 519,805,859,911,1 054,1 125,1 235,1 253,1 283
1379,Oceania (excluding Australia and New Zealand),,,1835,New Caledonia*,540,2 880,3 180,3 469,3 712,3 606,3 546,3 551,3 551,1 391,1 527,1 635,1 809,1 833,1 799,1 804,1 802,1 489,1 653,1 834,1 903,1 773,1 747,1 747,1 749
1380,Oceania (excluding Australia and New Zealand),,,1835,Papua New Guinea,598,1 194,1 200,1 166,924,731,688,671,660,606,620,600,483,394,372,364,357,588,580,566,441,337,316,307,303
1381,Oceania (excluding Australia and New Zealand),,,1835,Solomon Islands,90,1 097,1 078,981,1 013,1 068,1 118,1 141,1 170,604,602,551,574,604,642,661,680,493,476,430,439,464,476,480,490
1382,Oceania (excluding Australia and New Zealand),,,1835,Vanuatu,548,3 832,4 370,4 885,5 195,5 423,4 256,4 470,4 660,2 076,2 338,2 603,2 782,2 920,2 101,2 205,2 297,1 756,2 032,2 282,2 413,2 503,2 155,2 265,2 363
1383,Oceania (excluding Australia and New Zealand),,,1835,Micronesia,954,15 672,18 146,20 691,22 304,21 808,21 672,22 707,23 602,7 670,9 065,10 288,11 108,10 958,10 947,11 445,11 902,8 002,9 081,10 403,11 196,10 850,10 725,11 262,11 700
1384,Oceania (excluding Australia and New Zealand),,,1835,Guam*,316,1 269,1 493,1 683,1 595,1 111,999,1 009,1 021,630,780,874,787,508,462,458,464,639,713,809,808,603,537,551,557
1385,Oceania (excluding Australia and New Zealand),,,1835,Kiribati,296,3 064,2 979,2 869,2 513,1 502,1 597,1 639,1 690,1 493,1 466,1 413,1 259,804,862,889,915,1 571,1 513,1 456,1 254,698,735,750,775
1386,Oceania (excluding Australia and New Zealand),,,1835,Marshall Islands,584,311,384,468,434,378,372,383,396,160,208,241,216,187,184,192,199,151,176,227,218,191,188,191,197
1387,Oceania (excluding Australia and New Zealand),,,1835,Micronesia (Fed. States of),583,4 940,7 116,9 334,11 237,12 463,12 396,13 032,13 567,2 583,3 669,4 737,5 664,6 274,6 263,6 570,6 844,2 357,3 447,4 597,5 573,6 189,6 133,6 462,6 723
1388,Oceania (excluding Australia and New Zealand),,,1835,Nauru,520,931,1 000,1 070,1 264,1 460,1 483,1 595,1 684,401,459,517,624,731,743,795,840,530,541,553,640,729,740,800,844
1389,Oceania (excluding Australia and New Zealand),,,1835,Northern Mariana Islands*,580,2 215,2 350,2 476,2 547,2 542,2 532,2 664,2 779,1 043,1 123,1 189,1 256,1 292,1 296,1 354,1 412,1 172,1 227,1 287,1 291,1 250,1 236,1 310,1 367
1390,Oceania (excluding Australia and New Zealand),,,1835,Palau,585,2 942,2 824,2 791,2 714,2 352,2 293,2 385,2 465,1 360,1 360,1 317,1 302,1 162,1 137,1 187,1 228,1 582,1 464,1 474,1 412,1 190,1 156,1 198,1 237
1391,Oceania (excluding Australia and New Zealand),,,1835,Polynesia*,957,28 787,32 052,35 303,32 832,30 092,33 747,34 509,35 187,15 056,16 585,18 088,16 745,15 256,16 937,17 309,17 645,13 731,15 467,17 215,16 087,14 836,16 810,17 200,17 542
1392,Oceania (excluding Australia and New Zealand),,,1835,American Samoa*,16,1 014,1 523,2 022,1 908,1 671,1 402,1 329,1 272,544,812,1 068,997,864,718,684,655,470,711,954,911,807,684,645,617
1393,Oceania (excluding Australia and New Zealand),,,1835,Cook Islands*,184,36,41,47,46,46,44,41,42,16,19,18,18,20,20,20,21,20,22,29,28,26,24,21,21
1394,Oceania (excluding Australia and New Zealand),,,1835,French Polynesia*,258,2 807,3 248,3 689,2 096,486,664,701,739,1 446,1 650,1 854,1 097,333,467,492,517,1 361,1 598,1 835,999,153,197,209,222
1395,Oceania (excluding Australia and New Zealand),,,1835,Niue*,570,16,17,18,20,23,22,21,22,10,11,12,13,15,15,16,17,6,6,6,7,8,7,5,5
1396,Oceania (excluding Australia and New Zealand),,,1835,Samoa,882,15 303,16 787,18 264,17 400,16 642,16 604,16 669,16 725,7 944,8 635,9 310,8 818,8 380,8 315,8 349,8 377,7 359,8 152,8 954,8 582,8 262,8 289,8 320,8 348
1397,Oceania (excluding Australia and New Zealand),,,1835,Tokelau*,772,161,162,162,151,132,111,104,100,81,81,80,75,65,54,52,50,80,81,82,76,67,57,52,50
1398,Oceania (excluding Australia and New Zealand),,,1835,Tonga,776,2 691,2 650,2 609,2 698,2 784,2 808,2 834,2 863,1 451,1 414,1 380,1 428,1 479,1 496,1 514,1 531,1 240,1 236,1 229,1 270,1 305,1 312,1 320,1 332
1399,Oceania (excluding Australia and New Zealand),,,1835,Tuvalu,798,1 171,1 146,1 132,1 104,860,880,908,939,649,628,621,611,475,493,516,533,522,518,511,493,385,387,392,406
1400,Oceania (excluding Australia and New Zealand),,,1835,Wallis and Futuna Islands*,876,5 588,6 478,7 360,7 409,7 448,11 212,11 902,12 485,2 915,3 335,3 745,3 688,3 625,5 359,5 666,5 944,2 673,3 143,3 615,3 721,3 823,5 853,6 236,6 541
1401,Oceania (excluding Australia and New Zealand),,,1835,Others,2003,20 626,22 177,23 723,25 827,26 481,23 356,24 173,24 754,10 942,11 543,12 134,13 415,13 802,11 846,12 211,12 491,9 684,10 634,11 589,12 412,12 679,11 510,11 962,12 263
1402,Australia/New Zealand,,,1836,World,900,4 517 870,4 810 557,5 075 813,5 735 938,6 836 784,7 865 257,8 948 750,9 579 393,2 295 417,2 415 958,2 524 601,2 835 145,3 383 950,3 859 400,4 369 788,4 664 445,2 222 453,2 394 599,2 551 212,2 900 793,3 452 834,4 005 857,4 578 962,4 914 948
1403,Australia/New Zealand,,,1836,Sub-Saharan Africa,1834,98 264,126 000,172 816,253 577,353 414,431 104,503 866,558 356,49 343,62 902,86 179,126 955,176 662,215 121,250 034,275 639,48 921,63 098,86 637,126 622,176 752,215 983,253 832,282 717
1404,Australia/New Zealand,,,1836,Northern Africa and Western Asia,1833,194 236,216 984,243 560,288 523,338 027,374 073,438 074,459 752,102 523,114 110,128 009,151 976,179 266,195 155,227 264,236 327,91 713,102 874,115 551,136 547,158 761,178 918,210 810,223 425
1405,Australia/New Zealand,,,1836,Central and Southern Asia,1831,140 353,188 256,237 248,360 454,660 100,965 276,1 455 208,1 825 695,75 861,99 454,125 820,195 730,374 745,529 864,797 599,998 335,64 492,88 802,111 428,164 724,285 355,435 412,657 609,827 360
1406,Australia/New Zealand,,,1836,Eastern and South-Eastern Asia,1832,647 383,822 335,959 539,1 222 828,1 607 529,2 013 941,2 432 227,2 646 189,303 931,380 950,438 037,548 270,711 533,884 869,1 056 913,1 137 134,343 452,441 385,521 502,674 558,895 996,1 129 072,1 375 314,1 509 055
1407,Australia/New Zealand,,,1836,Latin America and the Caribbean,1830,78 344,84 069,87 626,99 384,127 323,164 526,230 942,287 045,38 089,40 660,42 171,47 668,61 331,78 485,109 755,136 479,40 255,43 409,45 455,51 716,65 992,86 041,121 187,150 566
1408,Australia/New Zealand,,,1836,Oceania (excluding Australia and New Zealand),1835,165 333,184 970,213 874,246 389,278 374,316 708,350 011,391 284,78 171,87 262,101 847,117 776,133 250,152 600,171 051,194 466,87 162,97 708,112 027,128 613,145 124,164 108,178 960,196 818
1409,Australia/New Zealand,,,1836,Australia/New Zealand,1836,312 024,358 418,422 236,485 874,583 192,644 147,664 403,677 217,157 522,181 043,213 089,246 010,296 914,325 737,334 866,340 780,154 502,177 375,209 147,239 864,286 278,318 410,329 537,336 437
1410,Australia/New Zealand,,,1836,Europe and Northern America,1829,2 679 538,2 732 177,2 693 417,2 735 342,2 838 388,2 895 843,2 808 294,2 656 600,1 379 698,1 395 462,1 366 403,1 378 863,1 424 693,1 447 675,1 389 840,1 308 220,1 299 840,1 336 715,1 327 014,1 356 479,1 413 695,1 448 168,1 418 454,1 348 380
1411,Australia/New Zealand,,,1836,More developed regions,901,3 016 480,3 122 011,3 149 288,3 263 796,3 471 991,3 599 239,3 534 320,3 399 532,1 547 383,1 588 911,1 592 089,1 639 547,1 738 863,1 792 664,1 743 662,1 668 709,1 469 097,1 533 100,1 557 199,1 624 249,1 733 128,1 806 575,1 790 658,1 730 823
1412,Australia/New Zealand,,,1836,Less developed regions,902,1 298 995,1 591 198,1 881 028,2 428 575,3 314 356,4 206 379,5 348 705,6 102 606,637 755,772 932,909 466,1 173 701,1 619 531,2 036 842,2 593 660,2 958 671,661 240,818 266,971 562,1 254 874,1 694 825,2 169 537,2 755 045,3 143 935
1413,Australia/New Zealand,,,1836,Least developed countries,941,67 770,82 273,106 350,161 540,252 822,343 858,482 880,606 331,34 960,42 033,55 365,84 543,133 185,179 428,251 932,313 469,32 810,40 240,50 985,76 997,119 637,164 430,230 948,292 862
1414,Australia/New Zealand,,,1836,"Less developed regions, excluding least developed countries",934,1 231 225,1 508 925,1 774 678,2 267 035,3 061 534,3 862 521,4 865 825,5 496 275,602 795,730 899,854 101,1 089 158,1 486 346,1 857 414,2 341 728,2 645 202,628 430,778 026,920 577,1 177 877,1 575 188,2 005 107,2 524 097,2 851 073
1415,Australia/New Zealand,,,1836,"Less developed regions, excluding China",948,1 122 280,1 349 198,1 578 019,1 993 003,2 719 802,3 412 989,4 387 866,5 094 760,551 531,655 680,764 221,969 897,1 347 231,1 680 224,2 162 998,2 514 769,570 749,693 518,813 798,1 023 106,1 372 571,1 732 765,2 224 868,2 579 991
1416,Australia/New Zealand,,,1836,Land-locked Developing Countries (LLDC),1636,81 286,90 444,104 660,137 079,198 601,270 613,391 500,507 144,42 824,46 905,54 687,70 973,104 088,141 451,204 247,261 523,38 462,43 539,49 973,66 106,94 513,129 162,187 253,245 621
1417,Australia/New Zealand,,,1836,Small Island Developing States (SIDS),1637,217 454,244 774,280 598,333 836,383 964,431 247,472 212,518 181,103 148,115 694,133 389,159 177,182 941,207 240,227 491,253 717,114 306,129 080,147 209,174 659,201 023,224 007,244 721,264 464
1418,Australia/New Zealand,,,1836,High-and-upper-middle-income countries,5503,3 670 061,3 929 371,4 133 102,4 556 912,5 174 906,5 694 091,6 054 679,6 134 776,1 866 643,1 980 775,2 066 310,2 254 754,2 541 166,2 767 778,2 907 705,2 919 667,1 803 418,1 948 596,2 066 792,2 302 158,2 633 740,2 926 313,3 146 974,3 215 109
1419,Australia/New Zealand,,,1836,Low-and-Lower-middle-income countries,5504,621 464,760 264,870 210,1 107 593,1 581 971,2 079 427,2 795 264,3 333 124,307 033,369 853,422 245,545 124,803 062,1 046 160,1 413 725,1 691 145,314 431,390 411,447 965,562 469,778 909,1 033 267,1 381 539,1 641 979
1420,Australia/New Zealand,,,1836,High-income countries,1503,3 083 507,3 228 874,3 268 250,3 428 610,3 711 091,3 909 632,3 884 791,3 789 397,1 576 451,1 638 121,1 646 549,1 716 534,1 854 206,1 942 244,1 909 872,1 854 455,1 507 056,1 590 753,1 621 701,1 712 076,1 856 885,1 967 388,1 974 919,1 934 942
1421,Australia/New Zealand,,,1836,Low-and-middle-income countries,1859,1 208 018,1 460 761,1 735 062,2 235 895,3 045 786,3 863 886,4 965 152,5 678 503,597 225,712 507,842 006,1 083 344,1 490 022,1 871 694,2 411 558,2 756 357,610 793,748 254,893 056,1 152 551,1 555 764,1 992 192,2 553 594,2 922 146
1422,Australia/New Zealand,,,1836,Middle-income countries,1517,1 190 820,1 437 064,1 697 122,2 167 989,2 942 710,3 720 497,4 779 566,5 461 345,588 046,700 024,821 447,1 046 903,1 436 118,1 795 908,2 314 042,2 642 905,602 774,737 040,875 675,1 121 086,1 506 592,1 924 589,2 465 524,2 818 440
1423,Australia/New Zealand,,,1836,Upper-middle-income countries,1502,586 554,700 497,864 852,1 128 302,1 463 815,1 784 459,2 169 888,2 345 379,290 192,342 654,419 761,538 220,686 960,825 534,997 833,1 065 212,296 362,357 843,445 091,590 082,776 855,958 925,1 172 055,1 280 167
1424,Australia/New Zealand,,,1836,Lower-middle-income countries,1501,604 266,736 567,832 270,1 039 687,1 478 895,1 936 038,2 609 678,3 115 966,297 854,357 370,401 686,508 683,749 158,970 374,1 316 209,1 577 693,306 412,379 197,430 584,531 004,729 737,965 664,1 293 469,1 538 273
1425,Australia/New Zealand,,,1836,Low-income countries,1500,17 198,23 697,37 940,67 906,103 076,143 389,185 586,217 158,9 179,12 483,20 559,36 441,53 904,75 786,97 516,113 452,8 019,11 214,17 381,31 465,49 172,67 603,88 070,103 706
1426,Australia/New Zealand,,,1836,No income group available,1518,23 950,23 574,27 004,27 866,29 470,32 100,33 082,34 238,11 462,11 215,13 000,13 370,14 166,15 568,15 892,16 568,12 488,12 359,14 004,14 496,15 304,16 532,17 190,17 670
1427,Australia/New Zealand,,,1836,AFRICA,903,140 316,170 495,219 076,315 265,425 976,502 743,577 662,630 962,71 259,86 070,110 358,159 734,215 438,252 495,288 442,313 311,69 057,84 425,108 718,155 531,210 538,250 248,289 220,317 651
1428,Australia/New Zealand,,,1836,Eastern Africa,910,41 276,51 257,60 938,87 276,123 529,156 167,174 947,187 694,20 965,25 826,30 570,43 807,61 695,77 545,85 568,90 554,20 311,25 431,30 368,43 469,61 834,78 622,89 379,97 140
1429,Australia/New Zealand,,,1836,Burundi,108,18,29,27,379,1 850,2 385,3 037,3 255,10,18,17,207,937,1 211,1 518,1 595,8,11,10,172,913,1 174,1 519,1 660
1430,Australia/New Zealand,,,1836,Djibouti,262,53,69,82,113,134,190,200,204,18,21,35,45,64,98,100,109,35,48,47,68,70,92,100,95
1431,Australia/New Zealand,,,1836,Eritrea,232,865,1 184,1 765,2 293,3 072,4 662,6 230,6 928,457,625,919,1 169,1 529,2 285,3 055,3 326,408,559,846,1 124,1 543,2 377,3 175,3 602
1432,Australia/New Zealand,,,1836,Ethiopia,231,1 491,2 306,3 642,6 064,8 939,13 123,15 644,17 141,805,1 234,1 891,3 132,4 438,6 366,7 566,8 074,686,1 072,1 751,2 932,4 501,6 757,8 078,9 067
1433,Australia/New Zealand,,,1836,Kenya,404,4 190,5 799,7 217,10 795,15 303,19 736,24 960,30 123,2 296,3 024,3 754,5 595,7 726,9 779,11 904,14 157,1 894,2 775,3 463,5 200,7 577,9 957,13 056,15 966
1434,Australia/New Zealand,,,1836,Madagascar,450,114,137,180,222,263,295,353,348,58,72,80,102,112,114,140,132,56,65,100,120,151,181,213,216
1435,Australia/New Zealand,,,1836,Malawi,454,329,437,537,761,1 023,1 414,1 692,1 853,171,234,284,370,514,696,838,901,158,203,253,391,509,718,854,952
1436,Australia/New Zealand,,,1836,Mauritius,480,17 128,18 945,18 559,20 326,26 861,28 687,29 308,28 962,8 370,9 231,8 988,9 965,13 451,14 185,14 319,14 254,8 758,9 714,9 571,10 361,13 410,14 502,14 989,14 708
1437,Australia/New Zealand,,,1836,Mozambique,508,397,480,628,771,870,1 006,1 055,1 037,218,258,328,401,439,488,506,477,179,222,300,370,431,518,549,560
1438,Australia/New Zealand,,,1836,Réunion,638,44,63,87,142,210,222,218,211,17,25,32,54,90,100,98,95,27,38,55,88,120,122,120,116
1439,Australia/New Zealand,,,1836,Rwanda,646,3,5,50,179,609,981,1 183,1 338,2,3,28,78,287,467,543,603,1,2,22,101,322,514,640,735
1440,Australia/New Zealand,,,1836,Seychelles,690,2 894,2 918,2 774,2 895,2 977,3 025,2 831,2 623,1 395,1 390,1 322,1 334,1 363,1 376,1 280,1 161,1 499,1 528,1 452,1 561,1 614,1 649,1 551,1 462
1441,Australia/New Zealand,,,1836,Somalia,706,1 273,1 768,3 767,4 504,6 155,8 686,9 268,9 578,673,960,1 947,2 224,2 986,4 201,4 461,4 482,600,808,1 820,2 280,3 169,4 485,4 807,5 096
1442,Australia/New Zealand,,,1836,South Sudan,728,0..,0..,0..,0..,648,7 511,9 004,9 693,0..,0..,0..,0..,380,4 141,4 685,4 695,0..,0..,0..,0..,268,3 370,4 319,4 998
1443,Australia/New Zealand,,,1836,Uganda,800,995,1 295,1 407,1 864,2 859,3 800,4 582,5 079,556,708,760,971,1 448,1 916,2 236,2 425,439,587,647,893,1 411,1 884,2 346,2 654
1444,Australia/New Zealand,,,1836,United Republic of Tanzania,834,1 358,1 723,1 958,2 328,3 820,4 495,4 885,4 926,785,956,1 077,1 315,2 067,2 383,2 543,2 517,573,767,881,1 013,1 753,2 112,2 342,2 409
1445,Australia/New Zealand,,,1836,Zambia,894,2 262,2 855,3 428,4 548,6 165,7 323,7 609,8 060,1 146,1 440,1 711,2 274,3 108,3 606,3 735,3 938,1 116,1 415,1 717,2 274,3 057,3 717,3 874,4 122
1446,Australia/New Zealand,,,1836,Zimbabwe,716,7 862,11 244,14 830,29 092,41 771,48 626,52 888,56 335,3 988,5 627,7 397,14 571,20 756,24 133,26 041,27 613,3 874,5 617,7 433,14 521,21 015,24 493,26 847,28 722
1447,Australia/New Zealand,,,1836,Middle Africa,911,572,731,989,1 695,4 348,7 082,10 655,12 328,304,385,532,923,2 297,3 598,5 365,6 109,268,346,457,772,2 051,3 484,5 290,6 219
1448,Australia/New Zealand,,,1836,Angola,24,359,391,417,451,528,560,570,559,190,206,228,231,281,292,302,294,169,185,189,220,247,268,268,265
1449,Australia/New Zealand,,,1836,Cameroon,120,12,19,67,130,268,450,581,695,8,13,42,77,168,264,334,397,4,6,25,53,100,186,247,298
1450,Australia/New Zealand,,,1836,Central African Republic,140,8,10,7,10,20,33,141,191,7,8,4,6,10,21,74,91,1,2,3,4,10,12,67,100
1451,Australia/New Zealand,,,1836,Chad,148,7,10,40,40,57,68,94,110,5,6,28,23,37,43,51,62,2,4,12,17,20,25,43,48
1452,Australia/New Zealand,,,1836,Congo,178,0..,0..,132,644,1 022,1 606,2 324,2 688,0..,0..,71,377,564,784,1 092,1 194,0..,0..,61,267,458,822,1 232,1 494
1453,Australia/New Zealand,,,1836,Democratic Republic of the Congo,180,183,296,306,390,2 423,4 318,6 895,8 028,92,149,149,189,1 225,2 167,3 484,4 041,91,147,157,201,1 198,2 151,3 411,3 987
1454,Australia/New Zealand,,,1836,Gabon,266,3,5,20,30,30,47,50,57,2,3,10,20,12,27,28,30,1,2,10,10,18,20,22,27
1455,Australia/New Zealand,,,1836,Northern Africa,912,42 052,44 495,46 260,61 688,72 562,71 639,73 796,72 606,21 916,23 168,24 179,32 779,38 776,37 374,38 408,37 672,20 136,21 327,22 081,28 909,33 786,34 265,35 388,34 934
1456,Australia/New Zealand,,,1836,Algeria,12,696,820,1 170,1 330,1 382,1 606,1 684,1 643,454,512,751,817,851,972,979,947,242,308,419,513,531,634,705,696
1457,Australia/New Zealand,,,1836,Egypt,818,37 470,38 550,37 608,38 735,41 795,44 717,47 278,46 879,19 134,19 771,19 270,19 883,22 172,23 291,24 656,24 587,18 336,18 779,18 338,18 852,19 623,21 426,22 622,22 292
1458,Australia/New Zealand,,,1836,Libya,434,1 021,1 236,1 413,1 577,2 395,2 797,2 881,2 812,568,682,771,847,1 321,1 483,1 524,1 478,453,554,642,730,1 074,1 314,1 357,1 334
1459,Australia/New Zealand,,,1836,Morocco,504,1 029,1 182,1 368,1 562,1 805,2 163,2 603,2 775,692,737,861,947,1 054,1 199,1 367,1 408,337,445,507,615,751,964,1 236,1 367
1460,Australia/New Zealand,,,1836,Sudan,729,1 375,2 214,4 204,17 942,24 613,19 698,18 588,17 709,785,1 174,2 237,9 954,13 045,10 045,9 470,8 814,590,1 040,1 967,7 988,11 568,9 653,9 118,8 895
1461,Australia/New Zealand,,,1836,Tunisia,788,461,493,497,542,572,658,762,788,283,292,289,331,333,384,412,438,178,201,208,211,239,274,350,350
1462,Australia/New Zealand,,,1836,Southern Africa,913,54 024,70 583,106 098,155 667,208 529,243 321,286 425,319 559,26 638,34 632,52 227,77 279,103 542,120 555,141 741,157 962,27 386,35 951,53 871,78 388,104 987,122 766,144 684,161 597
1463,Australia/New Zealand,,,1836,Botswana,72,115,185,670,973,1 120,1 327,1 599,1 736,69,103,356,553,587,660,777,814,46,82,314,420,533,667,822,922
1464,Australia/New Zealand,,,1836,Eswatini,748,114,146,235,270,340,385,370,359,59,74,110,138,171,180,170,163,55,72,125,132,169,205,200,196
1465,Australia/New Zealand,,,1836,Lesotho,426,46,59,67,92,112,150,150,157,27,31,37,50,54,80,70,75,19,28,30,42,58,70,80,82
1466,Australia/New Zealand,,,1836,Namibia,516,207,308,447,737,1 097,1 436,1 687,1 890,106,151,226,378,553,712,824,919,101,157,221,359,544,724,863,971
1467,Australia/New Zealand,,,1836,South Africa,710,53 542,69 885,104 679,153 595,205 860,240 023,282 619,315 417,26 377,34 273,51 498,76 160,102 177,118 923,139 900,155 991,27 165,35 612,53 181,77 435,103 683,121 100,142 719,159 426
1468,Australia/New Zealand,,,1836,Western Africa,914,2 392,3 429,4 791,8 939,17 008,24 534,31 839,38 775,1 436,2 059,2 850,4 946,9 128,13 423,17 360,21 014,956,1 370,1 941,3 993,7 880,11 111,14 479,17 761
1469,Australia/New Zealand,,,1836,Benin,204,3,5,28,30,80,105,98,97,2,4,18,20,49,75,60,64,1,1,10,10,31,30,38,33
1470,Australia/New Zealand,,,1836,Burkina Faso,854,6,10,11,20,40,58,58,68,5,7,6,10,22,36,28,29,1,3,5,10,18,22,30,39
1471,Australia/New Zealand,,,1836,Côte d'Ivoire,384,21,33,62,171,467,595,657,682,12,19,35,93,238,306,337,337,9,14,27,78,229,289,320,345
1472,Australia/New Zealand,,,1836,Gambia,270,12,19,35,80,102,128,130,141,7,11,23,43,62,72,82,87,5,8,12,37,40,56,48,54
1473,Australia/New Zealand,,,1836,Ghana,288,1 114,1 537,2 162,2 847,4 192,5 909,7 169,8 327,648,932,1 262,1 572,2 261,3 230,3 960,4 497,466,605,900,1 275,1 931,2 679,3 209,3 830
1474,Australia/New Zealand,,,1836,Guinea,324,3,5,30,194,642,933,1 050,1 175,2,3,18,105,316,472,495,541,1,2,12,89,326,461,555,634
1475,Australia/New Zealand,,,1836,Liberia,430,50,81,115,1 161,2 884,3 518,3 579,3 630,26,49,73,571,1 371,1 673,1 688,1 664,24,32,42,590,1 513,1 845,1 891,1 966
1476,Australia/New Zealand,,,1836,Mali,466,0..,0..,21,42,57,80,57,53,0..,0..,10,22,37,48,27,27,0..,0..,11,20,20,32,30,26
1477,Australia/New Zealand,,,1836,Nigeria,566,927,1 385,1 812,2 600,4 631,8 412,14 133,19 524,580,836,1 113,1 565,2 741,5 060,8 212,11 262,347,549,699,1 035,1 890,3 352,5 921,8 262
1478,Australia/New Zealand,,,1836,Senegal,686,156,191,235,272,370,437,467,509,100,110,139,167,233,272,259,292,56,81,96,105,137,165,208,217
1479,Australia/New Zealand,,,1836,Sierra Leone,694,97,158,260,1 490,3 265,3 989,4 094,4 218,52,85,143,756,1 656,1 988,2 045,2 055,45,73,117,734,1 609,2 001,2 049,2 163
1480,Australia/New Zealand,,,1836,Togo,768,3,5,20,32,278,370,347,351,2,3,10,22,142,191,167,159,1,2,10,10,136,179,180,192
1481,Australia/New Zealand,,,1836,ASIA,935,939 920,1 183 080,1 394 087,1 810 117,2 533 094,3 281 651,4 251 713,4 859 030,460 399,571 346,667 687,863 197,1 226 768,1 572 514,2 043 368,2 334 124,479 521,611 734,726 400,946 920,1 306 326,1 709 137,2 208 345,2 524 906
1482,Australia/New Zealand,,,1836,Central Asia,5500,324,515,1 053,1 812,3 043,4 501,5 711,6 563,152,242,475,760,1 251,1 775,2 248,2 486,172,273,578,1 052,1 792,2 726,3 463,4 077
1483,Australia/New Zealand,,,1836,Kazakhstan,398,94,152,386,677,1 190,1 911,2 438,2 892,38,61,153,255,446,701,870,1 016,56,91,233,422,744,1 210,1 568,1 876
1484,Australia/New Zealand,,,1836,Kyrgyzstan,417,12,19,97,233,362,492,638,731,6,10,37,98,150,180,225,247,6,9,60,135,212,312,413,484
1485,Australia/New Zealand,,,1836,Tajikistan,762,19,29,48,65,100,158,208,241,8,12,26,25,32,57,80,89,11,17,22,40,68,101,128,152
1486,Australia/New Zealand,,,1836,Turkmenistan,795,6,10,30,60,88,102,135,153,2,3,11,20,22,30,40,46,4,7,19,40,66,72,95,107
1487,Australia/New Zealand,,,1836,Uzbekistan,860,193,305,492,777,1 303,1 838,2 292,2 546,98,156,248,362,601,807,1 033,1 088,95,149,244,415,702,1 031,1 259,1 458
1488,Australia/New Zealand,,,1836,Eastern Asia,906,235 275,314 916,390 300,556 892,759 198,991 567,1 171 756,1 230 801,112 682,149 823,183 209,255 013,343 245,441 033,518 512,536 214,122 593,165 093,207 091,301 879,415 953,550 534,653 244,694 587
1489,Australia/New Zealand,,,1836,China,156,84 329,127 913,181 244,309 710,458 582,624 950,776 977,802 170,40 849,61 867,86 394,143 756,208 723,278 858,346 611,351 148,43 480,66 046,94 850,165 954,249 859,346 092,430 366,451 022
1490,Australia/New Zealand,,,1836,"China, Hong Kong SAR",344,65 261,83 367,86 610,88 030,92 636,104 066,115 466,130 437,32 474,41 160,42 507,42 886,44 810,50 168,55 308,61 947,32 787,42 207,44 103,45 144,47 826,53 898,60 158,68 490
1491,Australia/New Zealand,,,1836,"China, Macao SAR",446,1 753,1 912,2 042,2 090,2 558,2 781,2 961,3 081,807,875,917,952,1 172,1 227,1 325,1 354,946,1 037,1 125,1 138,1 386,1 554,1 636,1 727
1492,Australia/New Zealand,,,1836,"China, Taiwan Province of China",158,25 372,28 808,33 113,35 742,40 778,61 593,65 435,72 158,12 094,13 350,15 427,16 210,17 595,26 365,27 418,29 453,13 278,15 458,17 686,19 532,23 183,35 228,38 017,42 705
1493,Australia/New Zealand,,,1836,Japan,392,24 918,31 416,33 635,42 580,50 411,59 249,61 623,65 715,10 163,12 406,12 597,14 674,17 256,19 252,18 956,19 709,14 755,19 010,21 038,27 906,33 155,39 997,42 667,46 006
1494,Australia/New Zealand,,,1836,Mongolia,496,97,159,118,246,700,1 782,6 319,11 188,39,82,64,105,302,774,3 039,5 389,58,77,54,141,398,1 008,3 280,5 799
1495,Australia/New Zealand,,,1836,Republic of Korea,410,33 545,41 341,53 538,78 494,113 533,137 146,142 975,146 052,16 256,20 083,25 303,36 430,53 387,64 389,65 855,67 214,17 289,21 258,28 235,42 064,60 146,72 757,77 120,78 838
1496,Australia/New Zealand,,,1836,Southern Asia,5501,140 029,187 741,236 195,358 642,657 057,960 775,1 449 497,1 819 132,75 709,99 212,125 345,194 970,373 494,528 089,795 351,995 849,64 320,88 529,110 850,163 672,283 563,432 686,654 146,823 283
1497,Australia/New Zealand,,,1836,Afghanistan,4,4 139,6 547,13 178,20 873,33 096,52 687,67 364,88 212,2 321,3 472,7 704,11 811,18 304,30 507,38 807,50 880,1 818,3 075,5 474,9 062,14 792,22 180,28 557,37 332
1498,Australia/New Zealand,,,1836,Bangladesh,50,3 632,6 085,9 677,17 541,30 853,45 072,57 936,68 468,2 315,3 594,5 738,10 708,18 287,25 067,31 575,36 643,1 317,2 491,3 939,6 833,12 566,20 005,26 361,31 825
1499,Australia/New Zealand,,,1836,Bhutan,64,29,48,70,129,1 700,5 834,12 424,25 363,17,36,48,78,859,2 976,6 121,12 223,12,12,22,51,841,2 858,6 303,13 140
1500,Australia/New Zealand,,,1836,India,356,64 152,88 707,110 839,189 535,385 354,540 352,837 211,1 025 751,35 563,46 771,57 705,103 487,223 034,296 884,459 142,563 348,28 589,41 936,53 134,86 048,162 320,243 468,378 069,462 403
1501,Australia/New Zealand,,,1836,Iran (Islamic Republic of),364,16 339,20 018,23 291,29 382,39 513,65 508,81 232,94 329,8 903,10 872,12 693,15 654,21 114,34 813,43 528,50 182,7 436,9 146,10 598,13 728,18 399,30 695,37 704,44 147
1502,Australia/New Zealand,,,1836,Maldives,462,128,180,165,280,423,599,636,712,51,79,76,112,188,277,293,333,77,101,89,168,235,322,343,379
1503,Australia/New Zealand,,,1836,Nepal,524,1 144,1 639,2 375,4 346,27 964,52 742,133 490,204 304,753,1 101,1 585,2 709,17 433,29 440,72 754,107 884,391,538,790,1 637,10 531,23 302,60 736,96 420
1504,Australia/New Zealand,,,1836,Pakistan,586,5 605,8 754,12 295,18 845,33 169,66 338,101 704,134 294,3 220,5 074,7 106,10 809,20 021,39 994,60 752,81 214,2 385,3 680,5 189,8 036,13 148,26 344,40 952,53 080
1505,Australia/New Zealand,,,1836,Sri Lanka,144,44 861,55 763,64 305,77 711,104 985,131 643,157 500,177 699,22 566,28 213,32 690,39 602,54 254,68 131,82 379,93 142,22 295,27 550,31 615,38 109,50 731,63 512,75 121,84 557
1506,Australia/New Zealand,,,1836,South-Eastern Asia,920,412 108,507 419,569 239,665 936,848 331,1 022 374,1 260 471,1 415 388,191 249,231 127,254 828,293 257,368 288,443 836,538 401,600 920,220 859,276 292,314 411,372 679,480 043,578 538,722 070,814 468
1507,Australia/New Zealand,,,1836,Brunei Darussalam,96,1 545,1 791,2 105,2 561,3 030,2 893,3 159,3 357,802,917,1 074,1 254,1 490,1 391,1 505,1 571,743,874,1 031,1 307,1 540,1 502,1 654,1 786
1508,Australia/New Zealand,,,1836,Cambodia,116,24 818,26 990,29 675,33 326,37 973,41 549,49 028,52 093,12 296,13 170,14 315,15 763,17 582,18 952,21 934,22 961,12 522,13 820,15 360,17 563,20 391,22 597,27 094,29 132
1509,Australia/New Zealand,,,1836,Indonesia,360,44 515,49 918,60 242,64 821,75 892,82 716,100 479,112 383,22 611,24 949,28 975,29 914,33 592,36 019,42 578,46 223,21 904,24 969,31 267,34 907,42 300,46 697,57 901,66 160
1510,Australia/New Zealand,,,1836,Lao People's Democratic Republic,418,11 064,11 088,10 449,10 585,11 136,11 020,11 680,11 771,5 740,5 638,5 194,5 173,5 319,5 163,5 313,5 268,5 324,5 450,5 255,5 412,5 817,5 857,6 367,6 503
1511,Australia/New Zealand,,,1836,Malaysia,458,77 381,91 804,96 309,115 610,145 529,162 251,198 440,204 426,36 261,42 961,45 240,53 708,67 539,75 810,93 219,95 458,41 120,48 843,51 069,61 902,77 990,86 441,105 221,108 968
1512,Australia/New Zealand,,,1836,Myanmar,104,9 241,11 603,12 803,14 206,24 715,34 688,44 405,50 131,4 478,5 651,6 315,6 939,12 092,17 211,22 427,25 198,4 763,5 952,6 488,7 267,12 623,17 477,21 978,24 933
1513,Australia/New Zealand,,,1836,Philippines,608,74 890,104 538,121 886,149 345,213 098,293 187,387 394,464 455,24 808,35 624,42 194,53 659,81 066,118 748,158 754,195 434,50 082,68 914,79 692,95 686,132 032,174 439,228 640,269 021
1514,Australia/New Zealand,,,1836,Singapore,702,27 665,33 100,38 205,47 738,58 813,65 357,72 062,75 871,13 026,15 443,17 677,21 894,26 500,30 394,31 823,34 055,14 639,17 657,20 528,25 844,32 313,34 963,40 239,41 816
1515,Australia/New Zealand,,,1836,Thailand,764,17 007,22 335,28 020,37 637,58 447,75 320,99 273,122 250,6 954,8 778,10 434,13 254,20 062,24 634,30 379,36 486,10 053,13 557,17 586,24 383,38 385,50 686,68 894,85 764
1516,Australia/New Zealand,,,1836,Timor-Leste,626,0..,0..,1 991,10 733,10 587,9 992,10 247,11 546,0..,0..,980,5 363,5 249,4 963,5 238,5 906,0..,0..,1 011,5 370,5 338,5 029,5 009,5 640
1517,Australia/New Zealand,,,1836,Viet Nam,704,123 982,154 252,167 554,179 374,209 111,243 401,284 304,307 105,64 273,77 996,82 430,86 336,97 797,110 551,125 231,132 360,59 709,76 256,85 124,93 038,111 314,132 850,159 073,174 745
1518,Australia/New Zealand,,,1836,Western Asia,922,152 184,172 489,197 300,226 835,265 465,302 434,364 278,387 146,80 607,90 942,103 830,119 197,140 490,157 781,188 856,198 655,71 577,81 547,93 470,107 638,124 975,144 653,175 422,188 491
1519,Australia/New Zealand,,,1836,Armenia,51,797,885,978,1 111,1 199,1 463,1 443,1 462,402,435,460,529,546,640,621,609,395,450,518,582,653,823,822,853
1520,Australia/New Zealand,,,1836,Azerbaijan,31,44,71,188,298,422,647,745,828,18,33,80,120,179,271,320,349,26,38,108,178,243,376,425,479
1521,Australia/New Zealand,,,1836,Bahrain,48,483,623,772,1 077,1 353,1 734,2 135,2 395,266,329,412,602,748,934,1 137,1 276,217,294,360,475,605,800,998,1 119
1522,Australia/New Zealand,,,1836,Cyprus,196,24 057,23 367,22 831,22 457,21 355,20 077,18 425,16 610,12 415,11 885,11 556,11 236,10 574,9 876,8 925,7 960,11 642,11 482,11 275,11 221,10 781,10 201,9 500,8 650
1523,Australia/New Zealand,,,1836,Georgia,268,130,179,293,397,487,624,763,865,64,91,148,187,227,290,355,398,66,88,145,210,260,334,408,467
1524,Australia/New Zealand,,,1836,Iraq,368,10 649,16 332,31 019,43 111,57 638,76 239,105 277,117 890,6 052,9 177,17 234,23 134,29 916,39 311,53 916,58 952,4 597,7 155,13 785,19 977,27 722,36 928,51 361,58 938
1525,Australia/New Zealand,,,1836,Israel,376,6 191,7 053,7 395,8 942,10 688,11 250,12 151,11 821,3 389,3 843,4 058,4 945,5 973,6 312,6 754,6 616,2 802,3 210,3 337,3 997,4 715,4 938,5 397,5 205
1526,Australia/New Zealand,,,1836,Jordan,400,2 294,2 809,3 494,4 155,5 250,6 554,8 544,9 469,1 306,1 560,1 957,2 344,2 982,3 645,4 690,5 205,988,1 249,1 537,1 811,2 268,2 909,3 854,4 264
1527,Australia/New Zealand,,,1836,Kuwait,414,1 159,1 615,2 469,3 146,4 321,6 575,7 381,8 304,617,833,1 326,1 721,2 493,3 918,4 185,4 863,542,782,1 143,1 425,1 828,2 657,3 196,3 441
1528,Australia/New Zealand,,,1836,Lebanon,422,66 656,75 884,79 118,84 843,89 640,93 227,95 153,93 967,35 437,39 919,41 342,44 496,47 125,48 595,49 648,48 791,31 219,35 965,37 776,40 347,42 515,44 632,45 505,45 176
1529,Australia/New Zealand,,,1836,Oman,512,74,119,343,852,1 237,1 577,1 877,1 986,46,69,202,498,725,841,990,1 037,28,50,141,354,512,736,887,949
1530,Australia/New Zealand,,,1836,Qatar,634,94,152,249,447,654,1 111,1 993,2 716,58,90,140,267,376,606,1 064,1 413,36,62,109,180,278,505,929,1 303
1531,Australia/New Zealand,,,1836,Saudi Arabia,682,599,965,1 525,2 969,12 383,14 386,14 974,14 397,379,516,797,1 636,7 871,8 072,8 140,7 758,220,449,728,1 333,4 512,6 314,6 834,6 639
1532,Australia/New Zealand,,,1836,State of Palestine,275,3 057,3 087,3 061,3 255,3 061,3 194,3 230,3 046,1 768,1 774,1 742,1 838,1 736,1 800,1 802,1 680,1 289,1 313,1 319,1 417,1 325,1 394,1 428,1 366
1533,Australia/New Zealand,,,1836,Syrian Arab Republic,760,5 630,6 443,7 350,8 269,9 358,13 864,31 180,37 008,2 809,3 251,3 686,4 090,4 597,6 709,15 458,18 164,2 821,3 192,3 664,4 179,4 761,7 155,15 722,18 844
1534,Australia/New Zealand,,,1836,Türkiye,792,29 111,31 349,34 021,37 467,39 756,39 817,42 286,42 544,14 926,16 293,17 500,19 295,20 643,20 612,22 011,22 163,14 185,15 056,16 521,18 172,19 113,19 205,20 275,20 381
1535,Australia/New Zealand,,,1836,United Arab Emirates,784,956,1 293,1 804,3 519,6 068,9 380,15 710,20 649,537,688,958,1 969,3 453,4 948,8 253,10 752,419,605,846,1 550,2 615,4 432,7 457,9 897
1536,Australia/New Zealand,,,1836,Yemen,887,203,263,390,520,595,715,1 011,1 189,118,156,232,290,326,401,587,669,85,107,158,230,269,314,424,520
1537,Australia/New Zealand,,,1836,EUROPE,908,2 590 954,2 631 069,2 582 212,2 601 843,2 677 879,2 702 720,2 596 653,2 438 590,1 333 497,1 343 763,1 310 740,1 312 892,1 346 335,1 353 684,1 292 058,1 207 027,1 257 457,1 287 306,1 271 472,1 288 951,1 331 544,1 349 036,1 304 595,1 231 563
1538,Australia/New Zealand,,,1836,Eastern Europe,923,170 799,175 253,171 624,172 244,171 053,174 909,173 876,170 243,88 149,87 668,83 379,80 427,76 816,76 793,74 526,70 297,82 650,87 585,88 245,91 817,94 237,98 116,99 350,99 946
1539,Australia/New Zealand,,,1836,Belarus,112,1 075,1 238,1 357,1 608,1 840,2 177,2 479,2 586,510,571,607,706,757,883,959,981,565,667,750,902,1 083,1 294,1 520,1 605
1540,Australia/New Zealand,,,1836,Bulgaria,100,2 196,2 495,3 025,3 424,3 605,3 939,4 108,3 874,1 292,1 407,1 669,1 745,1 711,1 820,1 831,1 633,904,1 088,1 356,1 679,1 894,2 119,2 277,2 241
1541,Australia/New Zealand,,,1836,Czechia,203,14 627,14 480,13 770,14 592,14 730,15 040,14 194,13 019,8 253,7 912,7 311,7 404,7 161,7 077,6 545,5 816,6 374,6 568,6 459,7 188,7 569,7 963,7 649,7 203
1542,Australia/New Zealand,,,1836,Hungary,348,30 211,28 116,26 101,24 335,22 824,21 140,18 673,16 317,16 708,15 212,13 828,12 561,11 527,10 401,8 925,7 648,13 503,12 904,12 273,11 774,11 297,10 739,9 748,8 669
1543,Australia/New Zealand,,,1836,Poland,616,69 806,73 773,68 826,65 298,60 865,56 686,53 286,48 456,35 901,36 410,32 774,30 024,26 924,24 533,22 718,19 736,33 905,37 363,36 052,35 274,33 941,32 153,30 568,28 720
1544,Australia/New Zealand,,,1836,Republic of Moldova*,498,285,387,576,816,1 000,1 153,1 360,1 471,143,189,277,375,444,515,570,613,142,198,299,441,556,638,790,858
1545,Australia/New Zealand,,,1836,Romania,642,11 598,12 708,14 188,15 707,16 639,17 054,16 766,15 735,6 127,6 592,7 223,7 853,8 116,8 185,7 903,7 266,5 471,6 116,6 965,7 854,8 523,8 869,8 863,8 469
1546,Australia/New Zealand,,,1836,Russian Federation,643,17 041,18 281,19 540,22 469,25 926,32 320,36 720,39 044,7 312,7 763,8 114,8 967,10 124,12 515,14 062,14 699,9 729,10 518,11 426,13 502,15 802,19 805,22 658,24 345
1547,Australia/New Zealand,,,1836,Slovakia,703,5 576,5 741,6 360,6 055,5 998,6 701,6 999,6 753,3 188,3 162,3 419,3 057,2 822,3 103,3 145,2 880,2 388,2 579,2 941,2 998,3 176,3 598,3 854,3 873
1548,Australia/New Zealand,,,1836,Ukraine*,804,18 384,18 034,17 881,17 940,17 626,18 699,19 291,22 988,8 715,8 450,8 157,7 735,7 230,7 761,7 868,9 025,9 669,9 584,9 724,10 205,10 396,10 938,11 423,13 963
1549,Australia/New Zealand,,,1836,Northern Europe,924,1 448 098,1 478 448,1 451 348,1 466 922,1 563 737,1 614 470,1 575 806,1 504 033,733 516,746 658,731 450,741 123,794 139,819 564,799 551,762 256,714 582,731 790,719 898,725 799,769 598,794 906,776 255,741 777
1550,Australia/New Zealand,,,1836,Denmark*,208,9 385,9 670,9 939,10 481,10 609,10 235,9 646,8 927,5 261,5 300,5 418,5 601,5 575,5 300,4 890,4 463,4 124,4 370,4 521,4 880,5 034,4 935,4 756,4 464
1551,Australia/New Zealand,,,1836,Estonia,233,2 805,2 547,1 963,1 654,2 228,3 443,3 553,3 498,1 304,1 164,875,732,1 009,1 449,1 460,1 437,1 501,1 383,1 088,922,1 219,1 994,2 093,2 061
1552,Australia/New Zealand,,,1836,Finland*,246,9 389,9 390,9 412,9 503,9 523,9 175,8 576,7 752,4 736,4 491,4 374,4 281,4 076,3 733,3 317,2 891,4 653,4 899,5 038,5 222,5 447,5 442,5 259,4 861
1553,Australia/New Zealand,,,1836,Iceland,352,289,356,565,670,705,608,462,403,159,194,312,350,366,324,243,203,130,162,253,320,339,284,219,200
1554,Australia/New Zealand,,,1836,Ireland,372,57 887,59 847,60 225,62 631,80 111,102 732,100 706,99 192,30 136,31 312,31 316,32 596,43 236,54 834,53 493,53 261,27 751,28 535,28 909,30 035,36 875,47 898,47 213,45 931
1555,Australia/New Zealand,,,1836,Isle of Man*,833,681,708,706,756,878,820,895,876,340,358,359,394,462,452,470,473,341,350,347,362,416,368,425,403
1556,Australia/New Zealand,,,1836,Latvia,428,11 447,9 579,7 357,6 300,5 582,4 992,3 990,3 247,5 918,4 736,3 456,2 864,2 360,1 992,1 527,1 185,5 529,4 843,3 901,3 436,3 222,3 000,2 463,2 062
1557,Australia/New Zealand,,,1836,Lithuania,440,5 750,4 916,3 828,3 296,3 090,3 374,3 339,3 094,3 163,2 560,1 889,1 513,1 318,1 371,1 278,1 103,2 587,2 356,1 939,1 783,1 772,2 003,2 061,1 991
1558,Australia/New Zealand,,,1836,Norway*,578,2 299,2 647,3 985,4 392,4 347,4 382,4 100,3 910,1 333,1 480,2 162,2 192,2 070,1 947,1 831,1 607,966,1 167,1 823,2 200,2 277,2 435,2 269,2 303
1559,Australia/New Zealand,,,1836,Sweden,752,5 265,6 156,7 099,8 566,10 039,11 485,11 728,11 508,2 863,3 207,3 589,4 091,4 494,4 829,4 777,4 443,2 402,2 949,3 510,4 475,5 545,6 656,6 951,7 065
1560,Australia/New Zealand,,,1836,United Kingdom*,826,1 342 901,1 372 632,1 346 269,1 358 673,1 436 625,1 463 224,1 428 811,1 361 626,678 303,691 856,677 700,686 509,729 173,743 333,726 265,691 190,664 598,680 776,668 569,672 164,707 452,719 891,702 546,670 436
1561,Australia/New Zealand,,,1836,Southern Europe,925,677 383,671 612,655 324,648 704,619 481,594 101,541 128,481 567,359 810,353 041,341 427,333 568,314 340,299 696,268 618,236 881,317 573,318 571,313 897,315 136,305 141,294 405,272 510,244 686
1562,Australia/New Zealand,,,1836,Albania,8,822,1 119,1 529,2 281,2 872,3 447,3 973,4 105,478,672,869,1 211,1 466,1 776,2 026,2 011,344,447,660,1 070,1 406,1 671,1 947,2 094
1563,Australia/New Zealand,,,1836,Bosnia and Herzegovina,70,13 992,17 878,28 659,38 496,39 714,36 757,32 994,29 317,7 324,9 192,14 676,19 513,19 885,18 210,16 158,14 179,6 668,8 686,13 983,18 983,19 829,18 547,16 836,15 138
1564,Australia/New Zealand,,,1836,Croatia,191,55 533,57 434,58 254,69 644,68 492,61 762,54 563,47 534,30 030,30 345,30 584,36 031,34 910,31 005,26 830,23 064,25 503,27 089,27 670,33 613,33 582,30 757,27 733,24 470
1565,Australia/New Zealand,,,1836,Gibraltar*,292,458,464,477,485,480,492,470,445,212,218,217,237,246,245,238,228,246,246,260,248,234,247,232,217
1566,Australia/New Zealand,,,1836,Greece,300,137 306,137 763,130 671,129 008,122 541,115 825,103 086,89 351,70 298,70 381,66 314,64 542,60 406,56 446,49 092,42 412,67 008,67 382,64 357,64 466,62 135,59 379,53 994,46 939
1567,Australia/New Zealand,,,1836,Italy,380,258 304,252 674,235 384,222 054,206 496,201 012,177 380,154 940,139 208,135 202,124 492,115 874,106 520,104 083,90 817,78 605,119 096,117 472,110 892,106 180,99 976,96 929,86 563,76 335
1568,Australia/New Zealand,,,1836,Malta,470,54 087,55 588,52 561,51 360,48 650,44 062,39 249,34 451,28 573,29 168,27 434,26 525,24 905,22 335,19 703,17 132,25 514,26 420,25 127,24 835,23 745,21 727,19 546,17 319
1569,Australia/New Zealand,,,1836,Montenegro,499,6 958,5 263,5 326,3 524,1 876,2 033,1 876,1 673,3 745,2 787,2 767,1 816,954,1 020,900,798,3 213,2 476,2 559,1 708,922,1 013,976,875
1570,Australia/New Zealand,,,1836,North Macedonia,807,49 301,49 600,49 652,51 348,51 425,49 963,51 159,48 723,25 995,25 743,25 666,26 354,26 056,25 064,25 336,23 905,23 306,23 857,23 986,24 994,25 369,24 899,25 823,24 818
1571,Australia/New Zealand,,,1836,Portugal,620,18 619,18 638,17 987,18 160,18 485,19 148,18 631,17 637,9 811,9 731,9 371,9 421,9 511,9 816,9 480,8 913,8 808,8 907,8 616,8 739,8 974,9 332,9 151,8 724
1572,Australia/New Zealand,,,1836,Serbia*,688,57 213,50 798,52 020,39 229,35 147,33 796,31 787,28 629,30 666,26 569,27 046,20 130,17 689,16 696,15 439,13 690,26 547,24 229,24 974,19 099,17 458,17 100,16 348,14 939
1573,Australia/New Zealand,,,1836,Slovenia,705,10 038,9 611,8 622,8 786,8 382,8 068,6 627,5 483,5 480,5 148,4 534,4 514,4 231,4 032,3 177,2 600,4 558,4 463,4 088,4 272,4 151,4 036,3 450,2 883
1574,Australia/New Zealand,,,1836,Spain*,724,14 752,14 782,14 182,14 329,14 921,17 736,19 333,19 279,7 990,7 885,7 457,7 400,7 561,8 968,9 422,9 344,6 762,6 897,6 725,6 929,7 360,8 768,9 911,9 935
1575,Australia/New Zealand,,,1836,Western Europe,926,294 674,305 756,303 916,313 973,323 608,319 240,305 843,282 747,152 022,156 396,154 484,157 774,161 040,157 631,149 363,137 593,142 652,149 360,149 432,156 199,162 568,161 609,156 480,145 154
1576,Australia/New Zealand,,,1836,Austria,40,24 364,22 990,21 615,21 030,20 146,17 969,15 703,13 561,13 280,12 314,11 559,11 174,10 671,9 334,8 082,6 924,11 084,10 676,10 056,9 856,9 475,8 635,7 621,6 637
1577,Australia/New Zealand,,,1836,Belgium,56,4 565,4 991,5 320,5 796,6 517,7 288,7 823,7 695,2 203,2 425,2 606,2 854,3 233,3 672,3 913,3 877,2 362,2 566,2 714,2 942,3 284,3 616,3 910,3 818
1578,Australia/New Zealand,,,1836,France*,250,14 335,17 185,19 658,23 489,31 972,42 535,47 663,48 126,7 202,8 664,9 938,11 868,16 398,22 040,24 486,24 897,7 133,8 521,9 720,11 621,15 574,20 495,23 177,23 229
1579,Australia/New Zealand,,,1836,Germany,276,120 016,127 437,127 167,133 560,138 353,133 595,126 327,115 765,58 607,62 074,61 824,64 272,65 749,62 712,58 391,53 227,61 409,65 363,65 343,69 288,72 604,70 883,67 936,62 538
1580,Australia/New Zealand,,,1836,Luxembourg,442,103,123,150,174,212,252,308,322,49,59,78,82,100,112,150,154,54,64,72,92,112,140,158,168
1581,Australia/New Zealand,,,1836,Monaco,492,10,14,32,50,68,82,88,91,5,7,12,20,30,40,40,40,5,7,20,30,38,42,48,51
1582,Australia/New Zealand,,,1836,Netherlands*,528,119 211,119 667,115 163,113 796,109 237,100 169,90 716,80 631,64 055,63 629,60 542,59 061,56 025,50 844,45 527,40 157,55 156,56 038,54 621,54 735,53 212,49 325,45 189,40 474
1583,Australia/New Zealand,,,1836,Switzerland,756,12 070,13 349,14 811,16 078,17 103,17 350,17 215,16 556,6 621,7 224,7 925,8 443,8 834,8 877,8 774,8 317,5 449,6 125,6 886,7 635,8 269,8 473,8 441,8 239
1584,Australia/New Zealand,,,1836,LATIN AMERICA AND THE CARIBBEAN,904,78 344,84 069,87 626,99 384,127 323,164 526,230 942,287 045,38 089,40 660,42 171,47 668,61 331,78 485,109 755,136 479,40 255,43 409,45 455,51 716,65 992,86 041,121 187,150 566
1585,Australia/New Zealand,,,1836,Caribbean,915,3 528,3 858,4 244,4 710,5 200,6 063,6 271,6 361,1 786,1 940,2 160,2 388,2 645,3 101,3 139,3 200,1 742,1 918,2 084,2 322,2 555,2 962,3 132,3 161
1586,Australia/New Zealand,,,1836,Antigua and Barbuda,28,12,15,30,35,40,58,60,61,4,5,10,14,18,23,30,30,8,10,20,21,22,35,30,31
1587,Australia/New Zealand,,,1836,Aruba*,533,60,60,57,50,60,68,72,70,37,34,30,20,30,28,21,22,23,26,27,30,30,40,51,48
1588,Australia/New Zealand,,,1836,Bahamas,44,218,229,264,268,282,308,307,305,100,105,126,115,124,140,142,139,118,124,138,153,158,168,165,166
1589,Australia/New Zealand,,,1836,Barbados,52,341,359,370,382,428,450,430,408,194,208,208,208,230,240,239,215,147,151,162,174,198,210,191,193
1590,Australia/New Zealand,,,1836,Cayman Islands*,136,6,10,20,38,78,135,167,197,3,5,10,21,40,63,78,89,3,5,10,17,38,72,89,108
1591,Australia/New Zealand,,,1836,Cuba,192,423,494,508,612,745,882,972,1 008,216,256,271,324,392,482,528,561,207,238,237,288,353,400,444,447
1592,Australia/New Zealand,,,1836,Curaçao*,531,81,89,90,102,117,148,150,157,36,39,40,42,50,66,62,66,45,50,50,60,67,82,88,91
1593,Australia/New Zealand,,,1836,Dominican Republic,214,29,43,70,108,141,208,260,313,15,22,38,50,60,83,94,111,14,21,32,58,81,125,166,202
1594,Australia/New Zealand,,,1836,Grenada,308,87,94,125,128,130,140,150,143,41,45,55,68,79,70,78,75,46,49,70,60,51,70,72,68
1595,Australia/New Zealand,,,1836,Haiti,332,72,79,90,94,102,120,128,130,29,33,38,42,44,60,68,68,43,46,52,52,58,60,60,62
1596,Australia/New Zealand,,,1836,Jamaica,388,835,895,932,1 003,1 098,1 279,1 317,1 335,428,451,486,521,584,680,682,699,407,444,446,482,514,599,635,636
1597,Australia/New Zealand,,,1836,Puerto Rico*,630,72,88,135,166,145,172,220,220,26,34,55,72,67,92,112,120,46,54,80,94,78,80,108,100
1598,Australia/New Zealand,,,1836,Saint Kitts and Nevis,659,8,10,30,40,35,50,50,50,2,3,10,18,14,30,30,32,6,7,20,22,21,20,20,18
1599,Australia/New Zealand,,,1836,Saint Lucia,662,11,14,30,38,50,70,70,77,8,6,20,26,30,40,30,36,3,8,10,12,20,30,40,41
1600,Australia/New Zealand,,,1836,Saint Vincent and the Grenadines,670,53,55,80,88,56,70,68,57,30,27,59,56,32,40,46,36,23,28,21,32,24,30,22,21
1601,Australia/New Zealand,,,1836,Trinidad and Tobago,780,1 220,1 324,1 413,1 558,1 693,1 905,1 850,1 830,617,667,704,791,851,964,899,901,603,657,709,767,842,941,951,929
1602,Australia/New Zealand,,,1836,Central America,916,13 160,13 635,13 770,14 551,16 522,19 324,21 837,23 537,6 506,6 657,6 681,7 087,8 094,9 352,10 333,11 164,6 654,6 978,7 089,7 464,8 428,9 972,11 504,12 373
1603,Australia/New Zealand,,,1836,Belize,84,33,39,48,60,62,80,80,80,13,11,18,30,24,35,30,32,20,28,30,30,38,45,50,48
1604,Australia/New Zealand,,,1836,Costa Rica,188,323,348,352,380,437,505,616,674,185,195,193,200,229,255,298,320,138,153,159,180,208,250,318,354
1605,Australia/New Zealand,,,1836,El Salvador,222,10 849,10 890,10 670,10 750,10 945,11 360,11 260,10 898,5 355,5 351,5 193,5 242,5 343,5 507,5 385,5 200,5 494,5 539,5 477,5 508,5 602,5 853,5 875,5 698
1606,Australia/New Zealand,,,1836,Guatemala,320,218,256,310,350,414,536,640,788,105,123,150,158,194,250,303,368,113,133,160,192,220,286,337,420
1607,Australia/New Zealand,,,1836,Honduras,340,141,162,185,225,240,315,385,495,73,76,97,125,120,147,187,241,68,86,88,100,120,168,198,254
1608,Australia/New Zealand,,,1836,Mexico,484,632,961,1 268,1 838,3 388,5 410,7 647,9 381,301,433,583,868,1 671,2 625,3 573,4 444,331,528,685,970,1 717,2 785,4 074,4 937
1609,Australia/New Zealand,,,1836,Nicaragua,558,858,851,797,776,818,863,895,877,412,406,377,364,385,402,424,406,446,445,420,412,433,461,471,471
1610,Australia/New Zealand,,,1836,Panama,591,106,128,140,172,218,255,314,344,62,62,70,100,128,131,133,153,44,66,70,72,90,124,181,191
1611,Australia/New Zealand,,,1836,South America,931,61 656,66 576,69 612,80 123,105 601,139 139,202 834,257 147,29 797,32 063,33 330,38 193,50 592,66 032,96 283,122 115,31 859,34 513,36 282,41 930,55 009,73 107,106 551,135 032
1612,Australia/New Zealand,,,1836,Argentina,32,11 860,12 482,12 416,13 935,15 114,18 074,24 368,30 586,5 857,6 143,6 092,6 812,7 395,8 763,11 818,14 784,6 003,6 339,6 324,7 123,7 719,9 311,12 550,15 802
1613,Australia/New Zealand,,,1836,Bolivia (Plurinational State of),68,534,608,694,770,863,1 058,1 125,1 196,264,297,336,364,404,495,512,539,270,311,358,406,459,563,613,657
1614,Australia/New Zealand,,,1836,Brazil,76,2 443,3 767,5 366,9 126,19 394,32 977,61 782,81 641,1 117,1 738,2 436,4 300,9 289,15 634,29 431,38 971,1 326,2 029,2 930,4 826,10 105,17 343,32 351,42 670
1615,Australia/New Zealand,,,1836,Chile,152,27 062,27 598,26 810,28 170,30 322,33 397,38 333,41 965,13 112,13 366,12 968,13 631,14 721,16 225,18 687,20 359,13 950,14 232,13 842,14 539,15 601,17 172,19 646,21 606
1616,Australia/New Zealand,,,1836,Colombia,170,1 826,2 819,4 248,6 160,13 157,21 788,42 327,63 998,848,1 341,2 038,2 855,6 208,10 030,19 854,30 108,978,1 478,2 210,3 305,6 949,11 758,22 473,33 890
1617,Australia/New Zealand,,,1836,Ecuador,218,1 183,1 343,1 457,1 655,1 934,2 758,2 836,3 550,599,674,722,804,948,1 358,1 341,1 688,584,669,735,851,986,1 400,1 495,1 862
1618,Australia/New Zealand,,,1836,Falkland Islands (Malvinas)*,238,114,115,130,120,130,120,92,79,62,61,68,60,65,60,45,38,52,54,62,60,65,60,47,41
1619,Australia/New Zealand,,,1836,Guyana,328,480,507,519,563,602,661,618,568,215,229,231,262,280,311,301,273,265,278,288,301,322,350,317,295
1620,Australia/New Zealand,,,1836,Paraguay,600,272,306,357,411,443,499,572,635,130,144,159,190,205,227,247,273,142,162,198,221,238,272,325,362
1621,Australia/New Zealand,,,1836,Peru,604,4 190,5 103,5 784,6 712,9 577,11 282,12 802,14 420,1 870,2 266,2 523,2 928,4 299,4 913,5 459,6 187,2 320,2 837,3 261,3 784,5 278,6 369,7 343,8 233
1622,Australia/New Zealand,,,1836,Suriname,740,67,79,87,102,120,165,160,156,31,31,40,50,50,67,62,62,36,48,47,52,70,98,98,94
1623,Australia/New Zealand,,,1836,Uruguay,858,11 124,11 053,10 563,10 804,10 621,10 589,10 470,9 951,5 456,5 395,5 153,5 207,5 108,5 066,4 968,4 703,5 668,5 658,5 410,5 597,5 513,5 523,5 502,5 248
1624,Australia/New Zealand,,,1836,Venezuela (Bolivarian Republic of),862,501,796,1 181,1 595,3 324,5 771,7 349,8 402,236,378,564,730,1 620,2 883,3 558,4 130,265,418,617,865,1 704,2 888,3 791,4 272
1625,Australia/New Zealand,,,1836,NORTHERN AMERICA,905,88 584,101 108,111 205,133 499,160 509,193 123,211 641,218 010,46 201,51 699,55 663,65 971,78 358,93 991,97 782,101 193,42 383,49 409,55 542,67 528,82 151,99 132,113 859,116 817
1626,Australia/New Zealand,,,1836,Bermuda*,60,329,366,409,463,515,578,598,606,161,179,197,225,253,286,279,290,168,187,212,238,262,292,319,316
1627,Australia/New Zealand,,,1836,Canada,124,30 098,34 500,37 981,45 188,53 952,63 305,68 618,70 339,14 937,16 701,18 211,21 448,25 173,29 084,30 588,31 194,15 161,17 799,19 770,23 740,28 779,34 221,38 030,39 145
1628,Australia/New Zealand,,,1836,United States of America*,840,58 157,66 242,72 815,87 848,106 042,129 240,142 425,147 065,31 103,34 819,37 255,44 298,52 932,64 621,66 915,69 709,27 054,31 423,35 560,43 550,53 110,64 619,75 510,77 356
1629,Australia/New Zealand,,,1836,OCEANIA,909,477 357,543 388,636 110,732 263,861 566,960 855,1 014 414,1 068 501,235 693,268 305,314 936,363 786,430 164,478 337,505 917,535 246,241 664,275 083,321 174,368 477,431 402,482 518,508 497,533 255
1630,Australia/New Zealand,,,1836,Australia/New Zealand,927,312 024,358 418,422 236,485 874,583 192,644 147,664 403,677 217,157 522,181 043,213 089,246 010,296 914,325 737,334 866,340 780,154 502,177 375,209 147,239 864,286 278,318 410,329 537,336 437
1631,Australia/New Zealand,,,1836,Australia*,36,48 723,53 903,55 949,61 754,62 683,68 984,80 634,89 129,22 815,25 177,26 020,28 866,29 219,32 378,38 144,42 163,25 908,28 726,29 929,32 888,33 464,36 606,42 490,46 966
1632,Australia/New Zealand,,,1836,New Zealand*,554,263 301,304 515,366 287,424 120,520 509,575 163,583 769,588 088,134 707,155 866,187 069,217 144,267 695,293 359,296 722,298 617,128 594,148 649,179 218,206 976,252 814,281 804,287 047,289 471
1633,Australia/New Zealand,,,1836,Melanesia,928,73 749,86 883,100 855,121 920,145 900,168 853,183 598,207 192,34 576,40 752,47 405,57 403,68 633,79 391,87 265,100 803,39 173,46 131,53 450,64 517,77 267,89 462,96 333,106 389
1634,Australia/New Zealand,,,1836,Fiji,242,45 744,57 280,71 576,90 935,111 167,130 023,141 694,153 987,21 760,27 214,33 899,43 300,52 762,61 781,67 621,73 487,23 984,30 066,37 677,47 635,58 405,68 242,74 073,80 500
1635,Australia/New Zealand,,,1836,New Caledonia*,540,1 076,1 142,1 202,1 255,1 442,1 553,1 536,1 520,450,484,507,545,656,682,692,689,626,658,695,710,786,871,844,831
1636,Australia/New Zealand,,,1836,Papua New Guinea,598,24 941,26 204,25 625,26 907,30 064,33 592,33 732,34 316,11 716,12 218,11 846,12 269,13 732,15 191,15 072,15 269,13 225,13 986,13 779,14 638,16 332,18 401,18 660,19 047
1637,Australia/New Zealand,,,1836,Solomon Islands,90,1 067,1 255,1 395,1 640,1 944,2 295,2 886,7 161,366,471,638,722,872,1 032,1 358,4 117,701,784,757,918,1 072,1 263,1 528,3 044
1638,Australia/New Zealand,,,1836,Vanuatu,548,921,1 002,1 057,1 183,1 283,1 390,3 750,10 208,284,365,515,567,611,705,2 522,7 241,637,637,542,616,672,685,1 228,2 967
1639,Australia/New Zealand,,,1836,Micronesia,954,1 322,1 419,1 487,1 914,2 559,3 275,4 260,5 523,550,597,626,836,1 148,1 479,1 933,2 613,772,822,861,1 078,1 411,1 796,2 327,2 910
1640,Australia/New Zealand,,,1836,Guam*,316,29,39,50,80,97,120,130,141,12,17,20,42,52,62,70,81,17,22,30,38,45,58,60,60
1641,Australia/New Zealand,,,1836,Kiribati,296,854,899,943,1 264,1 832,2 467,3 400,4 600,312,335,369,496,764,1 081,1 523,2 159,542,564,574,768,1 068,1 386,1 877,2 441
1642,Australia/New Zealand,,,1836,Nauru,520,439,481,494,570,630,688,730,782,226,245,237,298,332,336,340,373,213,236,257,272,298,352,390,409
1643,Australia/New Zealand,,,1836,Polynesia*,957,90 262,96 668,111 532,122 555,129 915,144 580,162 153,178 569,43 045,45 913,53 816,59 537,63 469,71 730,81 853,91 050,47 217,50 755,57 716,63 018,66 446,72 850,80 300,87 519
1644,Australia/New Zealand,,,1836,American Samoa*,16,56,82,135,203,262,412,485,517,32,47,76,113,152,230,260,281,24,35,59,90,110,182,225,236
1645,Australia/New Zealand,,,1836,Cook Islands*,184,17 580,16 860,19 645,20 235,20 239,20 506,20 085,20 237,8 376,8 005,9 483,9 757,9 727,9 925,9 660,9 786,9 204,8 855,10 162,10 478,10 512,10 581,10 425,10 451
1646,Australia/New Zealand,,,1836,French Polynesia*,258,212,255,343,392,465,535,543,521,86,112,145,152,186,234,235,229,126,143,198,240,279,301,308,292
1647,Australia/New Zealand,,,1836,Niue*,570,5 624,5 615,5 771,5 493,5 207,5 035,4 946,4 932,2 717,2 670,2 738,2 601,2 442,2 345,2 305,2 299,2 907,2 945,3 033,2 892,2 765,2 690,2 641,2 633
1648,Australia/New Zealand,,,1836,Samoa,882,49 330,52 277,59 621,66 765,71 211,80 806,91 939,102 039,23 433,24 632,28 428,32 116,34 490,39 689,45 784,51 226,25 897,27 645,31 193,34 649,36 721,41 117,46 155,50 813
1649,Australia/New Zealand,,,1836,Tokelau*,772,131,188,277,423,570,668,610,588,71,101,147,222,312,355,324,315,60,87,130,201,258,313,286,273
1650,Australia/New Zealand,,,1836,Tonga,776,17 259,21 308,25 623,28 904,31 814,36 423,43 300,49 445,8 299,10 309,12 742,14 506,16 096,18 848,23 165,26 767,8 960,10 999,12 881,14 398,15 718,17 575,20 135,22 678
1651,Australia/New Zealand,,,1836,Tuvalu,798,70,83,117,140,147,195,245,290,31,37,57,70,64,104,120,147,39,46,60,70,83,91,125,143
1652,Australia/New Zealand,,,1836,Others,2003,202 395,97 348,45 497,43 567,50 437,59 639,65 725,77 255,110 279,54 115,23 046,21 897,25 556,29 894,32 466,37 065,92 116,43 233,22 451,21 670,24 881,29 745,33 259,40 190
1653,Europe and Northern America,,,1829,World,900,79 008 202,89 861 179,99 542 834,111 451 697,123 517 093,131 730 220,141 802 488,155 259 380,38 084 445,43 507 843,48 385 897,54 466 202,59 782 315,63 548 733,68 730 941,75 405 737,40 923 757,46 353 336,51 156 937,56 985 495,63 734 778,68 181 487,73 071 547,79 853 643
1654,Europe and Northern America,,,1829,Sub-Saharan Africa,1834,1 368 683,1 650 816,2 275 381,3 014 284,3 801 133,4 731 741,5 861 754,6 865 542,712 764,853 690,1 159 844,1 541 946,1 937 327,2 380 840,3 035 395,3 533 708,655 919,797 126,1 115 537,1 472 338,1 863 806,2 350 901,2 826 359,3 331 834
1655,Europe and Northern America,,,1829,Northern Africa and Western Asia,1833,7 922 648,8 708 745,9 464 979,10 275 655,11 074 408,11 673 662,13 234 657,14 397 799,4 206 893,4 698 239,5 204 939,5 649 260,6 012 480,6 280 308,7 130 482,7 750 666,3 715 755,4 010 506,4 260 040,4 626 395,5 061 928,5 393 354,6 104 175,6 647 133
1656,Europe and Northern America,,,1829,Central and Southern Asia,1831,7 616 983,8 371 910,9 748 764,11 416 919,13 160 228,14 242 187,15 542 546,17 045 689,3 820 911,4 215 827,4 995 461,5 869 823,6 782 961,7 406 978,8 139 807,8 972 031,3 796 072,4 156 083,4 753 303,5 547 096,6 377 267,6 835 209,7 402 739,8 073 658
1657,Europe and Northern America,,,1829,Eastern and South-Eastern Asia,1832,5 866 920,7 192 270,8 772 514,10 049 939,11 929 508,13 383 136,13 957 257,14 722 603,2 716 214,3 355 929,3 943 561,4 511 673,5 250 964,5 795 930,6 019 919,6 249 930,3 150 706,3 836 341,4 828 953,5 538 266,6 678 544,7 587 206,7 937 338,8 472 673
1658,Europe and Northern America,,,1829,Latin America and the Caribbean,1830,10 543 785,14 842 407,18 981 495,23 697 976,27 072 051,28 479 253,30 490 374,33 512 055,5 410 793,7 447 881,9 637 413,12 155 804,13 474 962,13 936 462,14 772 051,16 155 368,5 132 992,7 394 526,9 344 082,11 542 172,13 597 089,14 542 791,15 718 323,17 356 687
1659,Europe and Northern America,,,1829,Oceania (excluding Australia and New Zealand),1835,16 527,19 024,22 037,24 833,25 843,26 145,25 782,25 108,8 315,9 320,10 442,11 415,12 244,12 204,11 909,11 525,8 212,9 704,11 595,13 418,13 599,13 941,13 873,13 583
1660,Europe and Northern America,,,1829,Australia/New Zealand,1836,185 088,211 622,245 709,265 250,287 897,295 759,298 730,310 089,86 012,97 933,113 039,124 402,138 765,147 164,154 155,163 857,99 076,113 689,132 670,140 848,149 132,148 595,144 575,146 232
1661,Europe and Northern America,,,1829,Europe and Northern America,1829,38 151 860,40 186 923,39 327 522,40 591 867,43 529 119,45 124 170,46 839 505,54 120 744,17 471 670,18 332 944,17 976 776,18 677 767,20 038 302,20 939 905,22 031 329,25 206 760,20 680 190,21 853 979,21 350 746,21 914 100,23 490 817,24 184 265,24 808 176,28 913 984
1662,Europe and Northern America,,,1829,More developed regions,901,38 817 166,41 067 092,40 152 560,41 412 550,44 373 229,46 017 842,47 731 362,55 037 976,17 752 366,18 717 299,18 303 879,19 022 485,20 396 791,21 319 626,22 419 635,25 608 592,21 064 800,22 349 793,21 848 681,22 390 065,23 976 438,24 698 216,25 311 727,29 429 384
1663,Europe and Northern America,,,1829,Less developed regions,902,32 855 328,40 116 625,48 685 841,57 924 173,66 506 958,71 938 211,78 519 243,85 961 653,16 681 206,20 294 464,24 737 596,29 519 605,33 251 214,35 580 165,38 875 412,42 435 253,16 174 122,19 822 161,23 948 245,28 404 568,33 255 744,36 358 046,39 643 831,43 526 400
1664,Europe and Northern America,,,1829,Least developed countries,941,1 625 382,2 025 064,2 516 098,3 170 100,3 967 989,4 984 228,6 210 866,7 446 806,833 119,1 031 539,1 281 274,1 631 670,2 047 991,2 573 669,3 293 292,3 962 297,792 263,993 525,1 234 824,1 538 430,1 919 998,2 410 559,2 917 574,3 484 509
1665,Europe and Northern America,,,1829,"Less developed regions, excluding least developed countries",934,31 229 946,38 091 561,46 169 743,54 754 073,62 538 969,66 953 983,72 308 377,78 514 847,15 848 087,19 262 925,23 456 322,27 887 935,31 203 223,33 006 496,35 582 120,38 472 956,15 381 859,18 828 636,22 713 421,26 866 138,31 335 746,33 947 487,36 726 257,40 041 891
1666,Europe and Northern America,,,1829,"Less developed regions, excluding China",948,31 374 245,38 261 999,45 920 148,54 573 688,62 268 169,66 939 923,73 228 774,80 352 526,15 956 211,19 376 499,23 431 168,27 956 090,31 302 749,33 330 639,36 488 872,39 954 938,15 418 034,18 885 500,22 488 980,26 617 598,30 965 420,33 609 284,36 739 902,40 397 588
1667,Europe and Northern America,,,1829,Land-locked Developing Countries (LLDC),1636,8 189 646,8 405 581,8 645 740,9 568 177,10 344 742,9 817 592,9 764 307,9 875 710,3 980 130,4 180 503,4 407 270,4 830 740,5 174 303,4 913 829,4 927 719,5 035 571,4 209 516,4 225 078,4 238 470,4 737 437,5 170 439,4 903 763,4 836 588,4 840 139
1668,Europe and Northern America,,,1829,Small Island Developing States (SIDS),1637,3 665 217,4 460 022,5 243 834,5 843 996,6 818 549,7 703 273,8 488 744,9 193 297,1 696 233,2 021 509,2 391 506,2 673 671,3 120 703,3 528 504,3 925 739,4 238 271,1 968 984,2 438 513,2 852 328,3 170 325,3 697 846,4 174 769,4 563 005,4 955 026
1669,Europe and Northern America,,,1829,High-and-upper-middle-income countries,5503,54 772 072,62 127 390,66 603 928,73 260 397,80 701 657,84 249 685,87 464 060,91 940 203,25 923 683,29 454 408,31 861 952,35 395 508,38 579 894,40 122 158,41 833 016,44 000 768,28 848 389,32 672 982,34 741 976,37 864 889,42 121 763,44 127 527,45 631 044,47 939 435
1670,Europe and Northern America,,,1829,Low-and-Lower-middle-income countries,5504,16 769 258,18 898 494,21 992 222,25 725 628,29 747 897,33 167 913,37 737 103,47 553 443,8 447 894,9 478 883,11 072 637,12 983 790,14 871 540,16 529 200,18 978 424,23 350 751,8 321 364,9 419 611,10 919 585,12 741 838,14 876 357,16 638 713,18 758 679,24 202 692
1671,Europe and Northern America,,,1829,High-income countries,1503,25 479 336,27 976 349,28 134 675,29 730 116,32 884 032,35 111 718,36 798 013,38 346 610,11 700 485,12 790 019,12 897 583,13 844 621,15 405 235,16 638 998,17 708 159,18 584 083,13 778 851,15 186 330,15 237 092,15 885 495,17 478 797,18 472 720,19 089 854,19 762 527
1672,Europe and Northern America,,,1829,Low-and-middle-income countries,1859,46 061 994,53 049 535,60 461 475,69 255 909,77 565 522,82 305 880,88 403 150,101 147 036,22 671 092,26 143 272,30 037 006,34 534 677,38 046 199,40 012 360,43 103 281,48 767 436,23 390 902,26 906 263,30 424 469,34 721 232,39 519 323,42 293 520,45 299 869,52 379 600
1673,Europe and Northern America,,,1829,Middle-income countries,1517,45 523 771,52 430 766,59 543 457,67 989 935,75 926 037,79 826 431,84 334 874,96 038 386,22 384 202,25 810 267,29 548 094,33 864 741,37 177 716,38 666 764,40 832 014,45 878 200,23 139 569,26 620 499,29 995 363,34 125 194,38 748 321,41 159 667,43 502 860,50 160 186
1674,Europe and Northern America,,,1829,Upper-middle-income countries,1502,29 292 736,34 151 041,38 469 253,43 530 281,47 817 625,49 137 967,50 666 047,53 593 593,14 223 198,16 664 389,18 964 369,21 550 887,23 174 659,23 483 160,24 124 857,25 416 685,15 069 538,17 486 652,19 504 884,21 979 394,24 642 966,25 654 807,26 541 190,28 176 908
1675,Europe and Northern America,,,1829,Lower-middle-income countries,1501,16 231 035,18 279 725,21 074 204,24 459 654,28 108 412,30 688 464,33 668 827,42 444 793,8 161 004,9 145 878,10 583 725,12 313 854,14 003 057,15 183 604,16 707 157,20 461 515,8 070 031,9 133 847,10 490 479,12 145 800,14 105 355,15 504 860,16 961 670,21 983 278
1676,Europe and Northern America,,,1829,Low-income countries,1500,538 223,618 769,918 018,1 265 974,1 639 485,2 479 449,4 068 276,5 108 650,286 890,333 005,488 912,669 936,868 483,1 345 596,2 271 267,2 889 236,251 333,285 764,429 106,596 038,771 002,1 133 853,1 797 009,2 219 414
1677,Europe and Northern America,,,1829,No income group available,1518,131 134,157 813,242 231,350 688,430 633,538 455,1 049 442,1 505 983,61 977,78 461,106 876,162 787,196 571,248 433,483 607,692 326,69 157,79 352,135 355,187 901,234 062,290 022,565 835,813 657
1678,Europe and Northern America,,,1829,AFRICA,903,4 479 718,4 969 359,5 925 775,7 436 126,8 821 335,10 103 622,11 814 713,13 305 405,2 411 419,2 650 964,3 144 967,3 983 727,4 670 236,5 248 935,6 199 064,6 953 410,2 068 299,2 318 395,2 780 808,3 452 399,4 151 099,4 854 687,5 615 649,6 351 995
1679,Europe and Northern America,,,1829,Eastern Africa,910,509 810,574 186,811 218,1 007 664,1 283 943,1 663 365,1 971 438,2 314 808,255 490,280 657,399 451,478 294,609 529,779 582,934 518,1 091 318,254 320,293 529,411 767,529 370,674 414,883 783,1 036 920,1 223 490
1680,Europe and Northern America,,,1829,Burundi,108,3 139,4 370,6 436,10 168,14 921,18 409,24 831,34 083,1 601,2 162,3 020,4 851,7 004,8 574,11 490,16 037,1 538,2 208,3 416,5 317,7 917,9 835,13 341,18 046
1681,Europe and Northern America,,,1829,Comoros,174,11 817,16 717,23 326,31 219,37 270,106 380,151 551,231 908,6 789,9 072,11 999,15 416,17 665,47 679,67 622,102 186,5 028,7 645,11 327,15 803,19 605,58 701,83 929,129 722
1682,Europe and Northern America,,,1829,Djibouti,262,23,35,54,71,106,128,149,163,12,15,22,28,43,50,62,69,11,20,32,43,63,78,87,94
1683,Europe and Northern America,,,1829,Eritrea,232,16 791,19 012,23 300,30 314,44 571,91 880,167 975,214 115,7 029,8 270,10 702,14 734,22 642,50 510,93 186,118 554,9 762,10 742,12 598,15 580,21 929,41 370,74 789,95 561
1684,Europe and Northern America,,,1829,Ethiopia,231,75 079,58 566,127 976,177 651,255 559,343 236,418 449,512 190,41 351,31 590,70 575,87 919,127 283,167 452,204 414,246 720,33 728,26 976,57 401,89 732,128 276,175 784,214 035,265 470
1685,Europe and Northern America,,,1829,Kenya,404,144 050,145 694,194 877,227 271,261 699,317 550,343 807,391 652,75 108,73 306,101 478,113 078,128 717,147 749,162 079,181 325,68 942,72 388,93 399,114 193,132 982,169 801,181 728,210 327
1686,Europe and Northern America,,,1829,Madagascar,450,66 038,77 282,91 552,111 208,121 223,138 965,157 060,169 594,31 294,35 158,39 832,46 881,50 455,55 859,62 339,66 106,34 744,42 124,51 720,64 327,70 768,83 106,94 721,103 488
1687,Europe and Northern America,,,1829,Malawi,454,106,161,254,444,592,725,862,967,47,65,100,182,250,302,370,416,59,96,154,262,342,423,492,551
1688,Europe and Northern America,,,1829,Mauritius,480,37 738,43 492,49 657,57 978,65 805,72 096,74 314,76 727,16 362,18 361,20 451,24 028,27 482,29 780,30 198,30 637,21 376,25 131,29 206,33 950,38 323,42 316,44 116,46 090
1689,Europe and Northern America,,,1829,Mayotte,175,0..,0..,0..,0..,1,0..,0..,0..,0..,0..,0..,0..,1,0..,0..,0..,0..,0..,0..,0..,0..,0..,0..,0..
1690,Europe and Northern America,,,1829,Mozambique,508,75 065,74 193,76 331,75 956,63 138,71 648,82 507,92 773,35 890,35 128,35 915,35 767,29 857,31 984,38 227,42 993,39 175,39 065,40 416,40 189,33 281,39 664,44 280,49 780
1691,Europe and Northern America,,,1829,Réunion,638,11,5,6,3,1,0..,0..,0..,7,3,3,1,1,0..,0..,0..,4,2,3,2,0..,0..,0..,0..
1692,Europe and Northern America,,,1829,Rwanda,646,4 337,6 129,9 219,13 751,19 662,22 636,25 161,28 099,2 116,2 935,4 382,6 378,8 912,10 366,11 445,12 646,2 221,3 194,4 837,7 373,10 750,12 270,13 716,15 453
1693,Europe and Northern America,,,1829,Seychelles,690,646,730,802,888,980,1 019,972,867,135,150,158,173,207,230,204,179,511,580,644,715,773,789,768,688
1694,Europe and Northern America,,,1829,Somalia,706,21 947,59 656,118 749,150 118,227 930,291 625,328 167,358 654,11 779,31 630,58 873,72 499,109 732,141 962,160 542,176 798,10 168,28 026,59 876,77 619,118 198,149 663,167 625,181 856
1695,Europe and Northern America,,,1829,South Sudan,728,1,1,3,3,4,70,214,259,0..,0..,1,2,2,37,117,136,1,1,2,1,2,33,97,123
1696,Europe and Northern America,,,1829,Uganda,800,9 763,11 205,12 657,13 672,15 375,17 632,19 967,21 337,4 908,5 580,6 330,6 593,7 048,8 229,9 224,9 912,4 855,5 625,6 327,7 079,8 327,9 403,10 743,11 425
1697,Europe and Northern America,,,1829,United Republic of Tanzania,834,19 485,20 783,22 148,23 211,23 950,25 581,26 529,26 774,9 598,10 209,10 702,11 176,11 845,12 294,12 914,13 075,9 887,10 574,11 446,12 035,12 105,13 287,13 615,13 699
1698,Europe and Northern America,,,1829,Zambia,894,1 036,1 229,1 472,1 761,2 230,2 471,2 861,3 071,560,624,700,802,985,1 070,1 282,1 355,476,605,772,959,1 245,1 401,1 579,1 716
1699,Europe and Northern America,,,1829,Zimbabwe,716,22 738,34 926,52 399,81 977,128 926,141 314,146 062,151 575,10 904,16 399,24 208,37 786,59 398,65 455,68 803,72 174,11 834,18 527,28 191,44 191,69 528,75 859,77 259,79 401
1700,Europe and Northern America,,,1829,Middle Africa,911,287 586,333 271,406 732,510 317,568 610,675 244,801 612,913 150,143 249,163 314,195 719,239 431,263 142,305 083,363 511,409 761,144 337,169 957,211 013,270 886,305 468,370 161,438 101,503 389
1701,Europe and Northern America,,,1829,Angola,24,143 079,156 472,176 471,174 834,145 829,165 536,191 277,215 158,67 171,73 607,83 473,82 436,68 775,73 746,88 343,99 397,75 908,82 865,92 998,92 398,77 054,91 790,102 934,115 761
1702,Europe and Northern America,,,1829,Cameroon,120,28 575,35 644,47 969,78 480,109 546,145 856,185 754,225 516,15 119,17 868,22 647,34 760,47 812,63 767,82 887,101 152,13 456,17 776,25 322,43 720,61 734,82 089,102 867,124 364
1703,Europe and Northern America,,,1829,Central African Republic,140,64,104,108,269,447,480,507,542,37,53,48,133,227,237,259,278,27,51,60,136,220,243,248,264
1704,Europe and Northern America,,,1829,Chad,148,80,148,236,313,410,705,737,793,45,76,113,154,212,465,495,529,35,72,123,159,198,240,242,264
1705,Europe and Northern America,,,1829,Congo,178,28 205,39 927,55 309,68 577,77 792,88 317,97 757,104 960,15 294,21 173,28 488,33 878,37 643,42 096,44 884,46 178,12 911,18 754,26 821,34 699,40 149,46 221,52 873,58 782
1706,Europe and Northern America,,,1829,Democratic Republic of the Congo,180,74 053,79 498,91 141,136 598,176 626,212 295,249 584,279 760,39 167,40 620,45 057,65 846,83 878,99 368,115 559,127 294,34 886,38 878,46 084,70 752,92 748,112 927,134 025,152 466
1707,Europe and Northern America,,,1829,Equatorial Guinea,226,20,3 069,10 837,17 928,21 519,19 636,22 153,24 751,7,1 232,4 358,7 036,8 151,7 350,8 057,8 904,13,1 837,6 479,10 892,13 368,12 286,14 096,15 847
1708,Europe and Northern America,,,1829,Gabon,266,7 926,9 585,12 238,17 922,20 628,24 485,33 112,38 337,3 781,4 599,5 808,8 165,9 272,10 422,13 830,15 675,4 145,4 986,6 430,9 757,11 356,14 063,19 282,22 662
1709,Europe and Northern America,,,1829,Sao Tome and Principe,678,5 584,8 824,12 423,15 396,15 813,17 934,20 731,23 333,2 628,4 086,5 727,7 023,7 172,7 632,9 197,10 354,2 956,4 738,6 696,8 373,8 641,10 302,11 534,12 979
1710,Europe and Northern America,,,1829,Northern Africa,912,3 111 035,3 318 543,3 650 394,4 421 842,5 020 202,5 371 881,5 952 959,6 439 863,1 698 655,1 797 274,1 985 123,2 441 781,2 732 909,2 868 095,3 163 669,3 419 702,1 412 380,1 521 269,1 665 271,1 980 061,2 287 293,2 503 786,2 789 290,3 020 161
1711,Europe and Northern America,,,1829,Algeria,12,1 379 868,1 342 034,1 347 489,1 473 011,1 525 766,1 566 533,1 622 464,1 657 182,730 039,700 386,697 458,761 955,780 091,787 754,812 020,822 151,649 829,641 648,650 031,711 056,745 675,778 779,810 444,835 031
1712,Europe and Northern America,,,1829,Egypt,818,163 403,206 414,264 589,320 027,373 803,471 786,565 914,647 122,98 234,117 437,156 876,194 833,225 978,283 928,337 809,383 921,65 169,88 977,107 713,125 194,147 825,187 858,228 105,263 201
1713,Europe and Northern America,,,1829,Libya,434,42 428,42 839,42 208,41 968,43 567,46 948,48 703,50 958,20 628,21 114,20 856,20 900,21 692,23 438,24 893,26 096,21 800,21 725,21 352,21 068,21 875,23 510,23 810,24 862
1714,Europe and Northern America,,,1829,Morocco,504,1 112 660,1 307 607,1 559 669,2 100 206,2 544 904,2 701 451,3 057 962,3 367 037,619 930,725 622,867 763,1 189 330,1 402 212,1 438 412,1 615 497,1 783 303,492 730,581 985,691 906,910 876,1 142 692,1 263 039,1 442 465,1 583 734
1715,Europe and Northern America,,,1829,Sudan,729,3 646,6 259,10 629,19 246,25 733,32 880,54 096,75 197,2 514,3 856,6 214,11 376,15 014,20 526,35 302,49 244,1 132,2 403,4 415,7 870,10 719,12 354,18 794,25 953
1716,Europe and Northern America,,,1829,Tunisia,788,408 827,413 287,425 806,467 377,506 428,552 233,603 783,642 327,227 107,228 757,235 954,263 381,287 921,313 994,338 118,354 954,181 720,184 530,189 852,203 996,218 507,238 239,265 665,287 373
1717,Europe and Northern America,,,1829,Western Sahara,732,203,103,4,7,1,50,37,40,203,102,2,6,1,43,30,33,0..,1,2,1,0..,7,7,7
1718,Europe and Northern America,,,1829,Southern Africa,913,152 752,191 940,283 156,350 299,386 287,426 138,491 065,559 764,73 396,93 630,133 924,173 571,188 116,209 718,248 095,285 209,79 356,98 310,149 232,176 728,198 171,216 420,242 970,274 555
1719,Europe and Northern America,,,1829,Botswana,72,86,110,166,196,229,237,252,291,39,52,83,99,113,110,120,140,47,58,83,97,116,127,132,151
1720,Europe and Northern America,,,1829,Eswatini,748,99,160,228,442,607,685,763,858,52,79,106,250,363,399,452,508,47,81,122,192,244,286,311,350
1721,Europe and Northern America,,,1829,Lesotho,426,39,43,47,52,56,67,62,62,14,15,16,20,21,27,22,21,25,28,31,32,35,40,40,41
1722,Europe and Northern America,,,1829,Namibia,516,98,102,134,204,262,322,450,536,49,43,63,89,113,133,181,223,49,59,71,115,149,189,269,313
1723,Europe and Northern America,,,1829,South Africa,710,152 430,191 525,282 581,349 405,385 133,424 827,489 538,558 017,73 242,93 441,133 656,173 113,187 506,209 049,247 320,284 317,79 188,98 084,148 925,176 292,197 627,215 778,242 218,273 700
1724,Europe and Northern America,,,1829,Western Africa,914,418 535,551 419,774 275,1 146 004,1 562 293,1 966 994,2 597 639,3 077 820,240 629,316 089,430 750,650 650,876 540,1 086 457,1 489 271,1 747 420,177 906,235 330,343 525,495 354,685 753,880 537,1 108 368,1 330 400
1725,Europe and Northern America,,,1829,Benin,204,10 223,11 640,13 974,19 281,21 964,25 750,31 866,35 299,5 927,6 566,7 719,10 630,11 723,13 677,17 107,18 769,4 296,5 074,6 255,8 651,10 241,12 073,14 759,16 530
1726,Europe and Northern America,,,1829,Burkina Faso,854,852,1 421,2 297,5 242,9 001,11 261,14 225,15 646,562,942,1 522,3 616,6 130,7 713,10 023,10 944,290,479,775,1 626,2 871,3 548,4 202,4 702
1727,Europe and Northern America,,,1829,Cabo Verde,132,40 991,50 677,63 029,76 835,82 006,97 734,113 815,126 343,20 419,24 729,30 377,36 015,37 570,43 431,51 248,56 337,20 572,25 948,32 652,40 820,44 436,54 303,62 567,70 006
1728,Europe and Northern America,,,1829,Côte d'Ivoire,384,36 894,46 072,60 765,94 056,119 304,153 647,205 275,242 417,19 906,23 811,30 141,45 523,56 805,73 813,104 721,123 575,16 988,22 261,30 624,48 533,62 499,79 834,100 554,118 842
1729,Europe and Northern America,,,1829,Gambia,270,1 017,3 024,6 711,14 762,22 066,25 933,48 258,59 373,779,2 175,4 777,11 479,17 729,21 039,42 137,52 282,238,849,1 934,3 283,4 337,4 894,6 121,7 091
1730,Europe and Northern America,,,1829,Ghana,288,75 633,90 483,169 725,224 277,315 440,385 581,477 917,551 479,40 652,50 664,92 765,121 685,167 931,204 711,261 126,297 174,34 981,39 819,76 960,102 592,147 509,180 870,216 791,254 305
1731,Europe and Northern America,,,1829,Guinea,324,11 151,10 475,12 635,30 398,48 183,69 236,112 418,143 223,6 966,6 289,7 291,16 887,26 881,37 587,66 966,86 963,4 185,4 186,5 344,13 511,21 302,31 649,45 452,56 260
1732,Europe and Northern America,,,1829,Guinea-Bissau,624,6 680,13 819,21 544,25 665,25 651,29 555,36 970,41 860,3 823,8 177,12 896,14 937,14 609,16 343,21 680,24 601,2 857,5 642,8 648,10 728,11 042,13 212,15 290,17 259
1733,Europe and Northern America,,,1829,Liberia,430,261,397,533,2 013,2 972,3 235,3 565,3 579,149,255,346,1 273,2 080,2 269,2 591,2 552,112,142,187,740,892,966,974,1 027
1734,Europe and Northern America,,,1829,Mali,466,33 136,38 144,46 611,73 762,94 357,109 226,151 897,180 932,22 171,24 918,29 933,49 772,64 513,73 060,108 617,134 195,10 965,13 226,16 678,23 990,29 844,36 166,43 280,46 737
1735,Europe and Northern America,,,1829,Mauritania,478,201,323,484,1 082,2 400,3 059,3 576,4 154,146,243,367,864,1 952,2 346,2 637,2 947,55,80,117,218,448,713,939,1 207
1736,Europe and Northern America,,,1829,Niger,562,237,325,434,892,1 997,3 008,3 820,4 536,155,208,267,567,1 261,1 986,2 710,3 243,82,117,167,325,736,1 022,1 110,1 293
1737,Europe and Northern America,,,1829,Nigeria,566,116 570,183 467,248 360,390 652,557 943,743 431,1 001 569,1 213 644,65 779,103 612,131 611,214 033,293 910,389 474,539 243,633 958,50 791,79 855,116 749,176 619,264 033,353 957,462 326,579 686
1738,Europe and Northern America,,,1829,Saint Helena,654,27,20,14,10,8,8,4,4,15,11,7,5,4,5,1,1,12,9,7,5,4,3,3,3
1739,Europe and Northern America,,,1829,Senegal,686,83 044,98 909,123 985,180 464,247 261,290 980,372 321,433 160,52 152,62 092,78 788,119 240,166 194,189 575,245 681,285 933,30 892,36 817,45 197,61 224,81 067,101 405,126 640,147 227
1740,Europe and Northern America,,,1829,Sierra Leone,694,1 020,1 233,1 536,2 553,3 626,4 538,6 210,6 933,613,730,884,1 564,2 228,2 819,4 182,4 630,407,503,652,989,1 398,1 719,2 028,2 303
1741,Europe and Northern America,,,1829,Togo,768,598,990,1 638,4 060,8 114,10 812,13 933,15 238,415,667,1 059,2 560,5 020,6 609,8 601,9 316,183,323,579,1 500,3 094,4 203,5 332,5 922
1742,Europe and Northern America,,,1829,ASIA,935,18 295 516,20 954 382,24 335 863,27 320 671,31 143 942,33 927 104,36 781 501,39 726 228,9 045 363,10 472 721,12 158 838,13 588 975,15 313 496,16 615 121,18 126 539,19 552 925,9 250 153,10 481 661,12 177 025,13 731 696,15 830 446,17 311 983,18 654 962,20 173 303
1743,Europe and Northern America,,,1829,Central Asia,5500,5 288 021,5 480 066,5 637 792,6 084 909,6 317 013,5 667 260,5 071 603,4 602 762,2 559 359,2 667 356,2 757 967,2 976 761,3 090 957,2 775 744,2 484 188,2 256 942,2 728 662,2 812 710,2 879 825,3 108 148,3 226 056,2 891 516,2 587 415,2 345 820
1744,Europe and Northern America,,,1829,Kazakhstan,398,3 029 450,3 156 390,3 309 392,3 552 723,3 657 183,3 248 939,2 887 830,2 605 314,1 463 131,1 509 323,1 568 460,1 670 387,1 707 538,1 514 332,1 342 536,1 211 023,1 566 319,1 647 067,1 740 932,1 882 336,1 949 645,1 734 607,1 545 294,1 394 291
1745,Europe and Northern America,,,1829,Kyrgyzstan,417,481 603,499 072,500 821,563 524,603 312,518 452,437 962,374 169,233 933,242 628,243 707,274 066,293 259,251 694,212 252,180 771,247 670,256 444,257 114,289 458,310 053,266 758,225 710,193 398
1746,Europe and Northern America,,,1829,Tajikistan,762,469 934,453 294,423 006,462 611,486 398,476 408,463 704,453 594,228 672,238 644,241 412,267 675,284 420,278 838,271 273,265 244,241 262,214 650,181 594,194 936,201 978,197 570,192 431,188 350
1747,Europe and Northern America,,,1829,Turkmenistan,795,249 814,230 590,208 680,211 891,209 489,173 333,142 662,118 303,123 018,113 471,102 377,102 597,100 246,82 739,68 038,56 359,126 796,117 119,106 303,109 294,109 243,90 594,74 624,61 944
1748,Europe and Northern America,,,1829,Uzbekistan,860,1 057 220,1 140 720,1 195 893,1 294 160,1 360 631,1 250 128,1 139 445,1 051 382,510 605,563 290,602 011,662 036,705 494,648 141,590 089,543 545,546 615,577 430,593 882,632 124,655 137,601 987,549 356,507 837
1749,Europe and Northern America,,,1829,Eastern Asia,906,2 911 050,3 545 706,4 448 941,5 107 940,6 130 044,6 942 463,7 187 774,7 521 710,1 340 641,1 655 529,2 005 400,2 315 848,2 738 390,3 065 663,3 181 266,3 275 880,1 570 409,1 890 177,2 443 541,2 792 092,3 391 654,3 876 800,4 006 508,4 245 830
1750,Europe and Northern America,,,1829,China,156,851 337,1 141 781,1 815 315,2 389 896,3 247 240,3 956 021,4 205 187,4 512 092,420 329,570 956,863 052,1 114 419,1 483 304,1 772 386,1 879 569,1 979 013,431 008,570 825,952 263,1 275 477,1 763 936,2 183 635,2 325 618,2 533 079
1751,Europe and Northern America,,,1829,"China, Hong Kong SAR",344,366 086,435 893,537 276,532 515,537 143,582 615,608 959,618 581,185 588,225 247,262 315,260 561,259 268,285 034,296 515,296 767,180 498,210 646,274 961,271 954,277 875,297 581,312 444,321 814
1752,Europe and Northern America,,,1829,"China, Macao SAR",446,4 810,6 860,9 349,8 647,7 534,8 021,7 811,7 719,2 264,3 192,4 238,3 902,3 539,3 558,3 430,3 404,2 546,3 668,5 111,4 745,3 995,4 463,4 381,4 315
1753,Europe and Northern America,,,1829,"China, Taiwan Province of China",158,258 850,270 092,403 753,419 427,446 872,451 631,468 512,470 735,116 814,118 570,176 823,184 633,202 354,188 548,207 026,201 131,142 036,151 522,226 930,234 794,244 518,263 083,261 486,269 604
1754,Europe and Northern America,,,1829,Dem. People's Republic of Korea,408,10 752,9 956,8 831,10 026,11 152,5 800,3 068,851,5 519,5 441,5 191,6 831,8 435,4 260,2 147,426,5 233,4 515,3 640,3 195,2 717,1 540,921,425
1755,Europe and Northern America,,,1829,Japan,392,480 218,668 547,579 329,555 433,556 213,597 913,593 127,607 143,194 684,286 422,214 064,220 316,219 724,232 557,234 151,237 975,285 534,382 125,365 265,335 117,336 489,365 356,358 976,369 168
1756,Europe and Northern America,,,1829,Mongolia,496,21 974,23 979,25 377,25 860,28 777,24 351,23 000,21 601,10 742,11 336,11 601,11 477,12 423,10 526,10 234,9 830,11 232,12 643,13 776,14 383,16 354,13 825,12 766,11 771
1757,Europe and Northern America,,,1829,Republic of Korea,410,917 023,988 598,1 069 711,1 166 136,1 295 113,1 316 111,1 278 110,1 282 988,404 701,434 365,468 116,513 709,549 343,568 794,548 194,547 334,512 322,554 233,601 595,652 427,745 770,747 317,729 916,735 654
1758,Europe and Northern America,,,1829,Southern Asia,5501,2 328 962,2 891 844,4 110 972,5 332 010,6 843 215,8 574 927,10 470 943,12 442 927,1 261 552,1 548 471,2 237 494,2 893 062,3 692 004,4 631 234,5 655 619,6 715 089,1 067 410,1 343 373,1 873 478,2 438 948,3 151 211,3 943 693,4 815 324,5 727 838
1759,Europe and Northern America,,,1829,Afghanistan,4,60 104,63 846,147 478,254 226,345 840,499 247,870 722,1 190 086,30 258,38 200,83 101,144 028,195 338,292 765,522 734,731 384,29 846,25 646,64 377,110 198,150 502,206 482,347 988,458 702
1760,Europe and Northern America,,,1829,Bangladesh,50,143 716,231 666,284 667,386 055,515 654,663 780,803 993,970 313,79 839,126 441,159 160,215 807,292 847,373 889,450 419,533 257,63 877,105 225,125 507,170 248,222 807,289 891,353 574,437 056
1761,Europe and Northern America,,,1829,Bhutan,64,12,27,70,139,2 474,5 321,5 136,7 311,9,19,42,79,1 226,2 663,2 533,3 664,3,8,28,60,1 248,2 658,2 603,3 647
1762,Europe and Northern America,,,1829,India,356,1 145 957,1 423 524,2 069 288,2 680 153,3 430 520,4 391 791,5 276 260,6 202 955,600 173,722 997,1 092 953,1 424 209,1 794 586,2 316 167,2 783 015,3 265 738,545 784,700 527,976 335,1 255 944,1 635 934,2 075 624,2 493 245,2 937 217
1763,Europe and Northern America,,,1829,Iran (Islamic Republic of),364,469 651,524 965,660 343,718 603,858 548,945 905,1 134 918,1 334 211,267 017,304 781,373 835,389 081,465 095,504 337,602 294,703 985,202 634,220 184,286 508,329 522,393 453,441 568,532 624,630 226
1764,Europe and Northern America,,,1829,Maldives,462,10,9,10,15,21,21,19,24,7,7,6,7,10,9,10,11,3,2,4,8,11,12,9,13
1765,Europe and Northern America,,,1829,Nepal,524,2 963,6 470,17 237,31 987,80 390,148 653,218 666,326 139,1 808,3 881,10 098,19 313,45 847,83 954,114 871,169 867,1 155,2 589,7 139,12 674,34 543,64 699,103 795,156 272
1766,Europe and Northern America,,,1829,Pakistan,586,393 682,479 143,696 680,945 672,1 200 836,1 455 619,1 664 482,1 889 693,219 872,263 436,392 481,533 742,682 087,814 962,923 514,1 041 096,173 810,215 707,304 199,411 930,518 749,640 657,740 968,848 597
1767,Europe and Northern America,,,1829,Sri Lanka,144,112 867,162 194,235 199,315 160,408 932,464 590,496 747,522 195,62 569,88 709,125 818,166 796,214 968,242 488,256 229,266 087,50 298,73 485,109 381,148 364,193 964,222 102,240 518,256 108
1768,Europe and Northern America,,,1829,South-Eastern Asia,920,2 955 870,3 646 564,4 323 573,4 941 999,5 799 464,6 440 673,6 769 483,7 200 893,1 375 573,1 700 400,1 938 161,2 195 825,2 512 574,2 730 267,2 838 653,2 974 050,1 580 297,1 946 164,2 385 412,2 746 174,3 286 890,3 710 406,3 930 830,4 226 843
1769,Europe and Northern America,,,1829,Brunei Darussalam,96,4 454,4 414,4 367,4 446,4 136,4 574,4 596,4 408,2 413,2 361,2 325,2 397,2 180,2 402,2 388,2 285,2 041,2 053,2 042,2 049,1 956,2 172,2 208,2 123
1770,Europe and Northern America,,,1829,Cambodia,116,194 787,209 971,209 743,227 248,245 614,249 333,242 783,254 529,95 242,115 826,98 614,106 550,112 017,109 996,106 406,109 232,99 545,94 145,111 129,120 698,133 597,139 337,136 377,145 297
1771,Europe and Northern America,,,1829,Indonesia,360,200 204,192 286,181 907,173 923,163 047,151 553,139 738,131 751,92 014,87 966,82 381,77 730,72 021,65 535,58 801,54 235,108 190,104 320,99 526,96 193,91 026,86 018,80 937,77 516
1772,Europe and Northern America,,,1829,Lao People's Democratic Republic,418,233 478,282 286,253 028,257 485,246 465,248 250,231 105,227 042,116 342,136 270,129 202,126 429,122 629,123 086,111 953,109 343,117 136,146 016,123 826,131 056,123 836,125 164,119 152,117 699
1773,Europe and Northern America,,,1829,Malaysia,458,60 159,65 276,70 813,81 111,94 402,97 473,96 771,96 276,27 843,29 492,31 145,35 867,41 875,43 862,44 368,44 515,32 316,35 784,39 668,45 244,52 527,53 611,52 403,51 761
1774,Europe and Northern America,,,1829,Myanmar,104,22 137,22 411,31 871,43 530,94 304,151 746,177 813,217 411,9 949,5 771,14 606,20 014,48 311,76 570,89 509,114 586,12 188,16 640,17 265,23 516,45 993,75 176,88 304,102 825
1775,Europe and Northern America,,,1829,Philippines,608,1 174 043,1 530 063,1 840 361,2 224 435,2 727 370,3 146 804,3 371 603,3 653 362,502 670,665 862,751 548,912 827,1 092 023,1 252 068,1 340 727,1 430 812,671 373,864 201,1 088 813,1 311 608,1 635 347,1 894 736,2 030 876,2 222 550
1776,Europe and Northern America,,,1829,Singapore,702,40 714,45 162,50 175,52 600,55 996,59 126,60 745,62 683,19 287,21 372,23 642,24 325,25 799,27 848,29 512,31 164,21 427,23 790,26 533,28 275,30 197,31 278,31 233,31 519
1777,Europe and Northern America,,,1829,Thailand,764,149 873,221 559,227 436,283 273,368 359,429 189,465 528,508 100,57 376,88 899,80 664,102 926,129 912,140 031,147 234,163 051,92 497,132 660,146 772,180 347,238 447,289 158,318 294,345 049
1778,Europe and Northern America,,,1829,Timor-Leste,626,656,1 417,2 237,2 159,1 760,1 948,2 195,2 457,317,682,1 078,1 020,811,849,993,1 113,339,735,1 159,1 139,949,1 099,1 202,1 344
1779,Europe and Northern America,,,1829,Viet Nam,704,875 365,1 071 719,1 451 635,1 591 789,1 798 011,1 900 677,1 976 606,2 042 874,452 120,545 899,722 956,785 740,864 996,888 020,906 762,913 714,423 245,525 820,728 679,806 049,933 015,1 012 657,1 069 844,1 129 160
1780,Europe and Northern America,,,1829,Western Asia,922,4 811 613,5 390 202,5 814 585,5 853 813,6 054 206,6 301 781,7 281 698,7 957 936,2 508 238,2 900 965,3 219 816,3 207 479,3 279 571,3 412 213,3 966 813,4 330 964,2 303 375,2 489 237,2 594 769,2 646 334,2 774 635,2 889 568,3 314 885,3 626 972
1781,Europe and Northern America,,,1829,Armenia,51,599 987,589 731,563 834,596 482,616 458,565 835,515 978,480 155,294 210,313 935,325 168,338 072,344 140,313 317,284 146,262 345,305 777,275 796,238 666,258 410,272 318,252 518,231 832,217 810
1782,Europe and Northern America,,,1829,Azerbaijan,31,1 045 780,1 018 582,960 402,917 762,855 383,676 252,537 589,426 381,510 827,540 022,552 900,519 644,476 187,375 397,298 336,236 395,534 953,478 560,407 502,398 118,379 196,300 855,239 253,189 986
1783,Europe and Northern America,,,1829,Bahrain,48,89,133,160,153,168,220,279,325,46,67,81,84,91,123,148,172,43,66,79,69,77,97,131,153
1784,Europe and Northern America,,,1829,Cyprus,196,50 751,38 933,27 707,27 811,28 566,28 497,29 813,31 862,26 782,19 505,12 242,12 592,13 044,12 621,14 078,15 135,23 969,19 428,15 465,15 219,15 522,15 876,15 735,16 727
1785,Europe and Northern America,,,1829,Georgia,268,791 814,799 637,788 817,709 429,626 438,501 124,422 255,383 157,387 312,410 764,424 205,375 874,323 739,252 106,210 937,179 608,404 502,388 873,364 612,333 555,302 699,249 018,211 318,203 549
1786,Europe and Northern America,,,1829,Iraq,368,118 219,146 827,345 709,428 955,619 880,763 776,1 001 337,1 092 832,71 763,89 869,205 946,246 968,353 299,430 680,559 888,598 846,46 456,56 958,139 763,181 987,266 581,333 096,441 449,493 986
1787,Europe and Northern America,,,1829,Israel,376,136 644,196 304,166 652,186 320,201 475,213 841,215 195,228 473,69 683,98 273,89 413,100 917,111 980,116 755,121 972,130 025,66 961,98 031,77 239,85 403,89 495,97 086,93 223,98 448
1788,Europe and Northern America,,,1829,Jordan,400,11 512,12 081,13 253,16 072,19 238,23 631,28 618,32 542,9 564,9 605,9 941,11 072,13 066,15 190,17 910,20 038,1 948,2 476,3 312,5 000,6 172,8 441,10 708,12 504
1789,Europe and Northern America,,,1829,Kuwait,414,2 633,5 395,9 921,12 664,15 698,18 862,21 434,23 595,1 476,2 980,5 332,7 179,8 413,10 082,11 640,12 702,1 157,2 415,4 589,5 485,7 285,8 780,9 794,10 893
1790,Europe and Northern America,,,1829,Lebanon,422,216 241,218 765,258 448,272 814,305 229,327 240,352 790,376 986,125 195,127 229,144 462,150 954,170 914,179 288,190 291,203 472,91 046,91 536,113 986,121 860,134 315,147 952,162 499,173 514
1791,Europe and Northern America,,,1829,Oman,512,32,43,61,64,85,130,162,190,11,19,28,32,41,80,89,105,21,24,33,32,44,50,73,85
1792,Europe and Northern America,,,1829,Qatar,634,49,63,96,686,1 327,1 393,1 635,1 782,26,31,49,321,614,638,807,890,23,32,47,365,713,755,828,892
1793,Europe and Northern America,,,1829,Saudi Arabia,682,2 995,5 354,9 980,14 223,24 970,34 793,40 868,49 797,1 696,2 915,5 306,7 514,14 281,19 194,21 706,26 965,1 299,2 439,4 674,6 709,10 689,15 599,19 162,22 832
1794,Europe and Northern America,,,1829,State of Palestine,275,7 821,8 898,8 942,11 640,16 984,21 350,32 098,38 674,5 463,6 078,6 074,7 790,11 032,13 388,19 498,23 127,2 358,2 820,2 868,3 850,5 952,7 962,12 600,15 547
1795,Europe and Northern America,,,1829,Syrian Arab Republic,760,73 031,88 554,111 319,132 467,147 757,532 630,1 383 602,1 799 096,44 348,53 843,67 451,79 613,88 143,320 254,801 735,1 046 689,28 683,34 711,43 868,52 854,59 614,212 376,581 867,752 407
1796,Europe and Northern America,,,1829,Türkiye,792,1 752 391,2 257 577,2 542 688,2 515 298,2 558 095,2 567 461,2 664 020,2 948 487,958 822,1 223 884,1 367 559,1 342 856,1 341 613,1 339 761,1 395 364,1 551 159,793 569,1 033 693,1 175 129,1 172 442,1 216 482,1 227 700,1 268 656,1 397 328
1797,Europe and Northern America,,,1829,United Arab Emirates,784,1 198,2 849,6 101,10 378,15 694,23 728,32 136,41 445,694,1 620,3 336,5 616,8 493,12 731,17 127,21 980,504,1 229,2 765,4 762,7 201,10 997,15 009,19 465
1798,Europe and Northern America,,,1829,Yemen,887,426,476,495,595,761,1 018,1 889,2 157,320,326,323,381,481,608,1 141,1 311,106,150,172,214,280,410,748,846
1799,Europe and Northern America,,,1829,EUROPE,908,36 375 003,38 228 299,37 378 470,38 593 939,41 432 538,42 894 822,44 586 928,51 769 111,16 682 577,17 474 681,17 082 220,17 767 169,19 061 776,19 880 663,20 950 995,24 057 373,19 692 426,20 753 618,20 296 250,20 826 770,22 370 762,23 014 159,23 635 933,27 711 738
1800,Europe and Northern America,,,1829,Eastern Europe,923,18 674 625,18 404 469,17 940 958,19 105 631,21 063 148,21 641 349,22 419 507,28 658 060,8 416 709,8 240 740,7 955 055,8 435 774,9 240 138,9 509 475,9 976 392,12 544 477,10 257 916,10 163 729,9 985 903,10 669 857,11 823 010,12 131 874,12 443 115,16 113 583
1801,Europe and Northern America,,,1829,Belarus,112,1 537 196,1 525 734,1 484 282,1 357 317,1 216 554,987 375,825 068,695 211,707 102,683 415,645 415,579 180,505 488,406 251,341 141,286 598,830 094,842 319,838 867,778 137,711 066,581 124,483 927,408 613
1802,Europe and Northern America,,,1829,Bulgaria,100,107 637,161 272,198 701,331 680,483 947,620 822,784 753,872 389,53 533,77 070,92 086,156 838,226 118,286 555,373 419,418 374,54 104,84 202,106 615,174 842,257 829,334 267,411 334,454 015
1803,Europe and Northern America,,,1829,Czechia,203,492 217,545 788,579 037,615 675,627 297,591 643,550 811,549 750,208 053,228 544,240 582,255 377,260 540,247 720,228 408,227 768,284 164,317 244,338 455,360 298,366 757,343 923,322 403,321 982
1804,Europe and Northern America,,,1829,Hungary,348,295 556,308 821,311 084,313 864,338 454,431 524,473 679,503 678,158 376,174 446,168 147,160 199,162 178,220 746,235 292,238 643,137 180,134 375,142 937,153 665,176 276,210 778,238 387,265 035
1805,Europe and Northern America,,,1829,Poland,616,2 062 540,2 312 686,2 306 119,2 631 593,3 531 250,4 020 551,4 233 019,4 440 491,906 324,1 011 166,999 639,1 159 032,1 587 065,1 841 407,1 993 441,2 116 589,1 156 216,1 301 520,1 306 480,1 472 561,1 944 185,2 179 144,2 239 578,2 323 902
1806,Europe and Northern America,,,1829,Republic of Moldova*,498,567 930,548 035,525 204,595 367,687 004,711 653,774 929,824 050,264 812,265 541,264 532,290 698,321 066,322 753,349 968,373 144,303 118,282 494,260 672,304 669,365 938,388 900,424 961,450 906
1807,Europe and Northern America,,,1829,Romania,642,767 694,949 710,1 048 529,1 802 830,2 838 579,3 392 802,4 041 299,4 426 286,349 455,439 029,497 316,857 599,1 334 789,1 567 823,1 923 819,2 142 919,418 239,510 681,551 213,945 231,1 503 790,1 824 979,2 117 480,2 283 367
1808,Europe and Northern America,,,1829,Russian Federation,643,7 760 073,6 848 074,6 172 290,6 172 651,6 214 695,6 293 797,6 465 136,6 728 196,3 361 928,2 916 146,2 560 074,2 557 398,2 567 001,2 597 175,2 664 672,2 758 355,4 398 145,3 931 928,3 612 216,3 615 253,3 647 694,3 696 622,3 800 464,3 969 841
1809,Europe and Northern America,,,1829,Slovakia,703,316 731,328 943,345 200,363 857,392 297,393 320,386 603,382 259,146 695,150 750,156 687,165 851,177 602,176 912,173 115,169 367,170 036,178 193,188 513,198 006,214 695,216 408,213 488,212 892
1810,Europe and Northern America,,,1829,Ukraine*,804,4 767 051,4 875 406,4 970 512,4 920 797,4 733 071,4 197 862,3 884 210,9 235 750,2 260 431,2 294 633,2 330 577,2 253 602,2 098 291,1 842 133,1 693 117,3 812 720,2 506 620,2 580 773,2 639 935,2 667 195,2 634 780,2 355 729,2 191 093,5 423 030
1811,Europe and Northern America,,,1829,Northern Europe,924,4 118 847,4 143 112,4 066 225,4 247 639,4 490 853,4 540 814,4 660 330,4 816 720,1 864 576,1 878 574,1 852 570,1 978 060,2 131 616,2 210 283,2 322 986,2 428 495,2 254 271,2 264 538,2 213 655,2 269 579,2 359 237,2 330 531,2 337 344,2 388 225
1812,Europe and Northern America,,,1829,Channel Islands*,830,184,198,212,235,255,171,172,175,107,115,124,133,140,97,99,101,77,83,88,102,115,74,73,74
1813,Europe and Northern America,,,1829,Denmark*,208,108 417,100 342,96 529,101 862,105 034,104 306,101 817,105 977,56 785,51 869,49 705,53 378,55 714,54 920,53 646,56 025,51 632,48 473,46 824,48 484,49 320,49 386,48 171,49 952
1814,Europe and Northern America,,,1829,Estonia,233,97 818,100 490,106 023,110 843,111 671,121 827,116 802,117 245,46 065,47 213,49 927,51 285,50 934,56 688,55 313,55 816,51 753,53 277,56 096,59 558,60 737,65 139,61 489,61 429
1815,Europe and Northern America,,,1829,Faroe Islands*,234,7 941,12 021,11 640,11 018,12 146,13 041,12 048,12 282,3 132,5 206,4 911,4 566,5 102,5 611,5 188,5 312,4 809,6 815,6 729,6 452,7 044,7 430,6 860,6 970
1816,Europe and Northern America,,,1829,Finland*,246,253 703,242 255,234 372,222 495,207 318,195 383,182 271,169 190,109 298,102 573,97 181,91 188,83 794,77 982,72 497,66 643,144 405,139 682,137 191,131 307,123 524,117 401,109 774,102 547
1817,Europe and Northern America,,,1829,Iceland,352,6 245,7 747,10 595,12 120,14 748,17 977,19 349,21 788,2 924,3 735,5 213,5 935,7 352,9 060,9 530,10 625,3 321,4 012,5 382,6 185,7 396,8 917,9 819,11 163
1818,Europe and Northern America,,,1829,Ireland,372,859 101,835 685,740 085,691 888,675 780,650 102,619 637,605 725,388 500,376 331,330 270,310 069,313 138,318 132,324 258,331 353,470 601,459 354,409 815,381 819,362 642,331 970,295 379,274 372
1819,Europe and Northern America,,,1829,Isle of Man*,833,18,16,14,12,9,15,23,30,9,9,8,7,5,11,17,22,9,7,6,5,4,4,6,8
1820,Europe and Northern America,,,1829,Latvia,428,152 421,159 322,164 548,167 684,170 935,164 019,156 116,151 189,72 329,75 183,77 233,77 679,76 667,73 729,71 399,69 862,80 092,84 139,87 315,90 005,94 268,90 290,84 717,81 327
1821,Europe and Northern America,,,1829,Lithuania,440,304 739,278 324,262 116,260 096,340 386,396 166,424 553,447 032,131 424,120 900,114 307,113 008,149 556,179 233,197 894,213 936,173 315,157 424,147 809,147 088,190 830,216 933,226 659,233 096
1822,Europe and Northern America,,,1829,Norway*,578,79 176,72 106,70 374,75 046,76 760,79 075,87 561,93 373,32 778,30 214,29 267,32 218,33 205,34 658,39 658,43 304,46 398,41 892,41 107,42 828,43 555,44 417,47 903,50 069
1823,Europe and Northern America,,,1829,Sweden,752,99 309,104 598,120 298,132 688,153 729,164 626,174 560,197 639,44 539,47 456,55 868,62 080,72 488,78 484,84 723,96 433,54 770,57 142,64 430,70 608,81 241,86 142,89 837,101 206
1824,Europe and Northern America,,,1829,United Kingdom*,826,2 149 775,2 230 008,2 249 419,2 461 652,2 622 082,2 634 106,2 765 421,2 895 075,976 686,1 017 770,1 038 556,1 176 514,1 283 521,1 321 678,1 408 764,1 479 063,1 173 089,1 212 238,1 210 863,1 285 138,1 338 561,1 312 428,1 356 657,1 416 012
1825,Europe and Northern America,,,1829,Southern Europe,925,7 892 059,8 858 192,9 206 176,8 910 664,9 172 738,9 858 605,10 537 041,11 099 478,3 959 762,4 417 447,4 613 750,4 485 354,4 610 153,4 975 909,5 367 080,5 656 343,3 932 297,4 440 745,4 592 426,4 425 310,4 562 585,4 882 696,5 169 961,5 443 135
1826,Europe and Northern America,,,1829,Albania,8,177 112,392 305,626 986,781 462,957 809,979 880,1 097 079,1 209 371,99 041,221 040,351 837,425 024,495 642,493 651,565 932,621 152,78 071,171 265,275 149,356 438,462 167,486 229,531 147,588 219
1827,Europe and Northern America,,,1829,Andorra,20,141,282,436,448,378,434,543,627,68,137,211,216,178,193,253,289,73,145,225,232,200,241,290,338
1828,Europe and Northern America,,,1829,Bosnia and Herzegovina,70,1 094 173,1 686 941,1 594 982,1 455 152,1 439 777,1 438 755,1 507 719,1 577 085,524 409,806 762,764 915,696 906,696 688,693 800,735 753,772 937,569 764,880 179,830 067,758 246,743 089,744 955,771 966,804 148
1829,Europe and Northern America,,,1829,Croatia,191,781 369,994 967,1 133 959,917 533,774 837,736 594,766 722,774 571,357 757,454 791,524 206,421 383,352 951,339 019,364 092,369 429,423 612,540 176,609 753,496 150,421 886,397 575,402 630,405 142
1830,Europe and Northern America,,,1829,Gibraltar*,292,15,17,18,18,23,19,19,23,8,7,6,7,11,10,8,10,7,10,12,11,12,9,11,13
1831,Europe and Northern America,,,1829,Greece,300,591 237,595 849,631 552,556 007,505 305,583 376,609 887,623 457,313 783,314 625,334 035,294 939,264 087,308 933,320 216,327 970,277 454,281 224,297 517,261 068,241 218,274 443,289 671,295 487
1832,Europe and Northern America,,,1829,Holy See*,336,2,5,8,4,2,6,2,2,2,3,3,1,1,4,1,1,0..,2,5,3,1,2,1,1
1833,Europe and Northern America,,,1829,Italy,380,2 536 684,2 421 645,2 348 428,2 168 201,2 138 987,2 278 774,2 461 572,2 543 079,1 325 621,1 253 092,1 241 337,1 159 463,1 143 097,1 227 005,1 340 932,1 382 464,1 211 063,1 168 553,1 107 091,1 008 738,995 890,1 051 769,1 120 640,1 160 615
1834,Europe and Northern America,,,1829,Malta,470,11 953,11 624,11 325,10 391,9 970,10 206,9 574,9 249,6 116,5 829,5 607,4 987,4 729,4 817,4 436,4 315,5 837,5 795,5 718,5 404,5 241,5 389,5 138,4 934
1835,Europe and Northern America,,,1829,Montenegro,499,100 316,100 287,96 328,93 721,97 593,99 385,91 288,87 418,47 100,45 996,43 973,42 628,44 490,45 525,40 564,38 770,53 216,54 291,52 355,51 093,53 103,53 860,50 724,48 648
1836,Europe and Northern America,,,1829,North Macedonia,807,205 087,217 888,230 544,266 571,303 120,343 306,395 286,450 257,100 870,110 174,120 473,137 962,155 489,174 541,204 104,234 316,104 217,107 714,110 071,128 609,147 631,168 765,191 182,215 941
1837,Europe and Northern America,,,1829,Portugal,620,1 170 783,1 176 871,1 227 795,1 332 713,1 477 311,1 588 733,1 556 722,1 552 125,610 651,611 326,619 853,682 237,763 601,821 146,801 697,794 893,560 132,565 545,607 942,650 476,713 710,767 587,755 025,757 232
1838,Europe and Northern America,,,1829,San Marino,674,2 457,2 382,2 237,2 080,1 954,1 866,2 433,1 991,833,824,774,746,716,719,1 043,846,1 624,1 558,1 463,1 334,1 238,1 147,1 390,1 145
1839,Europe and Northern America,,,1829,Serbia*,688,288 814,362 847,413 441,465 748,579 975,737 049,822 793,929 431,138 871,175 866,202 770,230 114,287 110,365 489,408 136,460 466,149 943,186 981,210 671,235 634,292 865,371 560,414 657,468 965
1840,Europe and Northern America,,,1829,Slovenia,705,100 445,112 651,97 424,84 394,81 689,82 255,73 201,71 979,37 950,44 361,38 830,33 727,32 873,33 820,31 186,30 883,62 495,68 290,58 594,50 667,48 816,48 435,42 015,41 096
1841,Europe and Northern America,,,1829,Spain*,724,831 471,781 631,790 713,776 221,804 008,977 967,1 142 201,1 268 813,396 682,372 614,364 920,355 014,368 490,467 237,548 727,617 602,434 789,409 017,425 793,421 207,435 518,510 730,593 474,651 211
1842,Europe and Northern America,,,1829,Western Europe,926,5 689 472,6 822 526,6 165 111,6 330 005,6 705 799,6 854 054,6 970 050,7 194 853,2 441 530,2 937 920,2 660 845,2 867 981,3 079 869,3 184 996,3 284 537,3 428 058,3 247 942,3 884 606,3 504 266,3 462 024,3 625 930,3 669 058,3 685 513,3 766 795
1843,Europe and Northern America,,,1829,Austria,40,368 168,359 999,356 971,353 713,355 578,359 177,367 834,368 744,165 225,161 914,161 230,159 371,161 500,163 862,169 607,171 255,202 943,198 085,195 741,194 342,194 078,195 315,198 227,197 489
1844,Europe and Northern America,,,1829,Belgium,56,281 958,272 815,277 671,330 640,353 176,379 218,417 460,445 121,121 094,118 428,122 311,149 667,163 041,177 170,197 763,210 619,160 864,154 387,155 360,180 973,190 135,202 048,219 697,234 502
1845,Europe and Northern America,,,1829,France*,250,1 046 193,1 216 041,1 254 908,1 334 259,1 448 213,1 588 889,1 689 870,1 798 599,452 095,537 327,564 751,605 674,668 212,744 949,807 714,872 886,594 098,678 714,690 157,728 585,780 001,843 940,882 156,925 713
1846,Europe and Northern America,,,1829,Germany,276,3 311 345,4 252 770,3 513 579,3 476 265,3 651 474,3 613 695,3 563 517,3 602 265,1 380 992,1 777 650,1 447 882,1 550 119,1 650 955,1 654 643,1 654 464,1 695 305,1 930 353,2 475 120,2 065 697,1 926 146,2 000 519,1 959 052,1 909 053,1 906 960
1847,Europe and Northern America,,,1829,Liechtenstein,438,17,24,48,150,259,285,308,339,11,15,24,123,214,243,268,300,6,9,24,27,45,42,40,39
1848,Europe and Northern America,,,1829,Luxembourg,442,27 539,28 878,30 701,33 693,36 385,40 770,42 848,61 450,11 427,12 444,13 627,15 248,16 776,19 188,20 329,29 747,16 112,16 434,17 074,18 445,19 609,21 582,22 519,31 703
1849,Europe and Northern America,,,1829,Monaco,492,15 345,15 489,16 132,19 340,25 832,28 277,33 430,36 280,7 485,7 641,7 983,9 589,12 480,13 849,16 414,17 729,7 860,7 848,8 149,9 751,13 352,14 428,17 016,18 551
1850,Europe and Northern America,,,1829,Netherlands*,528,291 971,305 977,324 132,366 259,400 516,404 973,411 225,435 009,142 264,148 855,159 410,182 028,200 745,203 669,208 395,220 407,149 707,157 122,164 722,184 231,199 771,201 304,202 830,214 602
1851,Europe and Northern America,,,1829,Switzerland,756,346 936,370 533,390 969,415 686,434 366,438 770,443 558,447 046,160 937,173 646,183 627,196 162,205 946,207 423,209 583,209 810,185 999,196 887,207 342,219 524,228 420,231 347,233 975,237 236
1852,Europe and Northern America,,,1829,LATIN AMERICA AND THE CARIBBEAN,904,10 543 785,14 842 407,18 981 495,23 697 976,27 072 051,28 479 253,30 490 374,33 512 055,5 410 793,7 447 881,9 637 413,12 155 804,13 474 962,13 936 462,14 772 051,16 155 368,5 132 992,7 394 526,9 344 082,11 542 172,13 597 089,14 542 791,15 718 323,17 356 687
1853,Europe and Northern America,,,1829,Caribbean,915,3 134 838,3 856 446,4 495 776,5 003 474,5 949 250,6 714 580,7 421 518,7 986 890,1 445 512,1 746 792,2 043 035,2 281 603,2 727 776,3 084 044,3 441 621,3 698 046,1 689 326,2 109 654,2 452 741,2 721 871,3 221 474,3 630 536,3 979 897,4 288 844
1854,Europe and Northern America,,,1829,Anguilla*,660,20,33,47,47,46,39,38,49,12,20,28,28,27,24,27,35,8,13,19,19,19,15,11,14
1855,Europe and Northern America,,,1829,Antigua and Barbuda,28,13,15,17,28,44,47,52,57,7,10,12,16,25,26,31,34,6,5,5,12,19,21,21,23
1856,Europe and Northern America,,,1829,Aruba*,533,312,496,940,1 480,2 744,4 372,11 613,23 408,169,266,506,771,1 375,2 226,5 711,11 081,143,230,434,709,1 369,2 146,5 902,12 327
1857,Europe and Northern America,,,1829,Bahamas,44,38,45,50,59,78,88,95,107,20,19,18,24,38,42,49,53,18,26,32,35,40,46,46,54
1858,Europe and Northern America,,,1829,Barbados,52,14 878,14 811,14 730,15 332,15 868,15 316,13 985,13 137,6 668,6 707,6 844,7 197,7 352,7 091,6 497,6 170,8 210,8 104,7 886,8 135,8 516,8 225,7 488,6 967
1859,Europe and Northern America,,,1829,"Bonaire, Sint Eustatius and Saba*",535,0..,0..,0..,0..,0..,1,0..,0..,0..,0..,0..,0..,0..,0..,0..,0..,0..,0..,0..,0..,0..,1,0..,0..
1860,Europe and Northern America,,,1829,British Virgin Islands*,92,33,45,55,69,84,65,65,88,20,28,33,44,57,41,39,53,13,17,22,25,27,24,26,35
1861,Europe and Northern America,,,1829,Cayman Islands*,136,15,13,11,7,3,11,9,10,7,6,4,2,1,6,2,2,8,7,7,5,2,5,7,8
1862,Europe and Northern America,,,1829,Cuba,192,776 255,853 682,963 976,1 021 978,1 253 435,1 424 500,1 576 581,1 684 345,378 272,411 928,456 789,489 690,615 707,685 730,767 075,818 527,397 983,441 754,507 187,532 288,637 728,738 770,809 506,865 818
1863,Europe and Northern America,,,1829,Curaçao*,531,30,29,48,77,124,372,1 829,3 159,15,15,25,40,65,197,919,1 498,15,14,23,37,59,175,910,1 661
1864,Europe and Northern America,,,1829,Dominica,212,530,521,515,320,128,175,71,76,262,171,76,60,46,66,26,28,268,350,439,260,82,109,45,48
1865,Europe and Northern America,,,1829,Dominican Republic,214,381 869,561 744,733 659,843 953,1 088 281,1 324 734,1 553 471,1 772 345,155 928,224 089,318 696,356 900,463 851,570 646,679 053,788 475,225 941,337 655,414 963,487 053,624 430,754 088,874 418,983 870
1866,Europe and Northern America,,,1829,Grenada,308,4 486,5 967,7 922,8 706,10 342,10 561,10 018,9 912,1 827,2 395,3 068,3 543,4 095,4 197,4 109,4 001,2 659,3 572,4 854,5 163,6 247,6 364,5 909,5 911
1867,Europe and Northern America,,,1829,Guadeloupe*,312,30,20,20,10,0..,0..,0..,0..,18,11,10,5,0..,0..,0..,0..,12,9,10,5,0..,0..,0..,0..
1868,Europe and Northern America,,,1829,Haiti,332,287 491,425 061,532 314,620 307,758 115,872 320,939 331,1 023 872,140 618,196 094,245 388,294 486,340 340,398 532,439 909,461 695,146 873,228 967,286 926,325 821,417 775,473 788,499 422,562 177
1869,Europe and Northern America,,,1829,Jamaica,388,594 039,791 331,807 962,868 682,971 603,1 048 118,1 136 029,1 204 059,264 370,342 508,346 080,385 001,424 914,457 448,500 825,531 117,329 669,448 823,461 882,483 681,546 689,590 670,635 204,672 942
1870,Europe and Northern America,,,1829,Martinique*,474,8,0..,0..,0..,0..,0..,0..,0..,5,0..,0..,0..,0..,0..,0..,0..,3,0..,0..,0..,0..,0..,0..,0..
1871,Europe and Northern America,,,1829,Montserrat*,500,2,2,2,41,85,80,82,87,2,2,2,19,40,34,40,42,0..,0..,0..,22,45,46,42,45
1872,Europe and Northern America,,,1829,Puerto Rico*,630,902 814,1 022 718,1 158 566,1 335 702,1 533 366,1 687 821,1 864 991,1 924 799,420 249,479 173,546 346,619 182,732 099,815 387,902 355,935 834,482 565,543 545,612 220,716 520,801 267,872 434,962 636,988 965
1873,Europe and Northern America,,,1829,Saint Kitts and Nevis,659,18,16,11,10,12,9,4,5,6,6,5,5,7,5,1,1,12,10,6,5,5,4,3,4
1874,Europe and Northern America,,,1829,Saint Lucia,662,1 691,2 217,2 884,3 466,5 134,6 607,6 769,7 588,612,819,1 129,1 222,1 845,2 584,2 534,2 891,1 079,1 398,1 755,2 244,3 289,4 023,4 235,4 697
1875,Europe and Northern America,,,1829,Saint Vincent and the Grenadines,670,4 357,5 902,7 955,8 796,12 209,13 779,13 947,14 832,1 828,2 480,3 308,3 491,4 616,5 228,5 252,5 437,2 529,3 422,4 647,5 305,7 593,8 551,8 695,9 395
1876,Europe and Northern America,,,1829,Trinidad and Tobago,780,165 736,171 626,263 979,274 339,297 542,305 558,292 534,304 951,74 515,79 975,114 619,119 846,131 271,134 528,127 164,131 069,91 221,91 651,149 360,154 493,166 271,171 030,165 370,173 882
1877,Europe and Northern America,,,1829,Turks and Caicos Islands*,796,159,138,98,57,7,7,4,4,74,65,46,29,5,6,3,3,85,73,52,28,2,1,1,1
1878,Europe and Northern America,,,1829,United States Virgin Islands*,850,14,14,15,8,0..,0..,0..,0..,8,5,3,2,0..,0..,0..,0..,6,9,12,6,0..,0..,0..,0..
1879,Europe and Northern America,,,1829,Central America,916,5 706 228,8 784 584,11 278 128,13 785 094,15 143 743,15 657 208,15 501 132,16 242 232,3 167 457,4 693 280,6 140 185,7 568 423,8 045 601,8 124 708,7 933 323,8 311 139,2 538 771,4 091 304,5 137 943,6 216 671,7 098 142,7 532 500,7 567 809,7 931 093
1880,Europe and Northern America,,,1829,Belize,84,12,15,17,22,32,33,26,29,6,7,8,9,15,18,14,16,6,8,9,13,17,15,12,13
1881,Europe and Northern America,,,1829,Costa Rica,188,1 913,2 516,3 229,4 218,6 017,6 800,7 215,7 884,809,1 080,1 439,1 871,2 811,3 093,3 288,3 670,1 104,1 436,1 790,2 347,3 206,3 707,3 927,4 214
1882,Europe and Northern America,,,1829,El Salvador,222,504 662,761 632,846 303,1 045 601,1 285 378,1 455 027,1 560 670,1 689 461,255 104,355 524,438 581,547 554,650 470,741 627,779 325,862 896,249 558,406 108,407 722,498 047,634 908,713 400,781 345,826 565
1883,Europe and Northern America,,,1829,Guatemala,320,238 791,343 776,469 052,669 553,842 169,974 075,1 166 217,1 320 881,136 640,190 395,255 098,385 654,496 529,560 109,666 037,760 776,102 151,153 381,213 954,283 899,345 640,413 966,500 180,560 105
1884,Europe and Northern America,,,1829,Honduras,340,115 749,195 068,274 612,409 201,546 416,677 722,921 948,1 168 497,57 339,88 102,137 142,208 095,282 195,336 028,433 445,562 110,58 410,106 966,137 470,201 106,264 221,341 694,488 503,606 387
1885,Europe and Northern America,,,1829,Mexico,484,4 539 456,7 110 670,9 306 879,11 263 851,12 033 413,12 095 994,11 349 508,11 484 931,2 592 648,3 908 083,5 142 290,6 252 873,6 422 584,6 296 245,5 837 003,5 873 653,1 946 808,3 202 587,4 164 589,5 010 978,5 610 829,5 799 749,5 512 505,5 611 278
1886,Europe and Northern America,,,1829,Nicaragua,558,182 589,258 552,234 002,242 410,279 867,293 993,342 716,406 840,82 626,112 503,111 054,112 500,130 649,122 885,149 715,175 829,99 963,146 049,122 948,129 910,149 218,171 108,193 001,231 011
1887,Europe and Northern America,,,1829,Panama,591,123 056,112 355,144 034,150 238,150 451,153 564,152 832,163 709,42 285,37 586,54 573,59 867,60 348,64 703,64 496,72 189,80 771,74 769,89 461,90 371,90 103,88 861,88 336,91 520
1888,Europe and Northern America,,,1829,South America,931,1 702 719,2 201 377,3 207 591,4 909 408,5 979 058,6 107 465,7 567 724,9 282 933,797 824,1 007 809,1 454 193,2 305 778,2 701 585,2 727 710,3 397 107,4 146 183,904 895,1 193 568,1 753 398,2 603 630,3 277 473,3 379 755,4 170 617,5 136 750
1889,Europe and Northern America,,,1829,Argentina,32,200 974,208 834,303 877,528 318,559 902,548 895,618 800,741 271,99 739,98 849,145 778,267 832,281 756,272 181,307 263,365 882,101 235,109 985,158 099,260 486,278 146,276 714,311 537,375 389
1890,Europe and Northern America,,,1829,Bolivia (Plurinational State of),68,6 132,9 975,16 297,126 181,226 610,178 039,195 957,209 942,2 834,4 557,7 330,55 082,94 622,70 298,78 636,85 621,3 298,5 418,8 967,71 099,131 988,107 741,117 321,124 321
1891,Europe and Northern America,,,1829,Brazil,76,192 699,256 173,446 987,692 752,865 886,932 802,1 289 235,1 570 464,83 838,105 397,194 460,312 635,365 018,388 509,547 907,663 550,108 861,150 776,252 527,380 117,500 868,544 293,741 328,906 914
1892,Europe and Northern America,,,1829,Chile,152,74 242,79 373,86 994,121 479,143 504,135 807,144 876,158 284,37 049,39 217,42 392,59 863,70 215,65 649,69 167,75 500,37 193,40 156,44 602,61 616,73 289,70 158,75 709,82 784
1893,Europe and Northern America,,,1829,Colombia,170,351 390,484 981,725 179,968 928,1 203 629,1 267 797,1 606 986,2 067 588,157 289,226 389,304 049,425 605,520 906,538 292,694 686,892 428,194 101,258 592,421 130,543 323,682 723,729 505,912 300,1 175 160
1894,Europe and Northern America,,,1829,Ecuador,218,164 384,264 984,449 604,864 319,1 034 049,959 947,990 101,1 098 396,84 159,126 136,224 965,431 410,505 226,458 041,478 039,528 310,80 225,138 848,224 639,432 909,528 823,501 906,512 062,570 086
1895,Europe and Northern America,,,1829,Falkland Islands (Malvinas)*,238,0..,0..,0..,0..,1,2,1,1,0..,0..,0..,0..,0..,0..,0..,0..,0..,0..,0..,0..,1,2,1,1
1896,Europe and Northern America,,,1829,French Guiana*,254,7,3,4,2,0..,0..,0..,0..,5,2,2,1,0..,0..,0..,0..,2,1,2,1,0..,0..,0..,0..
1897,Europe and Northern America,,,1829,Guyana,328,188 798,210 148,300 497,340 136,346 527,368 127,363 708,396 791,88 578,88 243,137 288,160 028,153 790,164 806,166 049,177 572,100 220,121 905,163 209,180 108,192 737,203 321,197 659,219 219
1898,Europe and Northern America,,,1829,Paraguay,600,7 386,7 654,7 934,30 613,90 835,77 263,113 666,154 743,3 497,3 514,3 452,12 071,30 657,23 303,36 173,53 466,3 889,4 140,4 482,18 542,60 178,53 960,77 493,101 277
1899,Europe and Northern America,,,1829,Peru,604,195 274,312 736,396 591,591 324,767 841,803 972,881 686,1 057 604,90 153,139 327,179 035,279 259,337 837,360 822,392 220,466 122,105 121,173 409,217 556,312 065,430 004,443 150,489 466,591 482
1900,Europe and Northern America,,,1829,Suriname,740,181 079,193 985,202 320,212 777,211 575,208 550,216 372,218 248,84 794,90 878,94 401,97 671,95 545,93 616,95 468,94 514,96 285,103 107,107 919,115 106,116 030,114 934,120 904,123 734
1901,Europe and Northern America,,,1829,Uruguay,858,10 366,15 339,29 184,82 019,98 211,87 997,97 058,103 801,4 893,7 353,14 218,41 599,49 516,43 870,47 991,51 004,5 473,7 986,14 966,40 420,48 695,44 127,49 067,52 797
1902,Europe and Northern America,,,1829,Venezuela (Bolivarian Republic of),862,129 988,157 192,242 123,350 560,430 488,538 267,1 049 278,1 505 800,60 996,77 947,106 823,162 722,196 497,248 323,483 508,692 214,68 992,79 245,135 300,187 838,233 991,289 944,565 770,813 586
1903,Europe and Northern America,,,1829,NORTHERN AMERICA,905,1 776 857,1 958 624,1 949 052,1 997 928,2 096 581,2 229 348,2 252 577,2 351 633,789 093,858 263,894 556,910 598,976 526,1 059 242,1 080 334,1 149 387,987 764,1 100 361,1 054 496,1 087 330,1 120 055,1 170 106,1 172 243,1 202 246
1904,Europe and Northern America,,,1829,Bermuda*,60,14,10,12,15,22,28,26,29,5,6,7,6,9,15,14,16,9,4,5,9,13,13,12,13
1905,Europe and Northern America,,,1829,Canada,124,1 014 815,1 158 228,1 115 419,1 108 304,1 093 552,1 126 137,1 114 628,1 144 523,432 339,479 589,502 177,492 157,501 247,526 779,525 325,554 078,582 476,678 639,613 242,616 147,592 305,599 358,589 303,590 445
1906,Europe and Northern America,,,1829,Greenland*,304,9 842,11 028,12 427,13 377,15 079,16 556,17 290,18 010,3 944,4 389,5 017,5 446,6 334,7 062,7 403,7 713,5 898,6 639,7 410,7 931,8 745,9 494,9 887,10 297
1907,Europe and Northern America,,,1829,Saint Pierre and Miquelon*,666,11,26,41,21,1,0..,0..,0..,6,23,40,20,0..,0..,0..,0..,5,3,1,1,1,0..,0..,0..
1908,Europe and Northern America,,,1829,United States of America*,840,752 175,789 332,821 153,876 211,987 927,1 086 627,1 120 633,1 189 071,352 799,374 256,387 315,412 969,468 936,525 386,547 592,587 580,399 376,415 076,433 838,463 242,518 991,561 241,573 041,601 491
1909,Europe and Northern America,,,1829,OCEANIA,909,201 615,230 646,267 746,290 083,313 740,321 904,324 512,335 197,94 327,107 253,123 481,135 817,151 009,159 368,166 064,175 382,107 288,123 393,144 265,154 266,162 731,162 536,158 448,159 815
1910,Europe and Northern America,,,1829,Australia/New Zealand,927,185 088,211 622,245 709,265 250,287 897,295 759,298 730,310 089,86 012,97 933,113 039,124 402,138 765,147 164,154 155,163 857,99 076,113 689,132 670,140 848,149 132,148 595,144 575,146 232
1911,Europe and Northern America,,,1829,Australia*,36,135 854,153 884,178 059,193 131,210 756,221 093,229 247,243 725,62 747,70 492,80 688,89 110,99 569,108 204,116 774,127 346,73 107,83 392,97 371,104 021,111 187,112 889,112 473,116 379
1912,Europe and Northern America,,,1829,New Zealand*,554,49 234,57 738,67 650,72 119,77 141,74 666,69 483,66 364,23 265,27 441,32 351,35 292,39 196,38 960,37 381,36 511,25 969,30 297,35 299,36 827,37 945,35 706,32 102,29 853
1913,Europe and Northern America,,,1829,Melanesia,928,15 546,18 435,21 827,24 349,25 053,25 369,25 027,24 305,7 519,8 881,10 352,11 162,11 801,11 781,11 484,11 075,8 027,9 554,11 475,13 187,13 252,13 588,13 543,13 230
1914,Europe and Northern America,,,1829,Fiji,242,15 526,18 399,21 774,24 258,24 919,25 201,24 865,24 125,7 510,8 864,10 325,11 102,11 699,11 660,11 369,10 948,8 016,9 535,11 449,13 156,13 220,13 541,13 496,13 177
1915,Europe and Northern America,,,1829,New Caledonia*,540,1,1,3,3,7,13,10,11,1,1,2,2,4,9,7,8,0..,0..,1,1,3,4,3,3
1916,Europe and Northern America,,,1829,Papua New Guinea,598,9,16,19,26,34,41,53,59,4,7,10,13,20,22,24,27,5,9,9,13,14,19,29,32
1917,Europe and Northern America,,,1829,Solomon Islands,90,7,15,22,17,11,20,9,10,3,7,10,7,5,9,3,3,4,8,12,10,6,11,6,7
1918,Europe and Northern America,,,1829,Vanuatu,548,3,4,9,45,82,94,90,100,1,2,5,38,73,81,81,89,2,2,4,7,9,13,9,11
1919,Europe and Northern America,,,1829,Micronesia,954,29,28,28,115,216,217,207,220,19,15,13,88,174,169,164,173,10,13,15,27,42,48,43,47
1920,Europe and Northern America,,,1829,Guam*,316,2,2,3,2,0..,0..,0..,0..,2,2,2,1,0..,0..,0..,0..,0..,0..,1,1,0..,0..,0..,0..
1921,Europe and Northern America,,,1829,Kiribati,296,1,4,7,6,10,19,13,15,1,1,3,2,6,10,4,4,0..,3,4,4,4,9,9,11
1922,Europe and Northern America,,,1829,Marshall Islands,584,3,1,0..,1,1,1,0..,0..,3,1,0..,1,1,1,0..,0..,0..,0..,0..,0..,0..,0..,0..,0..
1923,Europe and Northern America,,,1829,Micronesia (Fed. States of),583,0..,0..,0..,0..,1,2,0..,0..,0..,0..,0..,0..,0..,1,0..,0..,0..,0..,0..,0..,1,1,0..,0..
1924,Europe and Northern America,,,1829,Nauru,520,0..,1,1,2,2,7,4,3,0..,1,1,2,2,5,3,2,0..,0..,0..,0..,0..,2,1,1
1925,Europe and Northern America,,,1829,Northern Mariana Islands*,580,14,9,4,2,0..,0..,0..,0..,8,5,2,1,0..,0..,0..,0..,6,4,2,1,0..,0..,0..,0..
1926,Europe and Northern America,,,1829,Palau,585,9,11,13,102,202,188,190,202,5,5,5,81,165,152,157,167,4,6,8,21,37,36,33,35
1927,Europe and Northern America,,,1829,Polynesia*,957,952,561,182,369,574,559,548,583,777,424,77,165,269,254,261,277,175,137,105,204,305,305,287,306
1928,Europe and Northern America,,,1829,American Samoa*,16,3,8,14,7,0..,0..,0..,0..,1,2,3,1,0..,0..,0..,0..,2,6,11,6,0..,0..,0..,0..
1929,Europe and Northern America,,,1829,Cook Islands*,184,5,5,5,3,0..,0..,0..,0..,3,3,2,1,0..,0..,0..,0..,2,2,3,2,0..,0..,0..,0..
1930,Europe and Northern America,,,1829,French Polynesia*,258,19,18,18,17,17,24,18,20,10,9,8,8,9,14,11,13,9,9,10,9,8,10,7,7
1931,Europe and Northern America,,,1829,Samoa,882,10,15,20,251,506,485,491,525,3,5,5,113,230,213,229,244,7,10,15,138,276,272,262,281
1932,Europe and Northern America,,,1829,Tokelau*,772,3,2,2,2,1,0..,0..,0..,1,0..,0..,0..,0..,0..,0..,0..,2,2,2,2,1,0..,0..,0..
1933,Europe and Northern America,,,1829,Tonga,776,4,8,12,19,21,30,28,28,2,5,9,9,12,18,14,13,2,3,3,10,9,12,14,15
1934,Europe and Northern America,,,1829,Tuvalu,798,24,54,85,56,28,18,11,10,14,27,41,28,17,9,7,7,10,27,44,28,11,9,4,3
1935,Europe and Northern America,,,1829,Wallis and Futuna Islands*,876,884,451,26,14,1,2,0..,0..,743,373,9,5,1,0..,0..,0..,141,78,17,9,0..,2,0..,0..
1936,Europe and Northern America,,,1829,Others,2003,7 335 708,8 677 462,10 704 433,12 114 974,12 636 906,13 774 167,15 551 883,14 259 751,3 650 873,4 496 080,5 344 422,5 924 112,6 134 310,6 648 942,7 435 894,7 361 892,3 684 835,4 181 382,5 360 011,6 190 862,6 502 596,7 125 225,8 115 989,6 897 859