Index,"Region, development group, country or area of destination",Coverage,Data type,Location code of destination,"Region, development group, country or area of origin",Location code of origin,1990,1995,2000,2005,2010,2015,2020,2024
287,Sub-Saharan Africa,,,1834,World,900,13 802 710,14 578 211,13 518 102,14 849 146,15 787 016,20 399 360,22 040 895,24 306 400
288,Sub-Saharan Africa,,,1834,Sub-Saharan Africa,1834,11 007 568,12 012 007,10 906 522,11 689 672,12 692 139,15 919 484,18 164 495,19 564 204
289,Sub-Saharan Africa,,,1834,Northern Africa and Western Asia,1833,202 330,359 813,419 821,678 898,513 008,1 147 483,1 262 939,2 073 396
290,Sub-Saharan Africa,,,1834,Central and Southern Asia,1831,36 180,41 137,52 282,95 066,114 009,148 310,171 284,146 968
291,Sub-Saharan Africa,,,1834,Eastern and South-Eastern Asia,1832,26 214,27 909,36 844,44 714,81 016,103 615,83 201,73 516
292,Sub-Saharan Africa,,,1834,Latin America and the Caribbean,1830,7 358,7 705,7 365,7 463,13 641,22 594,23 815,25 119
293,Sub-Saharan Africa,,,1834,Oceania (excluding Australia and New Zealand),1835,190,148,155,219,971,2 411,3 016,3 553
294,Sub-Saharan Africa,,,1834,Australia/New Zealand,1836,7 182,6 393,5 710,5 487,5 611,5 444,5 408,5 566
295,Sub-Saharan Africa,,,1834,Europe and Northern America,1829,503 931,445 693,443 252,434 212,428 234,418 863,409 905,412 244
296,Sub-Saharan Africa,,,1834,More developed regions,901,512 200,453 045,449 983,440 790,435 523,425 942,416 902,419 532
297,Sub-Saharan Africa,,,1834,Less developed regions,902,11 278 753,12 447 760,11 421 968,12 514 941,13 413 106,17 342 262,19 707 161,21 885 034
298,Sub-Saharan Africa,,,1834,Least developed countries,941,9 749 423,10 771 835,9 551 572,10 031 387,10 247 357,13 422 546,15 412 644,17 315 114
299,Sub-Saharan Africa,,,1834,"Less developed regions, excluding least developed countries",934,1 529 330,1 675 925,1 870 396,2 483 554,3 165 749,3 919 716,4 294 517,4 569 920
300,Sub-Saharan Africa,,,1834,"Less developed regions, excluding China",948,11 261 873,12 428 969,11 394 479,12 479 447,13 344 593,17 252 448,19 637 664,21 825 939
301,Sub-Saharan Africa,,,1834,Land-locked Developing Countries (LLDC),1636,4 504 779,6 009 456,4 852 330,5 275 086,5 766 424,7 803 734,9 356 021,10 041 964
302,Sub-Saharan Africa,,,1834,Small Island Developing States (SIDS),1637,92 639,112 638,136 190,161 517,184 100,206 111,237 944,270 066
303,Sub-Saharan Africa,,,1834,High-and-upper-middle-income countries,5503,742 307,687 578,727 565,754 595,795 130,855 577,841 168,849 181
304,Sub-Saharan Africa,,,1834,Low-and-Lower-middle-income countries,5504,11 048 224,12 212 910,11 144 050,12 200 678,13 026 063,16 882 871,19 250 191,21 420 149
305,Sub-Saharan Africa,,,1834,High-income countries,1503,531 317,476 023,473 949,467 959,470 953,467 409,461 318,467 280
306,Sub-Saharan Africa,,,1834,Low-and-middle-income countries,1859,11 259 214,12 424 465,11 397 666,12 487 314,13 350 240,17 271 039,19 630 041,21 802 050
307,Sub-Saharan Africa,,,1834,Middle-income countries,1517,3 437 849,3 537 334,3 945 742,4 553 249,5 246 972,6 073 075,6 598 495,7 010 333
308,Sub-Saharan Africa,,,1834,Upper-middle-income countries,1502,210 990,211 555,253 616,286 636,324 177,388 168,379 850,381 901
309,Sub-Saharan Africa,,,1834,Lower-middle-income countries,1501,3 226 859,3 325 779,3 692 126,4 266 613,4 922 795,5 684 907,6 218 645,6 628 432
310,Sub-Saharan Africa,,,1834,Low-income countries,1500,7 821 365,8 887 131,7 451 924,7 934 065,8 103 268,11 197 964,13 031 546,14 791 717
311,Sub-Saharan Africa,,,1834,No income group available,1518,422,317,336,458,26 676,28 821,31 608,34 006
312,Sub-Saharan Africa,,,1834,AFRICA,903,11 191 152,12 353 767,11 308 262,12 353 913,13 185 924,17 033 013,19 384 236,21 587 670
313,Sub-Saharan Africa,,,1834,Eastern Africa,910,5 230 456,5 339 653,3 752 381,3 714 090,4 172 493,5 813 626,6 945 307,7 547 389
314,Sub-Saharan Africa,,,1834,Burundi,108,339 248,544 854,795 350,640 126,273 621,422 725,523 431,538 151
315,Sub-Saharan Africa,,,1834,Comoros,174,19 313,28 911,46 472,61 580,69 337,78 054,102 638,128 602
316,Sub-Saharan Africa,,,1834,Djibouti,262,975,18 802,2 300,796,788,779,745,1 379
317,Sub-Saharan Africa,,,1834,Eritrea,232,64 278,49 337,29 318,21 500,52 295,157 986,194 336,227 040
318,Sub-Saharan Africa,,,1834,Ethiopia,231,501 724,59 643,33 760,46 213,105 618,149 949,200 492,200 987
319,Sub-Saharan Africa,,,1834,Kenya,404,75 295,85 664,83 909,98 806,106 228,108 164,106 067,107 510
320,Sub-Saharan Africa,,,1834,Madagascar,450,15 903,21 001,27 261,31 560,34 553,36 148,38 952,41 792
321,Sub-Saharan Africa,,,1834,Malawi,454,137 769,133 649,166 895,214 908,257 714,305 021,370 347,424 739
322,Sub-Saharan Africa,,,1834,Mauritius,480,6 668,8 264,8 814,9 377,8 762,8 436,8 089,8 247
323,Sub-Saharan Africa,,,1834,Mayotte,175,1 800,3 893,6 162,6 410,6 294,6 507,6 740,6 933
324,Sub-Saharan Africa,,,1834,Mozambique,508,1 912 232,685 416,571 888,562 837,589 994,597 358,603 616,606 988
325,Sub-Saharan Africa,,,1834,Réunion,638,2 986,2 587,1 879,1 358,1 080,958,899,893
326,Sub-Saharan Africa,,,1834,Rwanda,646,579 869,2 103 655,337 470,279 137,314 238,472 341,459 224,508 207
327,Sub-Saharan Africa,,,1834,Seychelles,690,6 955,9 389,10 761,14 563,16 408,17 065,17 889,18 671
328,Sub-Saharan Africa,,,1834,Somalia,706,508 013,585 792,436 649,360 398,624 521,953 189,828 432,1 004 109
329,Sub-Saharan Africa,,,1834,South Sudan,728,469 191,256 478,273 844,200 890,92 585,566 095,1 456 853,1 589 436
330,Sub-Saharan Africa,,,1834,Uganda,800,159 948,223 060,383 693,434 783,561 008,595 059,558 216,546 607
331,Sub-Saharan Africa,,,1834,United Republic of Tanzania,834,168 172,182 469,162 865,170 444,171 992,173 162,169 216,169 439
332,Sub-Saharan Africa,,,1834,Zambia,894,69 439,110 802,119 029,126 432,125 348,117 726,110 616,109 527
333,Sub-Saharan Africa,,,1834,Zimbabwe,716,190 678,225 987,254 062,431 972,760 109,1 046 904,1 188 509,1 308 132
334,Sub-Saharan Africa,,,1834,Middle Africa,911,1 233 824,1 216 078,1 732 063,1 896 019,2 059 399,2 742 132,3 271 741,3 578 793
335,Sub-Saharan Africa,,,1834,Angola,24,649 453,491 718,688 523,479 472,425 317,344 095,344 159,383 419
336,Sub-Saharan Africa,,,1834,Cameroon,120,63 197,72 098,83 091,87 554,102 606,126 648,162 859,174 945
337,Sub-Saharan Africa,,,1834,Central African Republic,140,19 145,21 108,26 208,94 127,211 736,651 835,767 522,859 699
338,Sub-Saharan Africa,,,1834,Chad,148,123 318,120 656,118 346,114 053,104 315,96 567,96 316,103 490
339,Sub-Saharan Africa,,,1834,Congo,178,34 218,46 186,60 479,88 468,87 471,107 932,116 103,118 780
340,Sub-Saharan Africa,,,1834,Democratic Republic of the Congo,180,302 346,410 391,689 887,944 949,1 037 153,1 284 326,1 642 408,1 786 123
341,Sub-Saharan Africa,,,1834,Equatorial Guinea,226,27 732,36 868,46 102,53 170,61 609,96 124,104 343,111 472
342,Sub-Saharan Africa,,,1834,Gabon,266,6 331,7 009,7 436,21 422,15 382,18 868,20 890,22 765
343,Sub-Saharan Africa,,,1834,Sao Tome and Principe,678,8 084,10 044,11 991,12 804,13 810,15 737,17 141,18 100
344,Sub-Saharan Africa,,,1834,Northern Africa,912,183 584,341 760,401 740,664 241,493 785,1 113 529,1 219 741,2 023 466
345,Sub-Saharan Africa,,,1834,Algeria,12,6 966,7 103,6 871,8 825,7 196,15 462,15 682,15 813
346,Sub-Saharan Africa,,,1834,Egypt,818,3 397,2 593,2 494,3 821,9 305,9 949,9 511,9 725
347,Sub-Saharan Africa,,,1834,Libya,434,1 500,1 590,1 720,1 358,2 584,3 143,3 601,4 042
348,Sub-Saharan Africa,,,1834,Morocco,504,4 067,4 422,4 280,4 665,5 781,6 772,7 013,7 296
349,Sub-Saharan Africa,,,1834,Sudan,729,167 352,325 711,386 004,645 189,442 573,1 049 142,1 152 108,1 952 361
350,Sub-Saharan Africa,,,1834,Tunisia,788,290,329,359,372,318,985,1 003,1 024
351,Sub-Saharan Africa,,,1834,Western Sahara,732,12,12,12,11,26 028,28 076,30 823,33 205
352,Sub-Saharan Africa,,,1834,Southern Africa,913,302 738,278 494,300 150,324 091,345 288,364 812,390 024,406 650
353,Sub-Saharan Africa,,,1834,Botswana,72,23 779,17 189,21 315,20 976,18 499,16 576,15 527,14 684
354,Sub-Saharan Africa,,,1834,Eswatini,748,31 117,27 897,29 357,32 603,36 332,27 298,17 888,10 331
355,Sub-Saharan Africa,,,1834,Lesotho,426,130 160,122 086,121 099,138 786,161 819,191 371,224 591,246 719
356,Sub-Saharan Africa,,,1834,Namibia,516,45 551,36 587,44 338,46 736,44 168,41 968,40 085,37 944
357,Sub-Saharan Africa,,,1834,South Africa,710,72 131,74 735,84 041,84 990,84 470,87 599,91 933,96 972
358,Sub-Saharan Africa,,,1834,Western Africa,914,4 240 550,5 177 782,5 121 928,5 755 472,6 114 959,6 998 914,7 557 423,8 031 372
359,Sub-Saharan Africa,,,1834,Benin,204,215 906,254 286,307 207,477 223,511 900,602 899,646 102,690 990
360,Sub-Saharan Africa,,,1834,Burkina Faso,854,1 014 998,1 150 619,1 295 230,1 438 016,1 592 230,1 748 564,1 904 780,2 033 940
361,Sub-Saharan Africa,,,1834,Cabo Verde,132,10 796,11 532,11 893,14 289,15 958,17 185,17 815,18 208
362,Sub-Saharan Africa,,,1834,Côte d'Ivoire,384,315 537,386 028,462 761,601 688,779 737,869 074,921 171,965 618
363,Sub-Saharan Africa,,,1834,Gambia,270,13 189,13 746,13 194,12 231,11 983,12 717,12 638,12 860
364,Sub-Saharan Africa,,,1834,Ghana,288,266 079,267 176,270 465,376 073,394 445,448 886,468 321,486 941
365,Sub-Saharan Africa,,,1834,Guinea,324,322 316,327 393,325 125,313 126,331 833,343 944,355 925,359 753
366,Sub-Saharan Africa,,,1834,Guinea-Bissau,624,38 169,41 789,43 251,45 828,51 231,54 060,56 960,59 179
367,Sub-Saharan Africa,,,1834,Liberia,430,512 504,530 582,235 500,311 075,143 974,106 367,101 510,99 431
368,Sub-Saharan Africa,,,1834,Mali,466,552 084,702 902,658 079,745 878,800 521,1 004 498,1 043 996,1 106 592
369,Sub-Saharan Africa,,,1834,Mauritania,478,108 736,124 518,78 313,65 674,68 332,67 270,79 107,83 465
370,Sub-Saharan Africa,,,1834,Niger,562,162 104,188 673,218 338,315 747,348 164,387 515,412 390,434 081
371,Sub-Saharan Africa,,,1834,Nigeria,566,245 359,247 642,255 503,326 149,370 211,551 366,679 724,762 430
372,Sub-Saharan Africa,,,1834,Senegal,686,238 068,215 714,237 885,240 091,245 031,256 331,278 203,296 904
373,Sub-Saharan Africa,,,1834,Sierra Leone,694,41 162,421 991,457 701,84 951,50 650,50 353,53 872,52 090
374,Sub-Saharan Africa,,,1834,Togo,768,183 543,293 191,251 483,387 433,398 759,477 885,524 909,568 890
375,Sub-Saharan Africa,,,1834,ASIA,935,81 140,87 099,107 207,154 437,214 248,285 879,297 683,270 414
376,Sub-Saharan Africa,,,1834,Central Asia,5500,0..,0..,0..,0..,1 488,1 832,2 146,2 409
377,Sub-Saharan Africa,,,1834,Kazakhstan,398,0..,0..,0..,0..,1 488,1 830,2 146,2 409
378,Sub-Saharan Africa,,,1834,Tajikistan,762,0..,0..,0..,0..,0..,1,0..,0..
379,Sub-Saharan Africa,,,1834,Uzbekistan,860,0..,0..,0..,0..,0..,1,0..,0..
380,Sub-Saharan Africa,,,1834,Eastern Asia,906,23 454,24 599,32 733,40 258,74 795,96 802,76 190,66 133
381,Sub-Saharan Africa,,,1834,China,156,10 938,13 444,22 761,31 320,64 817,86 744,66 970,56 621
382,Sub-Saharan Africa,,,1834,"China, Hong Kong SAR",344,1 658,1 370,1 071,825,642,606,610,598
383,Sub-Saharan Africa,,,1834,"China, Taiwan Province of China",158,4 284,3 977,3 657,3 349,3 054,2 464,1 917,1 876
384,Sub-Saharan Africa,,,1834,Dem. People's Republic of Korea,408,2 698,2 317,1 948,1 550,2 609,3 680,3 688,3 910
385,Sub-Saharan Africa,,,1834,Japan,392,1 087,959,1 021,1 091,1 678,1 635,1 589,1 722
386,Sub-Saharan Africa,,,1834,Republic of Korea,410,2 789,2 532,2 275,2 123,1 995,1 673,1 416,1 406
387,Sub-Saharan Africa,,,1834,Southern Asia,5501,36 180,41 137,52 282,95 066,112 521,146 478,169 138,144 559
388,Sub-Saharan Africa,,,1834,Afghanistan,4,76,73,84,188,736,1 284,2 533,3 579
389,Sub-Saharan Africa,,,1834,Bangladesh,50,142,321,807,12 350,20 896,36 509,56 491,39 386
390,Sub-Saharan Africa,,,1834,Bhutan,64,0..,0..,0..,0..,0..,3,1,1
391,Sub-Saharan Africa,,,1834,India,356,31 665,35 214,43 169,59 854,69 630,77 792,77 487,76 163
392,Sub-Saharan Africa,,,1834,Iran (Islamic Republic of),364,1 149,1 044,942,870,728,629,528,531
393,Sub-Saharan Africa,,,1834,Maldives,462,2,1,1,17,34,38,37,38
394,Sub-Saharan Africa,,,1834,Nepal,524,38,36,87,185,280,488,565,571
395,Sub-Saharan Africa,,,1834,Pakistan,586,2 129,3 230,5 636,19 057,17 323,26 587,28 365,21 100
396,Sub-Saharan Africa,,,1834,Sri Lanka,144,979,1 218,1 556,2 545,2 894,3 148,3 131,3 190
397,Sub-Saharan Africa,,,1834,South-Eastern Asia,920,2 760,3 310,4 111,4 456,6 221,6 813,7 011,7 383
398,Sub-Saharan Africa,,,1834,Cambodia,116,0..,0..,0..,0..,0..,9,7,7
399,Sub-Saharan Africa,,,1834,Indonesia,360,924,974,1 027,903,805,788,774,777
400,Sub-Saharan Africa,,,1834,Malaysia,458,492,485,498,561,662,651,591,589
401,Sub-Saharan Africa,,,1834,Myanmar,104,144,123,105,129,180,263,357,437
402,Sub-Saharan Africa,,,1834,Philippines,608,835,1 083,1 333,1 485,1 681,1 801,1 834,1 861
403,Sub-Saharan Africa,,,1834,Singapore,702,216,257,316,360,1 059,1 250,1 433,1 571
404,Sub-Saharan Africa,,,1834,Thailand,764,126,361,797,943,1 715,1 846,1 674,1 696
405,Sub-Saharan Africa,,,1834,Timor-Leste,626,11,14,17,13,8,8,7,7
406,Sub-Saharan Africa,,,1834,Viet Nam,704,12,13,18,62,111,197,334,438
407,Sub-Saharan Africa,,,1834,Western Asia,922,18 746,18 053,18 081,14 657,19 223,33 954,43 198,49 930
408,Sub-Saharan Africa,,,1834,Armenia,51,94,89,84,66,63,70,71,75
409,Sub-Saharan Africa,,,1834,Azerbaijan,31,0..,0..,0..,0..,0..,5,3,3
410,Sub-Saharan Africa,,,1834,Bahrain,48,72,68,65,51,49,50,50,53
411,Sub-Saharan Africa,,,1834,Cyprus,196,2 773,2 035,1 898,1 697,1 442,1 022,689,667
412,Sub-Saharan Africa,,,1834,Iraq,368,77,82,84,85,95,112,122,131
413,Sub-Saharan Africa,,,1834,Israel,376,2 799,2 395,2 289,2 322,3 453,3 177,2 881,3 056
414,Sub-Saharan Africa,,,1834,Jordan,400,0..,0..,0..,0..,0..,2,0..,0..
415,Sub-Saharan Africa,,,1834,Kuwait,414,29,30,31,32,22,31,33,35
416,Sub-Saharan Africa,,,1834,Lebanon,422,9 454,9 672,9 987,6 706,6 560,7 985,8 048,8 238
417,Sub-Saharan Africa,,,1834,Saudi Arabia,682,2 195,2 441,2 218,2 060,3 189,3 632,4 049,4 380
418,Sub-Saharan Africa,,,1834,State of Palestine,275,135,144,148,150,112,161,175,188
419,Sub-Saharan Africa,,,1834,Syrian Arab Republic,760,201,216,229,233,173,424,1 117,1 430
420,Sub-Saharan Africa,,,1834,Türkiye,792,542,521,620,793,1 023,950,840,838
421,Sub-Saharan Africa,,,1834,United Arab Emirates,784,74,79,114,197,2 728,3 457,4 220,4 830
422,Sub-Saharan Africa,,,1834,Yemen,887,301,281,314,265,314,12 876,20 900,26 006
423,Sub-Saharan Africa,,,1834,EUROPE,908,484 699,426 557,423 480,413 588,407 659,396 824,386 048,386 464
424,Sub-Saharan Africa,,,1834,Eastern Europe,923,18 221,16 059,15 072,14 450,15 713,13 564,11 068,11 103
425,Sub-Saharan Africa,,,1834,Bulgaria,100,345,663,1 597,1 868,1 667,1 232,819,799
426,Sub-Saharan Africa,,,1834,Czechia,203,1 602,1 310,1 075,868,715,614,534,535
427,Sub-Saharan Africa,,,1834,Hungary,348,1 492,1 150,464,466,698,679,529,525
428,Sub-Saharan Africa,,,1834,Poland,616,5 806,5 358,4 392,4 643,5 411,3 696,2 142,2 093
429,Sub-Saharan Africa,,,1834,Republic of Moldova*,498,0..,0..,0..,0..,0..,3,1,1
430,Sub-Saharan Africa,,,1834,Romania,642,574,636,706,774,848,668,468,460
431,Sub-Saharan Africa,,,1834,Russian Federation,643,5 452,4 286,4 478,3 985,4 909,5 470,5 561,5 675
432,Sub-Saharan Africa,,,1834,Slovakia,703,279,257,236,210,187,165,148,146
433,Sub-Saharan Africa,,,1834,Ukraine*,804,2 671,2 399,2 124,1 636,1 278,1 037,866,869
434,Sub-Saharan Africa,,,1834,Northern Europe,924,217 090,170 767,154 083,135 263,115 648,104 528,95 028,87 341
435,Sub-Saharan Africa,,,1834,Denmark*,208,1 280,1 129,1 185,1 184,1 155,1 162,1 126,1 143
436,Sub-Saharan Africa,,,1834,Estonia,233,12,12,12,65,122,233,408,529
437,Sub-Saharan Africa,,,1834,Finland*,246,577,563,415,356,358,367,375,378
438,Sub-Saharan Africa,,,1834,Iceland,352,12,12,13,104,354,329,187,189
439,Sub-Saharan Africa,,,1834,Ireland,372,6 622,5 824,5 151,4 668,4 275,3 780,3 368,3 361
440,Sub-Saharan Africa,,,1834,Latvia,428,265,229,194,146,104,97,74,71
441,Sub-Saharan Africa,,,1834,Lithuania,440,250,227,206,180,156,135,117,115
442,Sub-Saharan Africa,,,1834,Norway*,578,739,689,654,689,738,716,699,719
443,Sub-Saharan Africa,,,1834,Sweden,752,1 792,1 602,1 494,1 102,1 360,1 560,1 458,1 459
444,Sub-Saharan Africa,,,1834,United Kingdom*,826,205 541,160 480,144 759,126 769,107 026,96 149,87 216,79 377
445,Sub-Saharan Africa,,,1834,Southern Europe,925,60 996,48 814,51 887,52 812,54 245,48 755,43 044,41 257
446,Sub-Saharan Africa,,,1834,Albania,8,110,51,24,30,1 083,1 375,1 673,1 915
447,Sub-Saharan Africa,,,1834,Andorra,20,0..,0..,0..,0..,835,1 033,1 208,1 355
448,Sub-Saharan Africa,,,1834,Bosnia and Herzegovina,70,724,538,595,818,1 170,1 317,1 386,1 445
449,Sub-Saharan Africa,,,1834,Croatia,191,570,570,582,570,1 357,1 438,1 482,1 621
450,Sub-Saharan Africa,,,1834,Greece,300,5 943,4 387,3 897,3 718,3 267,2 487,1 824,1 802
451,Sub-Saharan Africa,,,1834,Italy,380,13 667,11 501,11 633,11 886,11 328,9 709,8 097,8 226
452,Sub-Saharan Africa,,,1834,Malta,470,266,219,181,172,174,175,177,174
453,Sub-Saharan Africa,,,1834,Portugal,620,35 985,28 067,31 675,31 952,30 775,26 697,22 661,20 082
454,Sub-Saharan Africa,,,1834,Serbia*,688,1 515,1 389,1 086,858,621,508,446,443
455,Sub-Saharan Africa,,,1834,Slovenia,705,15,42,66,52,50,71,69,71
456,Sub-Saharan Africa,,,1834,Spain*,724,2 201,2 050,2 148,2 756,3 585,3 945,4 021,4 123
457,Sub-Saharan Africa,,,1834,Western Europe,926,188 392,190 917,202 438,211 063,222 053,229 977,236 908,246 763
458,Sub-Saharan Africa,,,1834,Austria,40,3 965,3 503,3 226,2 999,2 952,2 598,2 272,2 284
459,Sub-Saharan Africa,,,1834,Belgium,56,5 610,4 883,4 862,4 810,4 684,4 577,4 402,4 516
460,Sub-Saharan Africa,,,1834,France*,250,108 016,123 365,142 101,153 982,164 182,177 763,190 570,202 481
461,Sub-Saharan Africa,,,1834,Germany,276,43 154,36 509,37 695,35 450,33 611,29 979,26 821,24 397
462,Sub-Saharan Africa,,,1834,Liechtenstein,438,0..,0..,0..,0..,0..,4,2,2
463,Sub-Saharan Africa,,,1834,Luxembourg,442,69,69,68,52,47,46,47,50
464,Sub-Saharan Africa,,,1834,Netherlands*,528,23 041,18 658,12 410,11 355,11 647,8 525,5 793,5 749
465,Sub-Saharan Africa,,,1834,Switzerland,756,4 537,3 930,2 076,2 415,4 930,6 485,7 001,7 284
466,Sub-Saharan Africa,,,1834,LATIN AMERICA AND THE CARIBBEAN,904,7 358,7 705,7 365,7 463,13 641,22 594,23 815,25 119
467,Sub-Saharan Africa,,,1834,Caribbean,915,2 389,2 401,2 638,2 635,6 752,12 085,13 035,13 912
468,Sub-Saharan Africa,,,1834,Antigua and Barbuda,28,693,662,616,487,469,4 911,4 766,4 654
469,Sub-Saharan Africa,,,1834,Bahamas,44,74,70,67,52,50,61,61,64
470,Sub-Saharan Africa,,,1834,Barbados,52,0..,0..,0..,0..,0..,11,9,9
471,Sub-Saharan Africa,,,1834,British Virgin Islands*,92,12,12,13,44,526,817,1 413,1 922
472,Sub-Saharan Africa,,,1834,Cuba,192,1 578,1 615,1 891,1 984,3 630,3 617,3 545,3 529
473,Sub-Saharan Africa,,,1834,Dominica,212,0..,0..,0..,0..,0..,13,11,11
474,Sub-Saharan Africa,,,1834,Dominican Republic,214,0..,0..,0..,0..,0..,2,0..,0..
475,Sub-Saharan Africa,,,1834,Grenada,308,0..,0..,0..,0..,300,369,431,484
476,Sub-Saharan Africa,,,1834,Guadeloupe*,312,0..,0..,0..,0..,760,935,1 096,1 230
477,Sub-Saharan Africa,,,1834,Haiti,332,0..,0..,0..,0..,0..,25,22,21
478,Sub-Saharan Africa,,,1834,Martinique*,474,12,12,12,14,38,103,270,415
479,Sub-Saharan Africa,,,1834,Saint Vincent and the Grenadines,670,0..,0..,0..,0..,0..,30,27,26
480,Sub-Saharan Africa,,,1834,Turks and Caicos Islands*,796,0..,0..,0..,0..,536,659,771,865
481,Sub-Saharan Africa,,,1834,United States Virgin Islands*,850,20,30,39,54,443,532,613,682
482,Sub-Saharan Africa,,,1834,Central America,916,285,720,204,132,156,619,638,652
483,Sub-Saharan Africa,,,1834,Belize,84,0..,0..,0..,0..,0..,2,0..,0..
484,Sub-Saharan Africa,,,1834,Costa Rica,188,0..,0..,0..,0..,0..,118,112,108
485,Sub-Saharan Africa,,,1834,El Salvador,222,0..,0..,0..,0..,0..,4,2,2
486,Sub-Saharan Africa,,,1834,Honduras,340,0..,0..,0..,0..,0..,298,285,276
487,Sub-Saharan Africa,,,1834,Mexico,484,285,720,204,132,156,192,236,263
488,Sub-Saharan Africa,,,1834,Nicaragua,558,0..,0..,0..,0..,0..,5,3,3
489,Sub-Saharan Africa,,,1834,South America,931,4 684,4 584,4 523,4 696,6 733,9 890,10 142,10 555
490,Sub-Saharan Africa,,,1834,Argentina,32,1 083,989,1 085,1 092,1 034,1 105,1 044,1 041
491,Sub-Saharan Africa,,,1834,Bolivia (Plurinational State of),68,0..,0..,0..,0..,0..,5,3,3
492,Sub-Saharan Africa,,,1834,Brazil,76,2 672,2 755,2 744,2 884,3 180,3 120,3 024,3 097
493,Sub-Saharan Africa,,,1834,Chile,152,469,441,363,323,1 555,1 843,2 100,2 320
494,Sub-Saharan Africa,,,1834,Colombia,170,200,202,122,114,136,2 786,2 715,2 656
495,Sub-Saharan Africa,,,1834,Ecuador,218,0..,0..,0..,0..,0..,2,0..,0..
496,Sub-Saharan Africa,,,1834,Guyana,328,12,12,12,13,33,82,202,303
497,Sub-Saharan Africa,,,1834,Peru,604,4,4,4,4,3,3,2,2
498,Sub-Saharan Africa,,,1834,Uruguay,858,0..,0..,0..,0..,407,501,585,657
499,Sub-Saharan Africa,,,1834,Venezuela (Bolivarian Republic of),862,244,181,193,266,385,443,467,476
500,Sub-Saharan Africa,,,1834,NORTHERN AMERICA,905,19 232,19 136,19 772,20 624,20 575,22 039,23 857,25 780
501,Sub-Saharan Africa,,,1834,Canada,124,3 957,3 990,4 316,4 516,4 339,4 363,4 410,4 601
502,Sub-Saharan Africa,,,1834,United States of America*,840,15 275,15 146,15 456,16 108,16 236,17 676,19 447,21 179
503,Sub-Saharan Africa,,,1834,OCEANIA,909,7 372,6 541,5 865,5 706,6 582,7 855,8 424,9 119
504,Sub-Saharan Africa,,,1834,Australia/New Zealand,927,7 182,6 393,5 710,5 487,5 611,5 444,5 408,5 566
505,Sub-Saharan Africa,,,1834,Australia*,36,5 541,4 970,4 472,4 198,4 170,4 129,4 296,4 464
506,Sub-Saharan Africa,,,1834,New Zealand*,554,1 641,1 423,1 238,1 289,1 441,1 315,1 112,1 102
507,Sub-Saharan Africa,,,1834,Melanesia,928,12,12,12,8,22,90,176,255
508,Sub-Saharan Africa,,,1834,Fiji,242,0..,0..,0..,0..,0..,3,1,1
509,Sub-Saharan Africa,,,1834,Papua New Guinea,598,0..,0..,0..,0..,0..,16,14,14
510,Sub-Saharan Africa,,,1834,Solomon Islands,90,0..,0..,0..,0..,0..,12,10,10
511,Sub-Saharan Africa,,,1834,Vanuatu,548,12,12,12,8,22,59,151,230
512,Sub-Saharan Africa,,,1834,Micronesia,954,0..,0..,0..,0..,0..,39,29,28
513,Sub-Saharan Africa,,,1834,Kiribati,296,0..,0..,0..,0..,0..,3,1,1
514,Sub-Saharan Africa,,,1834,Marshall Islands,584,0..,0..,0..,0..,0..,6,4,4
515,Sub-Saharan Africa,,,1834,Micronesia (Fed. States of),583,0..,0..,0..,0..,0..,3,1,1
516,Sub-Saharan Africa,,,1834,Nauru,520,0..,0..,0..,0..,0..,18,16,15
517,Sub-Saharan Africa,,,1834,Palau,585,0..,0..,0..,0..,0..,9,7,7
518,Sub-Saharan Africa,,,1834,Polynesia*,957,178,136,143,211,949,2 282,2 811,3 270
519,Sub-Saharan Africa,,,1834,American Samoa*,16,12,12,12,30,408,638,1 138,1 573
520,Sub-Saharan Africa,,,1834,French Polynesia*,258,0..,0..,0..,0..,278,341,398,447
521,Sub-Saharan Africa,,,1834,Samoa,882,0..,0..,0..,0..,0..,28,25,24
522,Sub-Saharan Africa,,,1834,Tonga,776,0..,0..,0..,0..,0..,972,932,901
523,Sub-Saharan Africa,,,1834,Tuvalu,798,0..,0..,0..,0..,0..,1,0..,0..
524,Sub-Saharan Africa,,,1834,Wallis and Futuna Islands*,876,166,124,131,181,263,302,318,325
525,Sub-Saharan Africa,,,1834,Others,2003,2 011 757,1 677 406,1 646 151,1 893 415,1 938 387,2 631 156,1 916 832,2 001 834
526,Northern Africa and Western Asia,,,1833,World,900,16 863 681,18 573 252,20 033 534,23 016 410,32 028 416,44 083 778,48 992 329,54 085 710
527,Northern Africa and Western Asia,,,1833,Sub-Saharan Africa,1834,1 612 331,1 350 291,1 186 044,998 950,1 343 485,1 607 668,2 490 892,3 563 313
528,Northern Africa and Western Asia,,,1833,Northern Africa and Western Asia,1833,6 066 251,7 398 700,8 135 107,9 561 953,13 117 580,18 950 596,21 896 844,23 216 909
529,Northern Africa and Western Asia,,,1833,Central and Southern Asia,1831,4 058 887,4 692 035,5 311 977,7 044 113,11 077 649,16 350 483,17 436 791,19 532 948
530,Northern Africa and Western Asia,,,1833,Eastern and South-Eastern Asia,1832,1 140 797,1 252 171,1 469 038,1 628 407,2 055 947,2 498 211,2 567 990,2 803 636
531,Northern Africa and Western Asia,,,1833,Latin America and the Caribbean,1830,38 208,47 044,53 994,60 896,68 622,73 564,79 782,84 601
532,Northern Africa and Western Asia,,,1833,Oceania (excluding Australia and New Zealand),1835,1,2,2,3,3,2,1,1
533,Northern Africa and Western Asia,,,1833,Australia/New Zealand,1836,4 594,4 946,5 247,6 470,8 120,7 299,8 868,9 237
534,Northern Africa and Western Asia,,,1833,Europe and Northern America,1829,2 468 303,2 445 479,2 302 343,2 185 163,2 125 712,2 081 924,2 341 825,2 678 174
535,Northern Africa and Western Asia,,,1833,More developed regions,901,2 477 930,2 453 848,2 309 457,2 193 693,2 136 006,2 090 305,2 352 880,2 689 435
536,Northern Africa and Western Asia,,,1833,Less developed regions,902,12 911 442,14 736 820,16 154 295,19 292 262,27 661 112,39 479 442,44 470 113,49 199 384
537,Northern Africa and Western Asia,,,1833,Least developed countries,941,3 215 314,3 253 254,3 280 406,3 724 727,6 081 932,9 931 003,11 339 347,13 899 441
538,Northern Africa and Western Asia,,,1833,"Less developed regions, excluding least developed countries",934,9 696 128,11 483 566,12 873 889,15 567 535,21 579 180,29 548 439,33 130 766,35 299 943
539,Northern Africa and Western Asia,,,1833,"Less developed regions, excluding China",948,12 900 101,14 729 392,16 145 859,19 280 658,27 641 663,39 460 988,44 432 860,49 126 061
540,Northern Africa and Western Asia,,,1833,Land-locked Developing Countries (LLDC),1636,2 100 644,1 976 769,1 562 325,1 298 849,1 409 627,2 050 292,3 265 433,4 444 593
541,Northern Africa and Western Asia,,,1833,Small Island Developing States (SIDS),1637,2 440,3 749,5 189,6 044,6 994,6 400,9 083,9 562
542,Northern Africa and Western Asia,,,1833,High-and-upper-middle-income countries,5503,5 840 637,6 874 834,7 398 276,7 928 191,9 089 222,8 192 719,9 397 638,10 072 285
543,Northern Africa and Western Asia,,,1833,Low-and-Lower-middle-income countries,5504,9 380 261,10 148 217,10 898 639,13 425 426,20 562 288,33 218 774,37 260 681,41 645 839
544,Northern Africa and Western Asia,,,1833,High-income countries,1503,1 408 329,1 453 045,1 478 355,1 450 137,1 530 634,1 556 128,1 824 471,2 024 565
545,Northern Africa and Western Asia,,,1833,Low-and-middle-income countries,1859,13 812 569,15 570 006,16 818 560,19 903 480,28 120 876,39 855 365,44 833 848,49 693 559
546,Northern Africa and Western Asia,,,1833,Middle-income countries,1517,11 369 415,13 219 509,14 559 066,17 455 163,23 790 570,29 440 039,31 484 933,34 548 602
547,Northern Africa and Western Asia,,,1833,Upper-middle-income countries,1502,4 432 308,5 421 789,5 919 921,6 478 054,7 558 588,6 636 591,7 573 167,8 047 720
548,Northern Africa and Western Asia,,,1833,Lower-middle-income countries,1501,6 937 107,7 797 720,8 639 145,10 977 109,16 231 982,22 803 448,23 911 766,26 500 882
549,Northern Africa and Western Asia,,,1833,Low-income countries,1500,2 443 154,2 350 497,2 259 494,2 448 317,4 330 306,10 415 326,13 348 915,15 144 957
550,Northern Africa and Western Asia,,,1833,No income group available,1518,168 474,167 617,166 837,132 338,145 608,158 254,164 674,170 695
551,Northern Africa and Western Asia,,,1833,AFRICA,903,3 816 249,3 688 292,3 651 373,3 912 169,5 326 786,6 929 602,8 096 344,10 094 349
552,Northern Africa and Western Asia,,,1833,Eastern Africa,910,1 293 054,1 134 181,977 468,771 496,1 104 026,1 383 186,2 201 954,3 140 755
553,Northern Africa and Western Asia,,,1833,Burundi,108,20,54,70,92,77,44,148,241
554,Northern Africa and Western Asia,,,1833,Comoros,174,1 392,2 444,3 606,4 209,4 903,4 281,6 659,7 064
555,Northern Africa and Western Asia,,,1833,Djibouti,262,912,1 099,1 315,1 441,1 549,1 440,1 772,1 830
556,Northern Africa and Western Asia,,,1833,Eritrea,232,74 335,300 864,450 986,212 981,183 347,224 011,294 445,464 514
557,Northern Africa and Western Asia,,,1833,Ethiopia,231,1 052 228,606 498,253 074,263 495,295 397,388 975,438 704,508 067
558,Northern Africa and Western Asia,,,1833,Kenya,404,6 514,6 578,6 651,6 189,3 224,2 989,4 106,6 891
559,Northern Africa and Western Asia,,,1833,Madagascar,450,2,3,4,6,8,7,6,6
560,Northern Africa and Western Asia,,,1833,Malawi,454,2,3,4,6,8,7,6,6
561,Northern Africa and Western Asia,,,1833,Mauritius,480,3,4,5,7,10,9,8,8
562,Northern Africa and Western Asia,,,1833,Mozambique,508,3,4,5,7,10,9,8,8
563,Northern Africa and Western Asia,,,1833,Seychelles,690,2,3,4,6,8,7,6,6
564,Northern Africa and Western Asia,,,1833,Somalia,706,67 792,143 856,199 144,240 461,376 718,462 445,528 858,557 547
565,Northern Africa and Western Asia,,,1833,South Sudan,728,10 007,9 548,9 484,10 305,228 476,280 169,908 329,1 569 448
566,Northern Africa and Western Asia,,,1833,Uganda,800,74 438,57 778,47 621,26 116,2 099,1 268,1 907,3 351
567,Northern Africa and Western Asia,,,1833,United Republic of Tanzania,834,5 294,5 289,5 294,5 873,7 728,17 102,16 558,21 308
568,Northern Africa and Western Asia,,,1833,Zambia,894,34,48,62,94,144,131,135,143
569,Northern Africa and Western Asia,,,1833,Zimbabwe,716,76,108,139,208,320,292,299,317
570,Northern Africa and Western Asia,,,1833,Middle Africa,911,242 234,131 079,117 527,124 827,131 204,107 290,154 277,258 395
571,Northern Africa and Western Asia,,,1833,Cameroon,120,65,95,135,201,820,811,2 980,3 125
572,Northern Africa and Western Asia,,,1833,Central African Republic,140,17 915,18 277,18 646,20 781,16 079,13 502,25 975,45 139
573,Northern Africa and Western Asia,,,1833,Chad,148,206 556,96 787,84 135,87 571,86 673,81 950,110 960,187 902
574,Northern Africa and Western Asia,,,1833,Congo,178,1 390,1 404,1 602,1 722,1 895,2 284,2 612,2 882
575,Northern Africa and Western Asia,,,1833,Democratic Republic of the Congo,180,16 308,14 516,13 009,14 552,25 737,8 743,11 750,19 347
576,Northern Africa and Western Asia,,,1833,Northern Africa,912,2 203 918,2 338 001,2 465 329,2 913 219,3 983 301,5 321 934,5 605 452,6 531 036
577,Northern Africa and Western Asia,,,1833,Algeria,12,68 611,72 291,69 364,68 479,67 022,75 588,89 687,102 310
578,Northern Africa and Western Asia,,,1833,Egypt,818,1 420 251,1 496 893,1 610 358,2 001 959,2 781 345,3 659 312,3 823 434,4 107 560
579,Northern Africa and Western Asia,,,1833,Libya,434,33 726,35 201,34 918,36 239,50 998,66 050,89 450,98 549
580,Northern Africa and Western Asia,,,1833,Morocco,504,177 527,189 848,187 821,181 669,178 097,193 882,220 881,245 300
581,Northern Africa and Western Asia,,,1833,Sudan,729,292 991,325 238,341 691,436 161,700 205,1 105 794,1 151 770,1 738 902
582,Northern Africa and Western Asia,,,1833,Tunisia,788,42 907,51 627,55 266,57 549,61 509,64 650,67 278,69 553
583,Northern Africa and Western Asia,,,1833,Western Sahara,732,167 905,166 903,165 911,131 163,144 125,156 658,162 952,168 862
584,Northern Africa and Western Asia,,,1833,Southern Africa,913,9 461,11 720,13 095,14 975,17 563,17 819,19 749,20 815
585,Northern Africa and Western Asia,,,1833,Botswana,72,2,3,4,6,8,7,6,6
586,Northern Africa and Western Asia,,,1833,Namibia,516,1,2,2,3,3,2,1,1
587,Northern Africa and Western Asia,,,1833,South Africa,710,9 458,11 715,13 089,14 966,17 552,17 810,19 742,20 808
588,Northern Africa and Western Asia,,,1833,Western Africa,914,67 582,73 311,77 954,87 652,90 692,99 373,114 912,143 348
589,Northern Africa and Western Asia,,,1833,Benin,204,2,3,4,6,8,7,6,6
590,Northern Africa and Western Asia,,,1833,Côte d'Ivoire,384,1 208,1 140,1 179,1 731,2 216,1 548,1 632,1 608
591,Northern Africa and Western Asia,,,1833,Ghana,288,631,556,496,574,1 003,692,1 248,1 197
592,Northern Africa and Western Asia,,,1833,Guinea,324,1 219,1 227,1 326,1 485,1 675,1 987,2 224,2 387
593,Northern Africa and Western Asia,,,1833,Guinea-Bissau,624,723,794,870,1 010,1 150,1 316,1 381,1 439
594,Northern Africa and Western Asia,,,1833,Liberia,430,26 234,31 357,34 091,35 057,35 907,36 756,37 675,38 437
595,Northern Africa and Western Asia,,,1833,Mali,466,2 140,1 956,1 817,1 946,2 131,2 384,2 745,3 527
596,Northern Africa and Western Asia,,,1833,Mauritania,478,2 333,2 213,2 267,2 430,2 617,3 190,3 424,3 644
597,Northern Africa and Western Asia,,,1833,Niger,562,346,368,405,484,561,371,702,706
598,Northern Africa and Western Asia,,,1833,Nigeria,566,28 715,29 776,31 304,38 436,38 633,45 812,57 935,84 172
599,Northern Africa and Western Asia,,,1833,Senegal,686,3 813,3 692,3 805,4 169,4 525,5 059,5 668,5 937
600,Northern Africa and Western Asia,,,1833,Sierra Leone,694,218,229,390,324,266,251,272,288
601,Northern Africa and Western Asia,,,1833,ASIA,935,9 062 017,11 004 905,12 450 793,15 321 254,22 267 875,32 477 356,36 296 173,39 022 457
602,Northern Africa and Western Asia,,,1833,Central Asia,5500,144 780,155 064,120 299,117 909,135 104,163 172,338 023,460 118
603,Northern Africa and Western Asia,,,1833,Kazakhstan,398,39 060,22 123,21 942,28 358,35 495,41 746,60 839,107 609
604,Northern Africa and Western Asia,,,1833,Kyrgyzstan,417,10 979,8 021,7 546,11 110,14 928,20 126,35 404,48 625
605,Northern Africa and Western Asia,,,1833,Tajikistan,762,8 249,8 546,4 742,4 292,4 134,4 981,7 722,14 162
606,Northern Africa and Western Asia,,,1833,Turkmenistan,795,8 858,8 225,7 040,13 056,19 657,27 569,121 890,124 903
607,Northern Africa and Western Asia,,,1833,Uzbekistan,860,77 634,108 149,79 029,61 093,60 890,68 750,112 168,164 819
608,Northern Africa and Western Asia,,,1833,Eastern Asia,906,17 391,11 775,11 185,14 668,22 734,20 315,40 685,76 570
609,Northern Africa and Western Asia,,,1833,China,156,11 341,7 428,8 436,11 604,19 449,18 454,37 253,73 323
610,Northern Africa and Western Asia,,,1833,Dem. People's Republic of Korea,408,8,12,15,23,35,31,31,33
611,Northern Africa and Western Asia,,,1833,Japan,392,5 033,3 423,1 867,2 060,2 174,1 082,2 187,2 024
612,Northern Africa and Western Asia,,,1833,Mongolia,496,0..,0..,29,27,27,28,27,28
613,Northern Africa and Western Asia,,,1833,Republic of Korea,410,1 009,912,838,954,1 049,720,1 187,1 162
614,Northern Africa and Western Asia,,,1833,Southern Asia,5501,3 914 107,4 536 971,5 191 678,6 926 204,10 942 545,16 187 311,17 098 768,19 072 830
615,Northern Africa and Western Asia,,,1833,Afghanistan,4,22 660,29 865,31 297,46 125,91 807,246 894,422 210,505 256
616,Northern Africa and Western Asia,,,1833,Bangladesh,50,763 369,924 792,1 065 891,1 420 247,2 487 076,4 195 148,4 382 220,4 969 223
617,Northern Africa and Western Asia,,,1833,India,356,1 932 297,2 212 496,2 585 796,3 543 710,5 443 968,7 371 349,7 521 177,8 337 171
618,Northern Africa and Western Asia,,,1833,Iran (Islamic Republic of),364,99 743,133 710,130 572,108 395,111 726,132 231,206 953,285 418
619,Northern Africa and Western Asia,,,1833,Nepal,524,16 026,20 678,22 169,59 489,165 460,527 753,610 368,637 391
620,Northern Africa and Western Asia,,,1833,Pakistan,586,864 166,1 018 451,1 151 591,1 509 474,2 360 792,3 369 941,3 519 697,3 884 487
621,Northern Africa and Western Asia,,,1833,Sri Lanka,144,215 846,196 979,204 362,238 764,281 716,343 995,436 143,453 884
622,Northern Africa and Western Asia,,,1833,South-Eastern Asia,920,1 123 406,1 240 396,1 457 853,1 613 739,2 033 213,2 477 896,2 527 305,2 727 066
623,Northern Africa and Western Asia,,,1833,Brunei Darussalam,96,1,2,2,3,3,2,1,1
624,Northern Africa and Western Asia,,,1833,Indonesia,360,468 961,501 145,621 541,588 289,606 723,623 640,640 976,694 473
625,Northern Africa and Western Asia,,,1833,Lao People's Democratic Republic,418,334,362,392,373,395,2,314,236
626,Northern Africa and Western Asia,,,1833,Malaysia,458,9 966,9 264,8 742,9 560,10 509,8 764,12 118,12 184
627,Northern Africa and Western Asia,,,1833,Myanmar,104,169 275,165 042,156 646,162 119,163 002,168 496,164 625,163 537
628,Northern Africa and Western Asia,,,1833,Philippines,608,465 456,554 583,657 965,840 558,1 234 838,1 655 744,1 685 953,1 831 163
629,Northern Africa and Western Asia,,,1833,Singapore,702,296,467,648,736,821,698,946,958
630,Northern Africa and Western Asia,,,1833,Thailand,764,8 395,9 508,11 879,12 057,16 829,20 476,22 298,24 436
631,Northern Africa and Western Asia,,,1833,Viet Nam,704,722,23,38,44,93,74,74,78
632,Northern Africa and Western Asia,,,1833,Western Asia,922,3 862 333,5 060 699,5 669 778,6 648 734,9 134 279,13 628 662,16 291 392,16 685 873
633,Northern Africa and Western Asia,,,1833,Armenia,51,172 665,366 157,356 382,161 266,155 390,149 357,143 552,131 581
634,Northern Africa and Western Asia,,,1833,Azerbaijan,31,202 437,431 121,447 050,370 650,134 940,127 341,196 208,327 088
635,Northern Africa and Western Asia,,,1833,Bahrain,48,10 492,10 339,10 354,10 710,11 826,12 679,12 894,13 326
636,Northern Africa and Western Asia,,,1833,Cyprus,196,9 159,9 757,10 354,13 484,16 779,20 247,26 185,30 993
637,Northern Africa and Western Asia,,,1833,Georgia,268,218 446,204 759,173 251,153 559,137 980,120 631,106 464,96 271
638,Northern Africa and Western Asia,,,1833,Iraq,368,176 408,223 435,240 249,605 610,1 916 292,739 046,1 116 331,1 042 555
639,Northern Africa and Western Asia,,,1833,Israel,376,107 255,105 776,104 409,90 277,75 310,63 294,72 600,70 385
640,Northern Africa and Western Asia,,,1833,Jordan,400,250 918,274 642,305 599,361 550,459 071,549 519,570 108,614 690
641,Northern Africa and Western Asia,,,1833,Kuwait,414,45 681,51 819,59 413,63 214,87 072,99 157,111 826,127 041
642,Northern Africa and Western Asia,,,1833,Lebanon,422,82 734,80 220,90 638,102 018,123 819,142 211,151 659,175 118
643,Northern Africa and Western Asia,,,1833,Oman,512,10 721,10 511,10 321,12 124,12 215,13 414,14 054,14 088
644,Northern Africa and Western Asia,,,1833,Qatar,634,11 253,11 171,11 140,11 910,13 041,13 655,14 218,14 611
645,Northern Africa and Western Asia,,,1833,Saudi Arabia,682,58 087,71 329,87 473,77 625,83 551,86 374,132 940,144 724
646,Northern Africa and Western Asia,,,1833,State of Palestine,275,1 812 023,2 354 332,2 837 228,3 428 386,3 471 347,3 769 592,4 033 239,4 187 545
647,Northern Africa and Western Asia,,,1833,Syrian Arab Republic,760,191 836,224 122,241 852,385 505,1 087 424,5 408 890,7 203 511,7 058 190
648,Northern Africa and Western Asia,,,1833,Türkiye,792,66 718,85 082,82 173,82 850,94 101,101 532,110 427,118 286
649,Northern Africa and Western Asia,,,1833,United Arab Emirates,784,49 108,57 759,71 008,52 687,57 930,60 214,67 654,76 778
650,Northern Africa and Western Asia,,,1833,Yemen,887,386 392,488 368,530 884,665 309,1 196 191,2 151 509,2 207 522,2 442 603
651,Northern Africa and Western Asia,,,1833,EUROPE,908,2 363 636,2 335 296,2 186 208,2 052 631,1 970 340,1 915 269,2 156 052,2 476 455
652,Northern Africa and Western Asia,,,1833,Eastern Europe,923,1 549 448,1 503 147,1 332 050,1 204 630,1 092 918,1 071 388,1 172 886,1 366 186
653,Northern Africa and Western Asia,,,1833,Belarus,112,48 453,40 080,33 695,28 189,23 583,24 618,27 548,29 134
654,Northern Africa and Western Asia,,,1833,Bulgaria,100,485 684,494 897,502 816,469 942,435 520,403 050,387 694,373 662
655,Northern Africa and Western Asia,,,1833,Czechia,203,17 887,18 716,17 896,16 650,15 599,16 110,17 821,18 831
656,Northern Africa and Western Asia,,,1833,Hungary,348,18 001,17 764,15 842,13 863,12 211,12 991,13 980,14 786
657,Northern Africa and Western Asia,,,1833,Poland,616,118 161,107 804,87 476,69 512,54 708,56 795,63 141,66 452
658,Northern Africa and Western Asia,,,1833,Republic of Moldova*,498,34 031,38 143,25 291,20 886,18 589,22 743,26 055,28 474
659,Northern Africa and Western Asia,,,1833,Romania,642,161 580,165 943,151 067,131 714,115 100,117 592,125 944,134 408
660,Northern Africa and Western Asia,,,1833,Russian Federation,643,449 160,395 069,303 773,278 378,256 676,245 337,311 970,446 696
661,Northern Africa and Western Asia,,,1833,Slovakia,703,34,48,62,94,144,131,135,143
662,Northern Africa and Western Asia,,,1833,Ukraine*,804,216 457,224 683,194 132,175 402,160 788,172 021,198 598,253 600
663,Northern Africa and Western Asia,,,1833,Northern Europe,924,103 894,113 598,116 660,128 446,157 954,154 031,183 807,199 629
664,Northern Africa and Western Asia,,,1833,Denmark*,208,1 876,2 050,2 286,2 745,3 251,3 007,3 879,4 041
665,Northern Africa and Western Asia,,,1833,Estonia,233,2 140,1 786,976,755,466,222,159,162
666,Northern Africa and Western Asia,,,1833,Finland*,246,1 322,1 544,1 721,1 946,2 222,1 970,2 350,2 388
667,Northern Africa and Western Asia,,,1833,Iceland,352,8,12,15,23,35,31,31,33
668,Northern Africa and Western Asia,,,1833,Ireland,372,193,273,353,532,815,747,770,817
669,Northern Africa and Western Asia,,,1833,Latvia,428,10 203,10 864,7 684,5 273,3 425,3 587,3 854,4 050
670,Northern Africa and Western Asia,,,1833,Lithuania,440,16 387,15 356,9 545,5 614,2 747,2 854,3 062,3 209
671,Northern Africa and Western Asia,,,1833,Norway*,578,495,523,568,693,830,525,906,887
672,Northern Africa and Western Asia,,,1833,Sweden,752,2 623,2 817,2 898,3 361,3 921,3 085,4 249,4 261
673,Northern Africa and Western Asia,,,1833,United Kingdom*,826,68 647,78 373,90 614,107 504,140 242,138 003,164 547,179 781
674,Northern Africa and Western Asia,,,1833,Southern Europe,925,314 877,285 363,255 930,214 287,175 120,125 807,132 930,133 250
675,Northern Africa and Western Asia,,,1833,Albania,8,384,364,360,445,569,576,603,638
676,Northern Africa and Western Asia,,,1833,Bosnia and Herzegovina,70,83,177,274,315,364,392,416,440
677,Northern Africa and Western Asia,,,1833,Croatia,191,21,30,38,57,88,80,81,86
678,Northern Africa and Western Asia,,,1833,Gibraltar*,292,1,2,2,3,3,2,1,1
679,Northern Africa and Western Asia,,,1833,Greece,300,134 980,109 013,84 273,74 002,67 619,54 347,58 127,61 038
680,Northern Africa and Western Asia,,,1833,Italy,380,27 396,23 413,19 053,20 103,21 305,17 316,24 149,24 136
681,Northern Africa and Western Asia,,,1833,Malta,470,8,12,15,23,35,31,31,33
682,Northern Africa and Western Asia,,,1833,North Macedonia,807,143 942,143 944,143 946,111 007,75 924,43 886,38 746,35 554
683,Northern Africa and Western Asia,,,1833,Portugal,620,16,23,29,44,65,59,60,64
684,Northern Africa and Western Asia,,,1833,Serbia*,688,630,891,1 152,1 732,2 657,2 439,2 518,2 673
685,Northern Africa and Western Asia,,,1833,Slovenia,705,4,6,7,10,15,13,13,14
686,Northern Africa and Western Asia,,,1833,Spain*,724,7 412,7 488,6 781,6 546,6 476,6 666,8 185,8 573
687,Northern Africa and Western Asia,,,1833,Western Europe,926,395 417,433 188,481 568,505 268,544 348,564 043,666 429,777 390
688,Northern Africa and Western Asia,,,1833,Austria,40,22 449,19 363,21 117,21 564,22 022,24 001,31 711,37 901
689,Northern Africa and Western Asia,,,1833,Belgium,56,10 945,13 052,15 259,22 668,30 469,35 946,41 055,51 957
690,Northern Africa and Western Asia,,,1833,France*,250,72 756,78 184,84 347,96 247,123 986,141 312,161 229,182 089
691,Northern Africa and Western Asia,,,1833,Germany,276,252 830,280 681,313 825,311 942,307 940,299 549,357 392,417 904
692,Northern Africa and Western Asia,,,1833,Luxembourg,442,3,4,5,7,10,9,8,8
693,Northern Africa and Western Asia,,,1833,Monaco,492,176,187,202,224,246,276,293,310
694,Northern Africa and Western Asia,,,1833,Netherlands*,528,20 163,26 116,31 869,36 167,41 692,44 096,53 500,63 655
695,Northern Africa and Western Asia,,,1833,Switzerland,756,16 095,15 601,14 944,16 449,17 983,18 854,21 241,23 566
696,Northern Africa and Western Asia,,,1833,LATIN AMERICA AND THE CARIBBEAN,904,38 208,47 044,53 994,60 896,68 622,73 564,79 782,84 601
697,Northern Africa and Western Asia,,,1833,Caribbean,915,22,33,52,70,96,85,81,85
698,Northern Africa and Western Asia,,,1833,Cuba,192,9,13,29,37,50,46,45,47
699,Northern Africa and Western Asia,,,1833,Dominican Republic,214,3,4,5,7,10,9,8,8
700,Northern Africa and Western Asia,,,1833,Haiti,332,1,2,2,3,3,2,1,1
701,Northern Africa and Western Asia,,,1833,Jamaica,388,4,6,7,10,15,13,13,14
702,Northern Africa and Western Asia,,,1833,Puerto Rico*,630,1,2,2,3,3,2,1,1
703,Northern Africa and Western Asia,,,1833,Trinidad and Tobago,780,4,6,7,10,15,13,13,14
704,Northern Africa and Western Asia,,,1833,Central America,916,1 730,2 072,2 451,2 878,3 349,3 624,3 897,4 135
705,Northern Africa and Western Asia,,,1833,Costa Rica,188,1,2,2,3,3,2,1,1
706,Northern Africa and Western Asia,,,1833,El Salvador,222,461,489,525,581,641,715,762,805
707,Northern Africa and Western Asia,,,1833,Honduras,340,1,2,2,3,3,2,1,1
708,Northern Africa and Western Asia,,,1833,Mexico,484,1 259,1 568,1 908,2 271,2 672,2 878,3 107,3 301
709,Northern Africa and Western Asia,,,1833,Nicaragua,558,3,4,5,7,10,9,8,8
710,Northern Africa and Western Asia,,,1833,Panama,591,5,7,9,13,20,18,18,19
711,Northern Africa and Western Asia,,,1833,South America,931,36 456,44 939,51 491,57 948,65 177,69 855,75 804,80 381
712,Northern Africa and Western Asia,,,1833,Argentina,32,22 527,27 864,31 746,35 276,39 011,42 074,45 350,48 182
713,Northern Africa and Western Asia,,,1833,Bolivia (Plurinational State of),68,3,4,5,7,10,9,8,8
714,Northern Africa and Western Asia,,,1833,Brazil,76,5 631,6 776,7 562,8 392,9 266,9 816,10 802,11 440
715,Northern Africa and Western Asia,,,1833,Chile,152,2 336,2 874,3 072,3 205,3 356,3 599,3 877,4 119
716,Northern Africa and Western Asia,,,1833,Colombia,170,1 025,1 290,1 736,2 325,3 158,3 156,3 685,3 783
717,Northern Africa and Western Asia,,,1833,Ecuador,218,2,3,4,6,8,7,6,6
718,Northern Africa and Western Asia,,,1833,Paraguay,600,2,3,4,6,8,7,6,6
719,Northern Africa and Western Asia,,,1833,Peru,604,547,698,1 151,1 774,2 575,2 797,3 028,3 228
720,Northern Africa and Western Asia,,,1833,Suriname,740,1,2,2,3,3,2,1,1
721,Northern Africa and Western Asia,,,1833,Uruguay,858,3 813,4 711,5 283,5 779,6 299,6 792,7 319,7 775
722,Northern Africa and Western Asia,,,1833,Venezuela (Bolivarian Republic of),862,569,714,926,1 175,1 483,1 596,1 722,1 833
723,Northern Africa and Western Asia,,,1833,NORTHERN AMERICA,905,104 667,110 183,116 135,132 532,155 372,166 655,185 773,201 719
724,Northern Africa and Western Asia,,,1833,Canada,124,5 985,7 806,9 612,11 224,13 063,13 035,14 804,15 512
725,Northern Africa and Western Asia,,,1833,United States of America*,840,98 682,102 377,106 523,121 308,142 309,153 620,170 969,186 207
726,Northern Africa and Western Asia,,,1833,OCEANIA,909,4 595,4 948,5 249,6 473,8 123,7 301,8 869,9 238
727,Northern Africa and Western Asia,,,1833,Australia/New Zealand,927,4 594,4 946,5 247,6 470,8 120,7 299,8 868,9 237
728,Northern Africa and Western Asia,,,1833,Australia*,36,4 571,4 913,5 205,6 406,8 022,7 210,8 777,9 140
729,Northern Africa and Western Asia,,,1833,New Zealand*,554,23,33,42,64,98,89,91,97
730,Northern Africa and Western Asia,,,1833,Melanesia,928,1,2,2,3,3,2,1,1
731,Northern Africa and Western Asia,,,1833,Fiji,242,1,2,2,3,3,2,1,1
732,Northern Africa and Western Asia,,,1833,Others,2003,1 474 309,1 382 584,1 569 782,1 530 455,2 231 298,2 514 031,2 169 336,2 196 891
733,Central and Southern Asia,,,1831,World,900,25 456 471,20 140 424,18 979 217,17 615 413,18 225 935,17 681 574,17 736 883,20 369 652
734,Central and Southern Asia,,,1831,Sub-Saharan Africa,1834,19 759,15 310,11 924,11 070,11 384,10 405,9 685,9 310
735,Central and Southern Asia,,,1831,Northern Africa and Western Asia,1833,504 197,435 770,370 468,300 497,291 301,255 614,237 100,248 227
736,Central and Southern Asia,,,1831,Central and Southern Asia,1831,18 204 787,14 256 731,14 164 389,12 729 041,13 104 996,12 546 076,12 020 324,13 222 390
737,Central and Southern Asia,,,1831,Eastern and South-Eastern Asia,1832,966 026,1 118 224,1 145 197,1 150 818,1 372 766,1 430 897,2 082 512,2 745 896
738,Central and Southern Asia,,,1831,Latin America and the Caribbean,1830,589,5 420,10 255,12 207,14 144,14 978,14 684,20 153
739,Central and Southern Asia,,,1831,Oceania (excluding Australia and New Zealand),1835,2 038,776,242,168,133,123,115,108
740,Central and Southern Asia,,,1831,Australia/New Zealand,1836,2 916,1 953,1 265,1 774,2 898,2 821,2 696,2 628
741,Central and Southern Asia,,,1831,Europe and Northern America,1829,5 033 427,3 628 428,2 855 328,2 666 444,2 505 750,2 395 049,2 339 859,2 330 456
742,Central and Southern Asia,,,1831,More developed regions,901,5 046 357,3 640 802,2 867 427,2 681 032,2 523 698,2 413 613,2 357 991,2 353 545
743,Central and Southern Asia,,,1831,Less developed regions,902,19 687 382,15 821 810,15 691 641,14 190 987,14 779 674,14 242 350,14 348 984,16 225 623
744,Central and Southern Asia,,,1831,Least developed countries,941,12 328 095,8 905 558,9 119 523,7 888 016,8 666 480,8 222 832,8 640 137,10 301 070
745,Central and Southern Asia,,,1831,"Less developed regions, excluding least developed countries",934,7 359 287,6 916 252,6 572 118,6 302 971,6 113 194,6 019 518,5 708 847,5 924 553
746,Central and Southern Asia,,,1831,"Less developed regions, excluding China",948,19 439 950,15 457 651,15 328 273,13 800 686,14 340 361,13 772 482,13 879 871,15 695 483
747,Central and Southern Asia,,,1831,Land-locked Developing Countries (LLDC),1636,8 813 359,5 663 250,6 233 502,5 611 653,6 711 553,6 460 147,6 464 996,7 907 207
748,Central and Southern Asia,,,1831,Small Island Developing States (SIDS),1637,25 331,18 723,14 339,16 044,19 246,19 015,18 365,21 567
749,Central and Southern Asia,,,1831,High-and-upper-middle-income countries,5503,5 673 207,4 516 675,3 831 320,3 669 195,3 603 338,3 506 118,3 427 628,3 642 693
750,Central and Southern Asia,,,1831,Low-and-Lower-middle-income countries,5504,19 060 532,14 945 937,14 727 748,13 202 824,13 700 034,13 149 845,13 279 347,14 936 475
751,Central and Southern Asia,,,1831,High-income countries,1503,236 815,242 185,238 036,263 940,307 567,306 329,295 028,343 009
752,Central and Southern Asia,,,1831,Low-and-middle-income countries,1859,24 496 924,19 220 427,18 321 032,16 608 079,16 995 805,16 349 634,16 411 947,18 236 159
753,Central and Southern Asia,,,1831,Middle-income countries,1517,17 104 544,15 210 858,13 967 327,13 025 704,12 393 092,11 975 709,12 056 172,12 515 767
754,Central and Southern Asia,,,1831,Upper-middle-income countries,1502,5 436 392,4 274 490,3 593 284,3 405 255,3 295 771,3 199 789,3 132 600,3 299 684
755,Central and Southern Asia,,,1831,Lower-middle-income countries,1501,11 668 152,10 936 368,10 374 043,9 620 449,9 097 321,8 775 920,8 923 572,9 216 083
756,Central and Southern Asia,,,1831,Low-income countries,1500,7 392 380,4 009 569,4 353 705,3 582 375,4 602 713,4 373 925,4 355 775,5 720 392
757,Central and Southern Asia,,,1831,AFRICA,903,19 973,15 618,12 191,11 335,11 738,10 855,10 207,10 461
758,Central and Southern Asia,,,1831,Eastern Africa,910,12 755,8 484,5 262,4 426,4 684,4 282,4 189,4 126
759,Central and Southern Asia,,,1831,Kenya,404,7 494,4 902,3 021,2 666,2 495,2 328,2 184,2 078
760,Central and Southern Asia,,,1831,Mauritius,480,2 330,1 024,402,279,213,197,183,172
761,Central and Southern Asia,,,1831,Seychelles,690,0..,2,5,12,26,25,24,24
762,Central and Southern Asia,,,1831,Somalia,706,0..,319,114,128,838,692,827,892
763,Central and Southern Asia,,,1831,Uganda,800,1 973,1 334,894,830,812,764,714,718
764,Central and Southern Asia,,,1831,Zambia,894,958,903,826,511,300,276,257,242
765,Central and Southern Asia,,,1831,Middle Africa,911,0..,0..,0..,0..,16,91,281,470
766,Central and Southern Asia,,,1831,Cameroon,120,0..,0..,0..,0..,0..,25,177,236
767,Central and Southern Asia,,,1831,Democratic Republic of the Congo,180,0..,0..,0..,0..,16,66,104,234
768,Central and Southern Asia,,,1831,Northern Africa,912,214,308,267,265,354,450,522,1 151
769,Central and Southern Asia,,,1831,Algeria,12,198,160,138,133,132,129,128,128
770,Central and Southern Asia,,,1831,Egypt,818,16,39,64,90,160,167,169,173
771,Central and Southern Asia,,,1831,Libya,434,0..,4,9,19,40,40,39,39
772,Central and Southern Asia,,,1831,Sudan,729,0..,105,56,23,22,114,186,811
773,Central and Southern Asia,,,1831,Southern Africa,913,5 787,5 817,5 848,5 911,6 010,5 187,4 458,3 974
774,Central and Southern Asia,,,1831,South Africa,710,5 787,5 817,5 848,5 911,6 010,5 187,4 458,3 974
775,Central and Southern Asia,,,1831,Western Africa,914,1 217,1 009,814,733,674,845,757,740
776,Central and Southern Asia,,,1831,Niger,562,37,30,26,24,23,22,20,20
777,Central and Southern Asia,,,1831,Nigeria,566,1 180,979,788,709,651,823,737,720
778,Central and Southern Asia,,,1831,ASIA,935,19 674 796,15 810 417,15 679 787,14 180 091,14 768 709,14 232 137,14 339 414,16 215 362
779,Central and Southern Asia,,,1831,Central Asia,5500,642 845,752 331,905 047,947 599,959 209,1 019 834,1 094 658,1 156 930
780,Central and Southern Asia,,,1831,Kazakhstan,398,106 438,87 273,69 302,59 655,50 155,47 209,46 610,46 141
781,Central and Southern Asia,,,1831,Kyrgyzstan,417,113 875,93 092,81 462,87 522,94 417,101 699,110 153,116 451
782,Central and Southern Asia,,,1831,Tajikistan,762,74 390,103 813,114 232,106 917,64 044,54 372,45 747,45 829
783,Central and Southern Asia,,,1831,Turkmenistan,795,34 541,64 023,104 827,109 721,112 693,115 322,118 466,121 259
784,Central and Southern Asia,,,1831,Uzbekistan,860,313 601,404 130,535 224,583 784,637 900,701 232,773 682,827 250
785,Central and Southern Asia,,,1831,Eastern Asia,906,307 321,428 256,431 718,464 966,520 993,556 598,560 449,630 225
786,Central and Southern Asia,,,1831,China,156,247 432,364 159,363 368,390 301,439 313,469 868,469 113,530 140
787,Central and Southern Asia,,,1831,Dem. People's Republic of Korea,408,1 038,1 251,1 446,1 813,2 175,1 932,1 883,1 847
788,Central and Southern Asia,,,1831,Japan,392,10 014,10 421,10 834,12 814,15 050,15 743,15 436,20 461
789,Central and Southern Asia,,,1831,Mongolia,496,45 599,50 041,54 312,58 292,62 564,67 150,72 075,75 801
790,Central and Southern Asia,,,1831,Republic of Korea,410,3 238,2 384,1 758,1 746,1 891,1 905,1 942,1 976
791,Central and Southern Asia,,,1831,Southern Asia,5501,17 561 942,13 504 400,13 259 342,11 781 442,12 145 787,11 526 242,10 925 666,12 065 460
792,Central and Southern Asia,,,1831,Afghanistan,4,7 389 332,4 006 522,4 351 152,3 579 522,4 598 754,4 370 144,4 351 132,5 715 132
793,Central and Southern Asia,,,1831,Bangladesh,50,4 063 566,3 966 586,3 756 022,3 291 292,2 831 468,2 642 658,2 470 650,2 338 190
794,Central and Southern Asia,,,1831,Bhutan,64,26 840,116 801,119 251,116 403,83 622,36 393,34 657,33 343
795,Central and Southern Asia,,,1831,India,356,3 264 895,2 968 021,2 740 285,2 616 342,2 505 011,2 260 242,2 132 012,2 132 928
796,Central and Southern Asia,,,1831,Iran (Islamic Republic of),364,15 450,12 503,11 307,10 533,10 459,10 463,10 170,10 154
797,Central and Southern Asia,,,1831,Maldives,462,1 544,901,647,1 118,2 144,2 035,2 010,1 998
798,Central and Southern Asia,,,1831,Nepal,524,489 552,555 524,641 809,735 495,828 397,787 022,736 013,717 266
799,Central and Southern Asia,,,1831,Pakistan,586,1 847 830,1 583 361,1 376 905,1 179 571,1 010 463,1 161 107,932 960,854 054
800,Central and Southern Asia,,,1831,Sri Lanka,144,462 933,294 181,261 964,251 166,275 469,256 178,256 062,262 395
801,Central and Southern Asia,,,1831,South-Eastern Asia,920,658 705,689 968,713 479,685 852,851 773,874 299,1 522 063,2 115 671
802,Central and Southern Asia,,,1831,Brunei Darussalam,96,20 385,31 440,30 222,28 226,26 335,24 657,23 083,21 899
803,Central and Southern Asia,,,1831,Cambodia,116,12 924,13 190,13 455,16 015,18 541,19 642,19 259,26 460
804,Central and Southern Asia,,,1831,Indonesia,360,72 907,85 902,99 003,124 922,145 323,154 474,151 428,207 434
805,Central and Southern Asia,,,1831,Lao People's Democratic Republic,418,58 722,59 555,60 387,71 878,83 217,88 155,86 447,118 769
806,Central and Southern Asia,,,1831,Malaysia,458,104 368,139 167,174 691,205 163,219 541,217 350,212 566,286 587
807,Central and Southern Asia,,,1831,Myanmar,104,311 031,301 487,294 774,192 280,304 054,313 122,973 655,1 381 635
808,Central and Southern Asia,,,1831,Philippines,608,312,247,168,540,735,929,1 009,1 081
809,Central and Southern Asia,,,1831,Singapore,702,19 382,15 987,13 009,14 425,16 669,16 576,15 977,19 209
810,Central and Southern Asia,,,1831,Thailand,764,15 601,12 090,8 575,9 450,10 781,11 182,11 006,14 901
811,Central and Southern Asia,,,1831,Viet Nam,704,43 073,30 903,19 195,22 953,26 577,28 212,27 633,37 696
812,Central and Southern Asia,,,1831,Western Asia,922,503 983,435 462,370 201,300 232,290 947,255 164,236 578,247 076
813,Central and Southern Asia,,,1831,Armenia,51,38 895,32 975,28 416,27 487,25 134,23 865,23 373,23 162
814,Central and Southern Asia,,,1831,Azerbaijan,31,85 960,67 806,58 572,61 822,58 786,56 164,55 365,55 589
815,Central and Southern Asia,,,1831,Bahrain,48,93,10 425,20 758,24 786,28 864,30 558,29 976,41 037
816,Central and Southern Asia,,,1831,Cyprus,196,2,31,61,122,247,250,251,254
817,Central and Southern Asia,,,1831,Georgia,268,47 212,26 618,17 272,16 381,15 446,15 330,15 591,15 808
818,Central and Southern Asia,,,1831,Iraq,368,292 350,259 068,206 122,122 378,100 697,70 030,55 523,56 504
819,Central and Southern Asia,,,1831,Israel,376,402,285,227,247,284,292,300,316
820,Central and Southern Asia,,,1831,Jordan,400,3,34,67,134,271,274,276,279
821,Central and Southern Asia,,,1831,Kuwait,414,14 678,11 303,8 031,8 637,10 186,9 696,9 182,8 806
822,Central and Southern Asia,,,1831,Lebanon,422,15,101,189,366,732,742,750,759
823,Central and Southern Asia,,,1831,Oman,512,60,87,121,199,362,364,365,369
824,Central and Southern Asia,,,1831,Qatar,634,3,34,67,134,270,273,275,278
825,Central and Southern Asia,,,1831,Saudi Arabia,682,5 549,5 624,5 700,8 478,13 473,13 001,12 239,11 813
826,Central and Southern Asia,,,1831,State of Palestine,275,0..,0..,351,11,8,0..,0..,7
827,Central and Southern Asia,,,1831,Syrian Arab Republic,760,0..,8,17,35,73,73,72,73
828,Central and Southern Asia,,,1831,Türkiye,792,8 960,8 984,9 432,9 536,10 153,9 414,8 942,8 985
829,Central and Southern Asia,,,1831,United Arab Emirates,784,9 801,12 079,14 798,19 479,25 961,24 720,23 261,22 372
830,Central and Southern Asia,,,1831,Yemen,887,0..,0..,0..,0..,0..,118,837,665
831,Central and Southern Asia,,,1831,EUROPE,908,4 992 811,3 589 076,2 816 679,2 617 324,2 437 945,2 325 453,2 272 586,2 247 003
832,Central and Southern Asia,,,1831,Eastern Europe,923,4 892 000,3 496 385,2 731 258,2 529 705,2 345 771,2 234 102,2 184 172,2 143 093
833,Central and Southern Asia,,,1831,Belarus,112,180 971,112 854,79 184,74 348,68 160,64 401,62 737,61 375
834,Central and Southern Asia,,,1831,Poland,616,8 115,7 339,6 383,5 470,4 502,3 997,3 846,3 726
835,Central and Southern Asia,,,1831,Republic of Moldova*,498,32 646,19 428,12 810,11 790,10 735,10 358,10 285,10 235
836,Central and Southern Asia,,,1831,Romania,642,713,718,701,628,547,482,468,458
837,Central and Southern Asia,,,1831,Russian Federation,643,4 155 860,2 980 234,2 343 990,2 162 630,2 006 223,1 912 321,1 870 162,1 835 169
838,Central and Southern Asia,,,1831,Ukraine*,804,513 695,375 812,288 190,274 839,255 604,242 543,236 674,232 130
839,Central and Southern Asia,,,1831,Northern Europe,924,46 735,51 616,57 414,61 298,65 849,66 375,64 016,79 983
840,Central and Southern Asia,,,1831,Denmark*,208,217,182,163,164,169,168,167,168
841,Central and Southern Asia,,,1831,Estonia,233,3 685,2 797,2 179,2 023,1 869,1 835,1 865,1 891
842,Central and Southern Asia,,,1831,Finland*,246,361,309,251,214,193,177,171,170
843,Central and Southern Asia,,,1831,Ireland,372,242,242,242,242,241,206,176,155
844,Central and Southern Asia,,,1831,Latvia,428,7 447,6 008,4 727,3 775,2 939,2 414,2 072,1 636
845,Central and Southern Asia,,,1831,Lithuania,440,16 016,13 109,10 472,8 416,6 572,5 446,4 775,3 915
846,Central and Southern Asia,,,1831,Norway*,578,4 241,7 036,9 832,11 726,13 625,14 428,14 149,19 396
847,Central and Southern Asia,,,1831,Sweden,752,51,76,101,120,180,188,189,194
848,Central and Southern Asia,,,1831,United Kingdom*,826,14 475,21 857,29 447,34 618,40 061,41 513,40 452,52 458
849,Central and Southern Asia,,,1831,Southern Europe,925,732,1 302,1 882,3 088,5 727,5 534,5 608,5 675
850,Central and Southern Asia,,,1831,Greece,300,1,11,22,44,89,90,89,90
851,Central and Southern Asia,,,1831,Italy,380,319,996,1 655,2 875,5 477,5 273,5 357,5 428
852,Central and Southern Asia,,,1831,Portugal,620,412,292,197,152,125,136,128,123
853,Central and Southern Asia,,,1831,Spain*,724,0..,3,8,17,36,35,34,34
854,Central and Southern Asia,,,1831,Western Europe,926,53 344,39 773,26 125,23 233,20 598,19 442,18 790,18 252
855,Central and Southern Asia,,,1831,Austria,40,148,115,90,83,85,86,84,86
856,Central and Southern Asia,,,1831,France*,250,5 296,3 111,1 705,1 494,1 504,1 450,1 395,1 355
857,Central and Southern Asia,,,1831,Germany,276,47 613,36 255,24 025,21 289,18 478,17 354,16 752,16 238
858,Central and Southern Asia,,,1831,Netherlands*,528,87,74,68,68,70,70,67,68
859,Central and Southern Asia,,,1831,Switzerland,756,200,218,237,299,461,482,492,505
860,Central and Southern Asia,,,1831,LATIN AMERICA AND THE CARIBBEAN,904,589,5 420,10 255,12 207,14 144,14 978,14 684,20 153
861,Central and Southern Asia,,,1831,Caribbean,915,37,33,34,42,61,59,56,56
862,Central and Southern Asia,,,1831,Haiti,332,0..,3,8,18,38,37,36,36
863,Central and Southern Asia,,,1831,United States Virgin Islands*,850,37,30,26,24,23,22,20,20
864,Central and Southern Asia,,,1831,South America,931,552,5 387,10 221,12 165,14 083,14 919,14 628,20 097
865,Central and Southern Asia,,,1831,Brazil,76,552,5 387,10 221,12 165,14 083,14 919,14 628,20 097
866,Central and Southern Asia,,,1831,NORTHERN AMERICA,905,40 616,39 352,38 649,49 120,67 805,69 596,67 273,83 453
867,Central and Southern Asia,,,1831,Canada,124,5 732,3 809,2 338,2 694,3 507,3 354,3 163,3 037
868,Central and Southern Asia,,,1831,United States of America*,840,34 884,35 543,36 311,46 426,64 298,66 242,64 110,80 416
869,Central and Southern Asia,,,1831,OCEANIA,909,4 954,2 729,1 507,1 942,3 031,2 944,2 811,2 736
870,Central and Southern Asia,,,1831,Australia/New Zealand,927,2 916,1 953,1 265,1 774,2 898,2 821,2 696,2 628
871,Central and Southern Asia,,,1831,Australia*,36,2 732,1 784,1 096,1 576,2 639,2 560,2 437,2 366
872,Central and Southern Asia,,,1831,New Zealand*,554,184,169,169,198,259,261,259,262
873,Central and Southern Asia,,,1831,Melanesia,928,2 038,776,242,168,133,123,115,108
874,Central and Southern Asia,,,1831,Fiji,242,2 038,776,242,168,133,123,115,108
875,Central and Southern Asia,,,1831,Others,2003,722 732,677 812,420 149,743 394,922 563,1 025 611,1 029 908,1 790 484
876,Eastern and South-Eastern Asia,,,1832,World,900,6 755 128,8 203 094,10 530 525,12 702 261,16 051 107,18 869 062,21 161 853,22 588 980
877,Eastern and South-Eastern Asia,,,1832,Sub-Saharan Africa,1834,6 305,9 088,11 666,14 278,18 135,27 967,46 231,51 006
878,Eastern and South-Eastern Asia,,,1832,Northern Africa and Western Asia,1833,9 412,11 671,15 154,16 186,21 040,28 274,40 963,40 772
879,Eastern and South-Eastern Asia,,,1832,Central and Southern Asia,1831,270 867,363 968,475 798,780 381,1 259 911,1 729 953,1 927 530,2 122 924
880,Eastern and South-Eastern Asia,,,1832,Eastern and South-Eastern Asia,1832,5 542 335,6 563 456,8 142 498,9 920 726,12 704 768,14 816 650,16 757 709,18 020 956
881,Eastern and South-Eastern Asia,,,1832,Latin America and the Caribbean,1830,68 314,212 496,313 803,375 501,328 228,259 972,305 900,303 158
882,Eastern and South-Eastern Asia,,,1832,Australia/New Zealand,1836,37 699,46 644,57 553,61 932,67 678,95 555,91 659,75 984
883,Eastern and South-Eastern Asia,,,1832,Europe and Northern America,1829,261 260,313 739,375 579,496 540,643 694,733 745,772 253,774 871
884,Eastern and South-Eastern Asia,,,1832,More developed regions,901,376 733,456 662,561 149,727 841,926 162,1 036 995,1 063 556,1 079 844
885,Eastern and South-Eastern Asia,,,1832,Less developed regions,902,5 819 459,7 064 400,8 830 902,10 937 703,14 117 292,16 655 121,18 878 689,20 309 827
886,Eastern and South-Eastern Asia,,,1832,Least developed countries,941,196 395,257 777,657 651,1 479 710,2 753 504,3 431 566,4 032 540,4 460 081
887,Eastern and South-Eastern Asia,,,1832,"Less developed regions, excluding least developed countries",934,5 623 064,6 806 623,8 173 251,9 457 993,11 363 788,13 223 555,14 846 149,15 849 746
888,Eastern and South-Eastern Asia,,,1832,"Less developed regions, excluding China",948,2 795 489,3 766 196,5 231 814,6 786 523,9 096 188,10 858 271,12 605 497,13 841 313
889,Eastern and South-Eastern Asia,,,1832,Land-locked Developing Countries (LLDC),1636,35 219,43 004,88 900,392 033,578 610,947 107,1 115 931,1 254 808
890,Eastern and South-Eastern Asia,,,1832,Small Island Developing States (SIDS),1637,95 693,110 156,269 058,121 630,132 465,165 134,198 414,205 793
891,Eastern and South-Eastern Asia,,,1832,High-and-upper-middle-income countries,5503,5 329 503,6 424 209,7 616 595,8 703 807,10 587 084,11 943 919,12 859 011,13 489 951
892,Eastern and South-Eastern Asia,,,1832,Low-and-Lower-middle-income countries,5504,865 712,1 095 681,1 774 062,2 960 078,4 454 358,5 744 910,7 078 066,7 893 834
893,Eastern and South-Eastern Asia,,,1832,High-income countries,1503,1 492 337,1 622 429,1 789 349,2 018 297,2 317 954,2 529 583,2 536 363,2 595 104
894,Eastern and South-Eastern Asia,,,1832,Low-and-middle-income countries,1859,4 702 878,5 897 461,7 601 308,9 645 588,12 723 488,15 159 246,17 400 714,18 788 681
895,Eastern and South-Eastern Asia,,,1832,Middle-income countries,1517,4 687 736,5 878 427,7 577 806,9 617 032,12 683 395,15 095 008,17 321 808,18 710 149
896,Eastern and South-Eastern Asia,,,1832,Upper-middle-income countries,1502,3 837 166,4 801 780,5 827 246,6 685 510,8 269 130,9 414 336,10 322 648,10 894 847
897,Eastern and South-Eastern Asia,,,1832,Lower-middle-income countries,1501,850 570,1 076 647,1 750 560,2 931 522,4 414 265,5 680 672,6 999 160,7 815 302
898,Eastern and South-Eastern Asia,,,1832,Low-income countries,1500,15 142,19 034,23 502,28 556,40 093,64 238,78 906,78 532
899,Eastern and South-Eastern Asia,,,1832,No income group available,1518,977,1 172,1 394,1 659,2 012,3 287,5 168,5 886
900,Eastern and South-Eastern Asia,,,1832,AFRICA,903,8 282,11 612,15 003,18 358,23 168,33 478,52 625,57 611
901,Eastern and South-Eastern Asia,,,1832,Eastern Africa,910,2 037,2 552,3 053,3 649,5 384,9 596,17 942,19 041
902,Eastern and South-Eastern Asia,,,1832,Burundi,108,122,152,195,216,249,337,429,516
903,Eastern and South-Eastern Asia,,,1832,Eritrea,232,0..,0..,0..,0..,0..,30,264,171
904,Eastern and South-Eastern Asia,,,1832,Ethiopia,231,200,241,287,341,416,1 003,1 642,1 823
905,Eastern and South-Eastern Asia,,,1832,Kenya,404,443,555,698,877,1 119,1 522,1 837,2 119
906,Eastern and South-Eastern Asia,,,1832,Madagascar,450,109,131,155,185,224,379,618,705
907,Eastern and South-Eastern Asia,,,1832,Mauritius,480,335,393,467,555,645,354,187,198
908,Eastern and South-Eastern Asia,,,1832,Rwanda,646,68,87,109,116,144,431,1 184,1 400
909,Eastern and South-Eastern Asia,,,1832,Somalia,706,190,304,321,380,1 393,2 830,5 278,4 575
910,Eastern and South-Eastern Asia,,,1832,Uganda,800,148,178,212,252,305,520,833,917
911,Eastern and South-Eastern Asia,,,1832,United Republic of Tanzania,834,220,265,316,375,459,902,1 708,1 967
912,Eastern and South-Eastern Asia,,,1832,Zambia,894,130,158,188,223,274,651,1 491,1 737
913,Eastern and South-Eastern Asia,,,1832,Zimbabwe,716,72,88,105,129,156,637,2 471,2 913
914,Eastern and South-Eastern Asia,,,1832,Middle Africa,911,872,1 062,1 311,1 597,2 000,3 181,5 629,6 379
915,Eastern and South-Eastern Asia,,,1832,Cameroon,120,315,397,504,649,866,1 513,3 037,3 423
916,Eastern and South-Eastern Asia,,,1832,Congo,178,418,498,598,706,844,1 002,1 132,1 263
917,Eastern and South-Eastern Asia,,,1832,Democratic Republic of the Congo,180,62,75,99,112,132,373,935,1 091
918,Eastern and South-Eastern Asia,,,1832,Equatorial Guinea,226,77,92,110,130,158,293,525,602
919,Eastern and South-Eastern Asia,,,1832,Northern Africa,912,1 977,2 524,3 337,4 080,5 033,5 511,6 394,6 605
920,Eastern and South-Eastern Asia,,,1832,Algeria,12,276,325,387,460,542,443,349,379
921,Eastern and South-Eastern Asia,,,1832,Egypt,818,983,1 351,1 941,2 380,2 989,3 237,3 616,3 659
922,Eastern and South-Eastern Asia,,,1832,Morocco,504,105,126,150,178,217,447,889,1 026
923,Eastern and South-Eastern Asia,,,1832,Sudan,729,613,722,859,1 062,1 285,1 384,1 540,1 541
924,Eastern and South-Eastern Asia,,,1832,Southern Africa,913,1 000,1 236,1 529,1 904,2 431,3 885,5 868,6 544
925,Eastern and South-Eastern Asia,,,1832,South Africa,710,1 000,1 236,1 529,1 904,2 431,3 885,5 868,6 544
926,Eastern and South-Eastern Asia,,,1832,Western Africa,914,2 396,4 238,5 773,7 128,8 320,11 305,16 792,19 042
927,Eastern and South-Eastern Asia,,,1832,Côte d'Ivoire,384,46,54,65,83,95,235,499,588
928,Eastern and South-Eastern Asia,,,1832,Ghana,288,1 055,1 743,2 372,2 708,3 001,3 930,5 463,6 090
929,Eastern and South-Eastern Asia,,,1832,Guinea,324,170,202,241,286,344,489,591,724
930,Eastern and South-Eastern Asia,,,1832,Liberia,430,48,56,67,85,99,309,679,794
931,Eastern and South-Eastern Asia,,,1832,Mali,466,266,316,376,448,538,704,844,960
932,Eastern and South-Eastern Asia,,,1832,Nigeria,566,766,1 794,2 534,3 328,3 935,5 151,7 680,8 854
933,Eastern and South-Eastern Asia,,,1832,Senegal,686,45,73,118,190,308,487,1 036,1 032
934,Eastern and South-Eastern Asia,,,1832,ASIA,935,5 820 637,6 936 571,8 630 113,10 713 213,13 980 686,16 569 366,18 719 808,20 178 047
935,Eastern and South-Eastern Asia,,,1832,Central Asia,5500,4 879,7 254,10 519,14 942,22 376,48 771,96 449,102 456
936,Eastern and South-Eastern Asia,,,1832,Kazakhstan,398,3 171,4 420,6 146,6 875,7 994,7 200,29 662,32 161
937,Eastern and South-Eastern Asia,,,1832,Kyrgyzstan,417,494,582,693,824,966,742,548,591
938,Eastern and South-Eastern Asia,,,1832,Tajikistan,762,268,317,377,450,537,576,597,651
939,Eastern and South-Eastern Asia,,,1832,Turkmenistan,795,226,270,322,384,464,705,1 031,1 169
940,Eastern and South-Eastern Asia,,,1832,Uzbekistan,860,720,1 665,2 981,6 409,12 415,39 548,64 611,67 884
941,Eastern and South-Eastern Asia,,,1832,Eastern Asia,906,3 868 225,4 158 837,4 493 238,5 078 170,6 006 367,6 746 666,7 138 180,7 355 205
942,Eastern and South-Eastern Asia,,,1832,China,156,2 727 554,2 950 941,3 190 600,3 665 635,4 437 286,5 075 121,5 462 997,5 567 122
943,Eastern and South-Eastern Asia,,,1832,"China, Hong Kong SAR",344,133 850,159 472,189 563,225 407,269 130,339 421,416 154,484 524
944,Eastern and South-Eastern Asia,,,1832,"China, Macao SAR",446,67 366,70 977,74 875,82 359,90 850,105 417,127 940,137 988
945,Eastern and South-Eastern Asia,,,1832,"China, Taiwan Province of China",158,95 200,116 814,144 050,177 779,223 838,276 891,266 101,278 880
946,Eastern and South-Eastern Asia,,,1832,Dem. People's Republic of Korea,408,11 357,14 377,17 694,21 432,28 206,39 855,36 703,34 095
947,Eastern and South-Eastern Asia,,,1832,Japan,392,77 774,96 279,128 017,169 369,214 790,207 695,199 644,228 989
948,Eastern and South-Eastern Asia,,,1832,Mongolia,496,3 356,5 426,8 396,13 740,22 132,31 214,52 114,66 955
949,Eastern and South-Eastern Asia,,,1832,Republic of Korea,410,751 768,744 551,740 043,722 449,720 135,671 052,576 527,556 652
950,Eastern and South-Eastern Asia,,,1832,Southern Asia,5501,265 988,356 714,465 279,765 439,1 237 535,1 681 182,1 831 081,2 020 468
951,Eastern and South-Eastern Asia,,,1832,Afghanistan,4,569,721,1 107,1 474,4 055,9 993,14 725,16 504
952,Eastern and South-Eastern Asia,,,1832,Bangladesh,50,100 205,134 781,168 623,69 443,333 762,297 382,306 499,318 236
953,Eastern and South-Eastern Asia,,,1832,Bhutan,64,276,322,383,456,525,244,109,113
954,Eastern and South-Eastern Asia,,,1832,India,356,126 849,161 884,217 961,398 484,500 319,617 488,666 254,730 710
955,Eastern and South-Eastern Asia,,,1832,Iran (Islamic Republic of),364,1 692,8 222,7 215,6 273,6 264,6 730,6 348,6 110
956,Eastern and South-Eastern Asia,,,1832,Nepal,524,13 949,18 093,23 893,224 420,299 778,595 644,657 925,749 730
957,Eastern and South-Eastern Asia,,,1832,Pakistan,586,16 601,21 515,27 067,39 850,58 696,106 971,119 282,126 603
958,Eastern and South-Eastern Asia,,,1832,Sri Lanka,144,5 847,11 176,19 030,25 039,34 136,46 730,59 939,72 462
959,Eastern and South-Eastern Asia,,,1832,South-Eastern Asia,920,1 674 110,2 404 619,3 649 260,4 842 556,6 698 401,8 069 984,9 619 529,10 665 751
960,Eastern and South-Eastern Asia,,,1832,Brunei Darussalam,96,5 023,6 778,8 533,10 288,12 051,13 798,15 510,16 887
961,Eastern and South-Eastern Asia,,,1832,Cambodia,116,27 965,31 961,62 843,177 679,310 473,362 851,414 306,444 951
962,Eastern and South-Eastern Asia,,,1832,Indonesia,360,512 886,824 315,1 155 526,1 441 218,2 023 921,2 240 127,2 397 076,2 581 736
963,Eastern and South-Eastern Asia,,,1832,Lao People's Democratic Republic,418,6 189,4 409,37 006,128 598,220 312,249 322,277 171,299 905
964,Eastern and South-Eastern Asia,,,1832,Malaysia,458,410 958,585 518,813 970,870 830,1 176 022,1 429 853,1 597 858,1 833 166
965,Eastern and South-Eastern Asia,,,1832,Myanmar,104,17 302,29 971,174 987,841 836,1 543 544,1 848 986,2 250 617,2 507 116
966,Eastern and South-Eastern Asia,,,1832,Philippines,608,407 614,495 165,632 577,651 417,708 804,846 747,954 715,974 129
967,Eastern and South-Eastern Asia,,,1832,Singapore,702,68 203,75 688,83 910,90 251,97 852,111 076,112 872,108 806
968,Eastern and South-Eastern Asia,,,1832,Thailand,764,106 942,213 223,330 362,304 068,267 756,368 473,475 183,506 393
969,Eastern and South-Eastern Asia,,,1832,Timor-Leste,626,26 838,33 706,184 250,30 324,33 385,52 987,84 310,95 603
970,Eastern and South-Eastern Asia,,,1832,Viet Nam,704,84 190,103 885,165 296,296 047,304 281,545 764,1 039 911,1 297 059
971,Eastern and South-Eastern Asia,,,1832,Western Asia,922,7 435,9 147,11 817,12 106,16 007,22 763,34 569,34 167
972,Eastern and South-Eastern Asia,,,1832,Azerbaijan,31,269,313,373,445,519,334,208,222
973,Eastern and South-Eastern Asia,,,1832,Iraq,368,677,822,1 484,1 214,2 401,2 621,2 475,1 692
974,Eastern and South-Eastern Asia,,,1832,Israel,376,374,442,526,627,739,651,552,602
975,Eastern and South-Eastern Asia,,,1832,Jordan,400,436,510,607,723,846,596,404,434
976,Eastern and South-Eastern Asia,,,1832,Saudi Arabia,682,2 973,3 691,4 562,3 613,4 025,5 418,8 083,9 153
977,Eastern and South-Eastern Asia,,,1832,State of Palestine,275,0..,0..,5,5,242,1 036,1 167,819
978,Eastern and South-Eastern Asia,,,1832,Syrian Arab Republic,760,403,499,622,788,1 022,2 518,5 317,5 357
979,Eastern and South-Eastern Asia,,,1832,Türkiye,792,1 316,1 695,2 239,3 026,4 188,6 017,8 448,7 805
980,Eastern and South-Eastern Asia,,,1832,Yemen,887,987,1 175,1 399,1 665,2 025,3 572,7 915,8 083
981,Eastern and South-Eastern Asia,,,1832,EUROPE,908,113 174,132 352,157 826,236 751,315 976,364 370,396 424,427 665
982,Eastern and South-Eastern Asia,,,1832,Eastern Europe,923,13 540,17 488,23 113,27 945,32 984,38 312,58 077,85 177
983,Eastern and South-Eastern Asia,,,1832,Belarus,112,367,438,522,621,752,1 131,1 626,1 913
984,Eastern and South-Eastern Asia,,,1832,Bulgaria,100,2,1,2,7,13,16,15,16
985,Eastern and South-Eastern Asia,,,1832,Czechia,203,7,6,7,10,15,18,18,19
986,Eastern and South-Eastern Asia,,,1832,Hungary,348,0..,0..,0..,4,9,11,10,11
987,Eastern and South-Eastern Asia,,,1832,Poland,616,734,1 017,1 277,1 500,1 757,2 571,2 602,2 567
988,Eastern and South-Eastern Asia,,,1832,Romania,642,2 831,2 830,2 765,2 656,2 599,2 678,2 562,2 212
989,Eastern and South-Eastern Asia,,,1832,Russian Federation,643,8 296,11 586,16 576,20 774,24 917,27 797,45 695,64 605
990,Eastern and South-Eastern Asia,,,1832,Slovakia,703,4,4,5,3,3,3,2,2
991,Eastern and South-Eastern Asia,,,1832,Ukraine*,804,1 299,1 606,1 959,2 370,2 919,4 087,5 547,13 832
992,Eastern and South-Eastern Asia,,,1832,Northern Europe,924,53 182,60 338,70 264,112 681,154 385,174 707,183 730,190 302
993,Eastern and South-Eastern Asia,,,1832,Denmark*,208,1 330,1 598,1 779,2 030,2 243,2 217,1 921,1 774
994,Eastern and South-Eastern Asia,,,1832,Finland*,246,702,820,975,1 143,1 323,862,539,577
995,Eastern and South-Eastern Asia,,,1832,Ireland,372,1 565,1 920,2 204,2 501,2 687,3 158,3 326,3 153
996,Eastern and South-Eastern Asia,,,1832,Norway*,578,429,502,597,711,832,567,372,398
997,Eastern and South-Eastern Asia,,,1832,Sweden,752,1 864,2 330,2 929,3 268,4 070,5 494,4 043,3 247
998,Eastern and South-Eastern Asia,,,1832,United Kingdom*,826,47 292,53 168,61 780,103 028,143 230,162 409,173 529,181 153
999,Eastern and South-Eastern Asia,,,1832,Southern Europe,925,11 158,13 124,12 661,14 986,17 523,25 250,25 884,22 538
1000,Eastern and South-Eastern Asia,,,1832,Italy,380,4 395,5 338,6 408,7 714,9 327,14 268,13 616,11 178
1001,Eastern and South-Eastern Asia,,,1832,North Macedonia,807,12,13,15,8,3,3,2,2
1002,Eastern and South-Eastern Asia,,,1832,Portugal,620,3 825,4 197,2 001,2 288,2 263,2 409,2 762,2 903
1003,Eastern and South-Eastern Asia,,,1832,Serbia*,688,64,76,90,109,133,303,664,771
1004,Eastern and South-Eastern Asia,,,1832,Spain*,724,2 862,3 500,4 147,4 867,5 797,8 267,8 840,7 684
1005,Eastern and South-Eastern Asia,,,1832,Western Europe,926,35 294,41 402,51 788,81 139,111 084,126 101,128 733,129 648
1006,Eastern and South-Eastern Asia,,,1832,Austria,40,520,615,733,876,1 043,1 013,943,1 038
1007,Eastern and South-Eastern Asia,,,1832,Belgium,56,1 226,1 415,1 696,2 031,2 305,2 662,2 725,2 445
1008,Eastern and South-Eastern Asia,,,1832,France*,250,13 546,16 003,20 564,34 511,48 941,56 768,59 353,59 754
1009,Eastern and South-Eastern Asia,,,1832,Germany,276,14 382,17 040,21 681,35 679,49 744,54 904,55 614,57 376
1010,Eastern and South-Eastern Asia,,,1832,Netherlands*,528,3 492,4 040,4 655,5 297,5 921,6 723,6 568,6 158
1011,Eastern and South-Eastern Asia,,,1832,Switzerland,756,2 128,2 289,2 459,2 745,3 130,4 031,3 530,2 877
1012,Eastern and South-Eastern Asia,,,1832,LATIN AMERICA AND THE CARIBBEAN,904,68 314,212 496,313 803,375 501,328 228,259 972,305 900,303 158
1013,Eastern and South-Eastern Asia,,,1832,Caribbean,915,317,369,431,500,583,717,1 045,1 186
1014,Eastern and South-Eastern Asia,,,1832,Cuba,192,256,296,344,397,458,463,549,614
1015,Eastern and South-Eastern Asia,,,1832,Jamaica,388,61,73,87,103,125,254,496,572
1016,Eastern and South-Eastern Asia,,,1832,Central America,916,1 797,2 438,3 181,3 565,4 068,5 370,6 329,5 893
1017,Eastern and South-Eastern Asia,,,1832,Mexico,484,1 351,1 911,2 554,2 818,3 183,4 551,5 600,5 093
1018,Eastern and South-Eastern Asia,,,1832,Panama,591,446,527,627,747,885,819,729,800
1019,Eastern and South-Eastern Asia,,,1832,South America,931,66 200,209 689,310 191,371 436,323 577,253 885,298 526,296 079
1020,Eastern and South-Eastern Asia,,,1832,Argentina,32,3 187,3 915,4 273,5 176,5 060,6 481,9 921,10 831
1021,Eastern and South-Eastern Asia,,,1832,Bolivia (Plurinational State of),68,3 436,3 822,4 199,4 568,5 022,5 417,6 154,6 454
1022,Eastern and South-Eastern Asia,,,1832,Brazil,76,46 207,163 082,249 710,297 926,249 243,182 594,218 949,215 041
1023,Eastern and South-Eastern Asia,,,1832,Chile,152,434,541,668,822,1 023,1 381,1 888,2 107
1024,Eastern and South-Eastern Asia,,,1832,Colombia,170,2 150,2 375,2 593,2 807,3 082,3 294,3 586,3 606
1025,Eastern and South-Eastern Asia,,,1832,Ecuador,218,133,160,191,227,274,449,708,807
1026,Eastern and South-Eastern Asia,,,1832,Paraguay,600,1 278,1 411,1 537,1 657,1 806,1 882,2 180,2 201
1027,Eastern and South-Eastern Asia,,,1832,Peru,604,8 391,33 205,45 619,56 591,56 054,49 099,49 972,49 146
1028,Eastern and South-Eastern Asia,,,1832,Uruguay,858,7,6,7,3,1,1,0..,0..
1029,Eastern and South-Eastern Asia,,,1832,Venezuela (Bolivarian Republic of),862,977,1 172,1 394,1 659,2 012,3 287,5 168,5 886
1030,Eastern and South-Eastern Asia,,,1832,NORTHERN AMERICA,905,148 086,181 387,217 753,259 789,327 718,369 375,375 829,347 206
1031,Eastern and South-Eastern Asia,,,1832,Canada,124,23 878,32 323,41 673,47 786,49 092,56 479,58 672,56 749
1032,Eastern and South-Eastern Asia,,,1832,United States of America*,840,124 208,149 064,176 080,212 003,278 626,312 896,317 157,290 457
1033,Eastern and South-Eastern Asia,,,1832,OCEANIA,909,37 699,46 644,57 553,61 932,67 678,95 555,91 659,75 984
1034,Eastern and South-Eastern Asia,,,1832,Australia/New Zealand,927,37 699,46 644,57 553,61 932,67 678,95 555,91 659,75 984
1035,Eastern and South-Eastern Asia,,,1832,Australia*,36,31 490,38 784,47 570,50 581,55 445,80 584,76 159,61 688
1036,Eastern and South-Eastern Asia,,,1832,New Zealand*,554,6 209,7 860,9 983,11 351,12 233,14 971,15 500,14 296
1037,Eastern and South-Eastern Asia,,,1832,Others,2003,558 936,682 032,1 138 474,1 036 717,1 007 653,1 176 946,1 219 608,1 199 309
1038,Latin America and the Caribbean,,,1830,World,900,7 253 323,6 728 705,6 589 509,7 111 817,8 275 866,9 109 959,14 287 765,17 510 527
1039,Latin America and the Caribbean,,,1830,Sub-Saharan Africa,1834,11 679,20 148,20 480,22 494,23 536,35 167,57 980,49 825
1040,Latin America and the Caribbean,,,1830,Northern Africa and Western Asia,1833,84 892,82 090,76 438,73 389,71 120,75 945,83 730,89 832
1041,Latin America and the Caribbean,,,1830,Central and Southern Asia,1831,9 673,11 162,12 555,14 110,18 221,23 759,35 256,45 620
1042,Latin America and the Caribbean,,,1830,Eastern and South-Eastern Asia,1832,205 294,205 241,203 930,206 941,219 694,236 323,259 909,311 493
1043,Latin America and the Caribbean,,,1830,Latin America and the Caribbean,1830,3 700 702,3 674 872,3 787 986,4 267 969,5 351 426,5 968 907,10 977 915,14 032 392
1044,Latin America and the Caribbean,,,1830,Oceania (excluding Australia and New Zealand),1835,438,637,682,355,200,192,298,327
1045,Latin America and the Caribbean,,,1830,Australia/New Zealand,1836,5 506,5 870,5 872,6 103,6 400,6 706,7 015,8 090
1046,Latin America and the Caribbean,,,1830,Europe and Northern America,1829,2 489 947,2 324 777,2 238 405,2 255 287,2 368 879,2 305 721,2 289 264,2 457 612
1047,Latin America and the Caribbean,,,1830,More developed regions,901,2 603 426,2 427 235,2 332 319,2 338 747,2 440 843,2 369 599,2 346 138,2 544 355
1048,Latin America and the Caribbean,,,1830,Less developed regions,902,3 904 705,3 897 562,4 014 029,4 507 901,5 618 633,6 283 121,11 365 229,14 450 836
1049,Latin America and the Caribbean,,,1830,Least developed countries,941,244 305,274 396,302 983,353 577,415 269,621 572,873 064,1 041 951
1050,Latin America and the Caribbean,,,1830,"Less developed regions, excluding least developed countries",934,3 660 400,3 623 166,3 711 046,4 154 324,5 203 364,5 661 549,10 492 165,13 408 885
1051,Latin America and the Caribbean,,,1830,"Less developed regions, excluding China",948,3 846 513,3 828 123,3 934 873,4 417 729,5 508 007,6 151 675,11 208 347,14 284 075
1052,Latin America and the Caribbean,,,1830,Land-locked Developing Countries (LLDC),1636,505 277,557 494,618 506,771 865,1 008 826,1 062 605,1 140 124,1 172 363
1053,Latin America and the Caribbean,,,1830,Small Island Developing States (SIDS),1637,608 869,672 005,738 082,803 698,894 789,1 115 766,1 424 014,1 683 502
1054,Latin America and the Caribbean,,,1830,High-and-upper-middle-income countries,5503,5 574 907,5 356 633,5 278 252,5 612 434,6 613 518,6 819 231,7 193 566,7 689 442
1055,Latin America and the Caribbean,,,1830,Low-and-Lower-middle-income countries,5504,833 608,861 742,956 821,1 120 763,1 314 969,1 603 856,2 084 753,2 477 992
1056,Latin America and the Caribbean,,,1830,High-income countries,1503,3 165 421,3 010 650,2 936 632,2 940 578,3 054 187,2 973 308,2 947 202,3 165 821
1057,Latin America and the Caribbean,,,1830,Low-and-middle-income countries,1859,3 243 094,3 207 725,3 298 441,3 792 619,4 874 300,5 449 779,6 331 117,7 001 613
1058,Latin America and the Caribbean,,,1830,Middle-income countries,1517,3 210 330,3 176 399,3 269 122,3 763 051,4 843 818,5 413 142,6 282 539,6 950 254
1059,Latin America and the Caribbean,,,1830,Upper-middle-income countries,1502,2 409 486,2 345 983,2 341 620,2 671 856,3 559 331,3 845 923,4 246 364,4 523 621
1060,Latin America and the Caribbean,,,1830,Lower-middle-income countries,1501,800 844,830 416,927 502,1 091 195,1 284 487,1 567 219,2 036 175,2 426 633
1061,Latin America and the Caribbean,,,1830,Low-income countries,1500,32 764,31 326,29 319,29 568,30 482,36 637,48 578,51 359
1062,Latin America and the Caribbean,,,1830,No income group available,1518,92 136,98 074,102 058,104 973,121 467,219 152,4 422 235,6 816 613
1063,Latin America and the Caribbean,,,1830,AFRICA,903,19 964,28 428,28 050,30 198,31 216,43 713,68 346,61 522
1064,Latin America and the Caribbean,,,1830,Eastern Africa,910,2 579,2 778,3 065,3 284,3 456,4 106,5 241,5 006
1065,Latin America and the Caribbean,,,1830,Burundi,108,21,28,35,49,70,113,258,284
1066,Latin America and the Caribbean,,,1830,Eritrea,232,25,25,25,26,27,28,25,24
1067,Latin America and the Caribbean,,,1830,Ethiopia,231,88,120,184,223,252,298,412,437
1068,Latin America and the Caribbean,,,1830,Kenya,404,22,36,57,62,74,80,84,93
1069,Latin America and the Caribbean,,,1830,Madagascar,450,4,6,7,7,8,9,8,10
1070,Latin America and the Caribbean,,,1830,Malawi,454,0..,3,5,6,6,8,7,8
1071,Latin America and the Caribbean,,,1830,Mozambique,508,1 351,1 350,1 377,1 468,1 504,1 651,1 872,1 990
1072,Latin America and the Caribbean,,,1830,Réunion,638,862,984,1 106,1 121,1 134,1 184,1 219,1 253
1073,Latin America and the Caribbean,,,1830,Rwanda,646,3,3,2,3,3,3,2,2
1074,Latin America and the Caribbean,,,1830,Somalia,706,18,26,37,57,85,313,663,239
1075,Latin America and the Caribbean,,,1830,Uganda,800,10,7,7,12,21,21,22,25
1076,Latin America and the Caribbean,,,1830,United Republic of Tanzania,834,150,151,165,190,208,333,607,576
1077,Latin America and the Caribbean,,,1830,Zambia,894,2,8,14,13,12,12,12,13
1078,Latin America and the Caribbean,,,1830,Zimbabwe,716,23,31,44,47,52,53,50,52
1079,Latin America and the Caribbean,,,1830,Middle Africa,911,6 762,8 208,8 798,9 574,9 676,11 445,20 720,23 120
1080,Latin America and the Caribbean,,,1830,Angola,24,6 193,7 525,8 063,8 623,8 294,8 504,13 251,17 831
1081,Latin America and the Caribbean,,,1830,Cameroon,120,227,220,219,251,299,521,1 699,1 737
1082,Latin America and the Caribbean,,,1830,Central African Republic,140,11,11,11,100,191,206,217,237
1083,Latin America and the Caribbean,,,1830,Chad,148,9,8,5,5,4,3,3,3
1084,Latin America and the Caribbean,,,1830,Congo,178,136,127,142,125,126,178,373,507
1085,Latin America and the Caribbean,,,1830,Democratic Republic of the Congo,180,181,314,357,468,760,2 032,5 176,2 804
1086,Latin America and the Caribbean,,,1830,Gabon,266,5,3,1,2,2,1,1,1
1087,Latin America and the Caribbean,,,1830,Northern Africa,912,8 285,8 280,7 570,7 704,7 680,8 546,10 366,11 697
1088,Latin America and the Caribbean,,,1830,Algeria,12,772,980,986,1 041,1 062,1 405,1 526,1 611
1089,Latin America and the Caribbean,,,1830,Egypt,818,5 208,4 583,4 129,4 068,3 911,4 009,4 355,4 884
1090,Latin America and the Caribbean,,,1830,Libya,434,166,171,183,200,242,292,429,474
1091,Latin America and the Caribbean,,,1830,Morocco,504,1 990,2 384,2 105,2 193,2 229,2 470,3 241,3 785
1092,Latin America and the Caribbean,,,1830,Sudan,729,1,16,17,32,46,89,215,82
1093,Latin America and the Caribbean,,,1830,Tunisia,788,148,146,150,170,190,281,600,861
1094,Latin America and the Caribbean,,,1830,Southern Africa,913,1 051,3 078,2 880,3 017,2 972,3 515,4 070,4 095
1095,Latin America and the Caribbean,,,1830,Botswana,72,0..,0..,0..,7,13,14,13,14
1096,Latin America and the Caribbean,,,1830,Eswatini,748,1,1,1,8,13,13,12,13
1097,Latin America and the Caribbean,,,1830,Lesotho,426,6,4,1,1,0..,0..,0..,0..
1098,Latin America and the Caribbean,,,1830,South Africa,710,1 044,3 073,2 878,3 001,2 946,3 488,4 045,4 068
1099,Latin America and the Caribbean,,,1830,Western Africa,914,1 287,6 084,5 737,6 619,7 432,16 101,27 949,17 604
1100,Latin America and the Caribbean,,,1830,Benin,204,36,34,31,32,29,110,303,138
1101,Latin America and the Caribbean,,,1830,Burkina Faso,854,34,32,29,28,25,88,337,396
1102,Latin America and the Caribbean,,,1830,Cabo Verde,132,13,1 464,1 199,1 351,1 317,1 531,1 861,1 845
1103,Latin America and the Caribbean,,,1830,Côte d'Ivoire,384,11,409,333,374,350,437,615,509
1104,Latin America and the Caribbean,,,1830,Gambia,270,0..,0..,0..,0..,0..,147,364,78
1105,Latin America and the Caribbean,,,1830,Ghana,288,174,205,227,221,219,1 133,2 901,1 460
1106,Latin America and the Caribbean,,,1830,Guinea,324,92,86,78,84,96,364,1 201,941
1107,Latin America and the Caribbean,,,1830,Guinea-Bissau,624,5,1 145,948,1 041,941,1 352,2 753,1 521
1108,Latin America and the Caribbean,,,1830,Liberia,430,48,226,297,327,296,305,333,48
1109,Latin America and the Caribbean,,,1830,Mali,466,0..,0..,0..,1,6,256,519,455
1110,Latin America and the Caribbean,,,1830,Mauritania,478,0..,0..,0..,6,1,8,302,442
1111,Latin America and the Caribbean,,,1830,Niger,562,9,17,29,27,28,29,32,35
1112,Latin America and the Caribbean,,,1830,Nigeria,566,590,1 978,1 839,2 117,2 674,4 524,6 666,4 921
1113,Latin America and the Caribbean,,,1830,Saint Helena,654,125,137,248,257,388,420,502,587
1114,Latin America and the Caribbean,,,1830,Senegal,686,149,349,369,602,922,4 958,8 040,3 815
1115,Latin America and the Caribbean,,,1830,Sierra Leone,694,0..,0..,108,149,139,269,532,102
1116,Latin America and the Caribbean,,,1830,Togo,768,1,2,2,2,1,170,688,311
1117,Latin America and the Caribbean,,,1830,ASIA,935,291 574,290 213,285 353,286 736,301 355,327 481,368 529,435 248
1118,Latin America and the Caribbean,,,1830,Central Asia,5500,46,64,83,126,186,286,590,652
1119,Latin America and the Caribbean,,,1830,Kazakhstan,398,8,9,10,22,37,39,41,46
1120,Latin America and the Caribbean,,,1830,Kyrgyzstan,417,0..,0..,0..,2,4,6,5,6
1121,Latin America and the Caribbean,,,1830,Tajikistan,762,0..,2,3,2,1,2,1,1
1122,Latin America and the Caribbean,,,1830,Turkmenistan,795,0..,1,1,1,0..,0..,0..,0..
1123,Latin America and the Caribbean,,,1830,Uzbekistan,860,38,52,69,99,144,239,543,599
1124,Latin America and the Caribbean,,,1830,Eastern Asia,906,200 456,197 928,196 174,197 331,207 850,223 035,244 289,286 358
1125,Latin America and the Caribbean,,,1830,China,156,50 692,57 244,66 425,78 654,97 726,118 389,142 759,151 354
1126,Latin America and the Caribbean,,,1830,"China, Hong Kong SAR",344,2 419,2 591,3 579,2 648,4 224,4 358,5 062,6 090
1127,Latin America and the Caribbean,,,1830,"China, Macao SAR",446,32,38,50,73,108,180,417,459
1128,Latin America and the Caribbean,,,1830,"China, Taiwan Province of China",158,5 049,9 566,9 102,8 797,8 568,8 519,8 644,8 858
1129,Latin America and the Caribbean,,,1830,Dem. People's Republic of Korea,408,5 597,5 207,4 880,5 043,5 386,5 403,5 506,5 643
1130,Latin America and the Caribbean,,,1830,Japan,392,107 973,96 588,88 042,77 357,65 564,57 172,49 859,78 653
1131,Latin America and the Caribbean,,,1830,Mongolia,496,7,8,12,9,17,17,19,23
1132,Latin America and the Caribbean,,,1830,Republic of Korea,410,28 687,26 686,24 084,24 750,26 257,28 997,32 023,35 278
1133,Latin America and the Caribbean,,,1830,Southern Asia,5501,9 627,11 098,12 472,13 984,18 035,23 473,34 666,44 968
1134,Latin America and the Caribbean,,,1830,Afghanistan,4,224,150,220,291,537,753,1 201,10 225
1135,Latin America and the Caribbean,,,1830,Bangladesh,50,108,103,101,130,194,1 588,5 789,1 332
1136,Latin America and the Caribbean,,,1830,Bhutan,64,12,12,14,13,14,12,12,14
1137,Latin America and the Caribbean,,,1830,India,356,7 744,8 568,9 762,10 996,14 043,16 575,20 668,26 456
1138,Latin America and the Caribbean,,,1830,Iran (Islamic Republic of),364,868,1 499,1 443,1 474,1 585,1 774,2 145,2 303
1139,Latin America and the Caribbean,,,1830,Maldives,462,1,1,1,2,2,1,1,1
1140,Latin America and the Caribbean,,,1830,Nepal,524,87,80,87,107,147,299,697,1 669
1141,Latin America and the Caribbean,,,1830,Pakistan,586,558,665,829,942,1 473,2 428,4 110,2 923
1142,Latin America and the Caribbean,,,1830,Sri Lanka,144,25,20,15,29,40,43,43,45
1143,Latin America and the Caribbean,,,1830,South-Eastern Asia,920,4 838,7 313,7 756,9 610,11 844,13 288,15 620,25 135
1144,Latin America and the Caribbean,,,1830,Cambodia,116,120,133,146,132,120,124,129,140
1145,Latin America and the Caribbean,,,1830,Indonesia,360,452,1 360,1 241,1 324,1 357,1 472,1 595,1 830
1146,Latin America and the Caribbean,,,1830,Lao People's Democratic Republic,418,1 454,1 439,1 429,1 410,1 416,1 521,1 751,1 879
1147,Latin America and the Caribbean,,,1830,Malaysia,458,118,137,172,173,192,247,415,466
1148,Latin America and the Caribbean,,,1830,Myanmar,104,34,41,53,65,98,110,131,195
1149,Latin America and the Caribbean,,,1830,Philippines,608,2 137,3 089,3 661,5 382,7 505,8 466,9 983,12 140
1150,Latin America and the Caribbean,,,1830,Singapore,702,72,73,85,106,150,213,402,465
1151,Latin America and the Caribbean,,,1830,Thailand,764,127,700,630,709,727,812,872,981
1152,Latin America and the Caribbean,,,1830,Viet Nam,704,324,341,339,309,279,323,342,7 039
1153,Latin America and the Caribbean,,,1830,Western Asia,922,76 607,73 810,68 868,65 685,63 440,67 399,73 364,78 135
1154,Latin America and the Caribbean,,,1830,Armenia,51,1 119,1 101,1 085,1 077,1 084,1 118,1 128,1 169
1155,Latin America and the Caribbean,,,1830,Azerbaijan,31,2,3,4,4,5,5,4,5
1156,Latin America and the Caribbean,,,1830,Bahrain,48,22,26,28,26,23,22,22,24
1157,Latin America and the Caribbean,,,1830,Cyprus,196,323,310,298,315,347,358,365,374
1158,Latin America and the Caribbean,,,1830,Georgia,268,38,40,48,81,136,185,323,385
1159,Latin America and the Caribbean,,,1830,Iraq,368,112,779,702,796,910,1 127,1 708,1 424
1160,Latin America and the Caribbean,,,1830,Israel,376,9 703,9 180,8 594,8 405,8 470,8 650,8 854,10 151
1161,Latin America and the Caribbean,,,1830,Jordan,400,757,1 939,1 655,1 681,1 521,1 644,1 729,1 790
1162,Latin America and the Caribbean,,,1830,Kuwait,414,65,66,66,68,71,77,71,69
1163,Latin America and the Caribbean,,,1830,Lebanon,422,33 252,31 098,29 115,26 580,24 116,23 569,22 671,26 652
1164,Latin America and the Caribbean,,,1830,Oman,512,33,40,52,74,110,182,419,462
1165,Latin America and the Caribbean,,,1830,Qatar,634,36,43,53,72,105,173,392,434
1166,Latin America and the Caribbean,,,1830,Saudi Arabia,682,1 159,1 708,1 808,1 969,2 142,2 354,2 398,2 435
1167,Latin America and the Caribbean,,,1830,State of Palestine,275,1 598,1 921,1 940,1 873,1 924,2 460,2 995,2 969
1168,Latin America and the Caribbean,,,1830,Syrian Arab Republic,760,25 110,22 618,20 719,20 176,20 118,23 061,27 403,26 369
1169,Latin America and the Caribbean,,,1830,Türkiye,792,3 264,2 925,2 681,2 460,2 330,2 384,2 852,3 392
1170,Latin America and the Caribbean,,,1830,United Arab Emirates,784,0..,1,2,1,0..,0..,0..,0..
1171,Latin America and the Caribbean,,,1830,Yemen,887,14,12,18,27,28,30,30,31
1172,Latin America and the Caribbean,,,1830,EUROPE,908,1 853 999,1 621 098,1 440 351,1 285 620,1 177 201,1 087 722,1 022 105,1 159 481
1173,Latin America and the Caribbean,,,1830,Eastern Europe,923,124 516,96 399,76 264,59 805,49 204,39 554,36 279,44 495
1174,Latin America and the Caribbean,,,1830,Belarus,112,5,6,8,8,10,11,11,13
1175,Latin America and the Caribbean,,,1830,Bulgaria,100,1 843,1 737,1 705,1 452,1 304,1 324,1 343,1 494
1176,Latin America and the Caribbean,,,1830,Czechia,203,6 545,4 824,3 651,2 732,2 022,1 092,963,1 060
1177,Latin America and the Caribbean,,,1830,Hungary,348,9 759,7 723,6 255,5 119,4 214,2 924,2 047,3 477
1178,Latin America and the Caribbean,,,1830,Poland,616,52 445,38 216,28 393,20 760,15 222,10 370,7 843,8 828
1179,Latin America and the Caribbean,,,1830,Republic of Moldova*,498,9,10,12,17,24,24,23,26
1180,Latin America and the Caribbean,,,1830,Romania,642,12 801,9 975,8 216,6 598,5 532,3 997,3 515,4 260
1181,Latin America and the Caribbean,,,1830,Russian Federation,643,31 441,23 835,18 792,14 332,12 434,11 514,12 127,14 684
1182,Latin America and the Caribbean,,,1830,Slovakia,703,235,483,440,476,504,536,562,606
1183,Latin America and the Caribbean,,,1830,Ukraine*,804,9 433,9 590,8 792,8 311,7 938,7 762,7 845,10 047
1184,Latin America and the Caribbean,,,1830,Northern Europe,924,47 128,49 859,52 115,54 104,56 884,60 567,64 981,71 212
1185,Latin America and the Caribbean,,,1830,Channel Islands*,830,101,81,100,71,126,126,148,176
1186,Latin America and the Caribbean,,,1830,Denmark*,208,2 058,2 036,2 071,2 068,2 106,2 202,2 296,2 635
1187,Latin America and the Caribbean,,,1830,Estonia,233,266,483,450,505,547,634,841,891
1188,Latin America and the Caribbean,,,1830,Finland*,246,663,626,620,760,1 006,1 282,1 500,1 379
1189,Latin America and the Caribbean,,,1830,Iceland,352,32,618,521,580,562,651,858,913
1190,Latin America and the Caribbean,,,1830,Ireland,372,1 324,1 380,1 516,1 489,1 511,1 557,1 612,1 961
1191,Latin America and the Caribbean,,,1830,Isle of Man*,833,0..,0..,0..,1,2,3,2,2
1192,Latin America and the Caribbean,,,1830,Latvia,428,169,180,198,236,297,414,762,821
1193,Latin America and the Caribbean,,,1830,Lithuania,440,529,1 293,1 168,1 276,1 313,1 466,1 792,1 903
1194,Latin America and the Caribbean,,,1830,Norway*,578,1 071,1 022,1 039,1 296,1 721,2 076,2 356,2 208
1195,Latin America and the Caribbean,,,1830,Sweden,752,3 765,3 964,4 215,4 205,4 169,4 389,4 542,5 200
1196,Latin America and the Caribbean,,,1830,United Kingdom*,826,37 150,38 176,40 217,41 617,43 524,45 767,48 272,53 123
1197,Latin America and the Caribbean,,,1830,Southern Europe,925,1 423 429,1 207 181,1 031 650,891 838,788 391,697 588,623 204,727 110
1198,Latin America and the Caribbean,,,1830,Albania,8,319,245,293,151,181,283,521,599
1199,Latin America and the Caribbean,,,1830,Andorra,20,2,1,0..,0..,0..,0..,0..,0..
1200,Latin America and the Caribbean,,,1830,Bosnia and Herzegovina,70,27,27,27,31,37,40,37,37
1201,Latin America and the Caribbean,,,1830,Croatia,191,3 336,3 933,3 486,3 176,2 787,2 473,2 191,2 354
1202,Latin America and the Caribbean,,,1830,Gibraltar*,292,3,3,5,4,5,4,4,5
1203,Latin America and the Caribbean,,,1830,Greece,300,8 794,7 578,6 651,5 609,4 717,3 791,2 982,4 374
1204,Latin America and the Caribbean,,,1830,Holy See*,336,20,25,33,48,72,122,282,311
1205,Latin America and the Caribbean,,,1830,Italy,380,513 244,438 034,375 628,317 699,273 442,229 964,195 885,194 018
1206,Latin America and the Caribbean,,,1830,Malta,470,39,41,42,35,29,31,30,33
1207,Latin America and the Caribbean,,,1830,Montenegro,499,1 365,1 327,1 294,1 370,1 492,1 547,1 567,1 587
1208,Latin America and the Caribbean,,,1830,North Macedonia,807,32,25,27,35,63,65,70,80
1209,Latin America and the Caribbean,,,1830,Portugal,620,360 190,312 457,274 411,237 455,198 815,164 465,128 536,206 245
1210,Latin America and the Caribbean,,,1830,Serbia*,688,18 026,12 536,8 797,3 202,1 759,1 352,1 162,1 360
1211,Latin America and the Caribbean,,,1830,Slovenia,705,2 200,2 153,1 869,1 649,1 432,1 248,1 158,1 261
1212,Latin America and the Caribbean,,,1830,Spain*,724,515 832,428 796,359 087,321 374,303 560,292 203,288 779,314 846
1213,Latin America and the Caribbean,,,1830,Western Europe,926,258 926,267 659,280 322,279 873,282 722,290 013,297 641,316 664
1214,Latin America and the Caribbean,,,1830,Austria,40,14 337,12 031,10 389,8 674,7 197,6 300,5 525,6 946
1215,Latin America and the Caribbean,,,1830,Belgium,56,8 405,8 377,8 380,8 352,8 581,8 869,9 096,10 150
1216,Latin America and the Caribbean,,,1830,France*,250,115 685,132 918,150 846,156 818,163 921,173 237,179 632,181 942
1217,Latin America and the Caribbean,,,1830,Germany,276,80 926,73 930,68 718,64 176,60 786,57 987,57 624,62 896
1218,Latin America and the Caribbean,,,1830,Liechtenstein,438,5,4,4,4,5,4,4,5
1219,Latin America and the Caribbean,,,1830,Luxembourg,442,11,13,19,15,21,22,24,29
1220,Latin America and the Caribbean,,,1830,Monaco,492,3,2,1,2,2,1,1,1
1221,Latin America and the Caribbean,,,1830,Netherlands*,528,24 976,25 756,26 948,27 657,28 425,29 756,31 849,40 102
1222,Latin America and the Caribbean,,,1830,Switzerland,756,14 578,14 628,15 017,14 175,13 784,13 837,13 886,14 593
1223,Latin America and the Caribbean,,,1830,LATIN AMERICA AND THE CARIBBEAN,904,3 700 702,3 674 872,3 787 986,4 267 969,5 351 426,5 968 907,10 977 915,14 032 392
1224,Latin America and the Caribbean,,,1830,Caribbean,915,559 325,613 574,672 020,725 758,800 541,1 018 342,1 316 892,1 564 752
1225,Latin America and the Caribbean,,,1830,Anguilla*,660,2 242,2 172,2 111,1 729,1 673,1 533,1 523,1 565
1226,Latin America and the Caribbean,,,1830,Antigua and Barbuda,28,6 650,7 100,7 634,7 428,7 590,7 844,8 121,8 339
1227,Latin America and the Caribbean,,,1830,Aruba*,533,4 192,4 288,4 436,3 917,4 313,4 571,4 943,5 827
1228,Latin America and the Caribbean,,,1830,Bahamas,44,1 744,1 720,1 758,1 606,1 457,1 498,1 579,1 698
1229,Latin America and the Caribbean,,,1830,Barbados,52,5 440,5 422,5 149,5 247,4 548,4 727,5 140,6 004
1230,Latin America and the Caribbean,,,1830,"Bonaire, Sint Eustatius and Saba*",535,2 852,2 947,3 052,3 016,2 883,3 099,3 524,4 744
1231,Latin America and the Caribbean,,,1830,British Virgin Islands*,92,3 787,3 873,3 985,3 565,3 924,3 992,4 065,4 175
1232,Latin America and the Caribbean,,,1830,Cayman Islands*,136,104,107,115,134,167,235,373,402
1233,Latin America and the Caribbean,,,1830,Cuba,192,61 064,61 622,66 014,68 547,79 313,89 889,140 130,190 070
1234,Latin America and the Caribbean,,,1830,Curaçao*,531,2 918,3 661,4 563,4 150,5 113,5 341,5 687,6 787
1235,Latin America and the Caribbean,,,1830,Dominica,212,18 156,19 936,21 891,20 757,20 660,20 891,20 756,21 297
1236,Latin America and the Caribbean,,,1830,Dominican Republic,214,80 384,95 590,111 735,118 382,123 808,129 425,137 493,144 487
1237,Latin America and the Caribbean,,,1830,Grenada,308,19 388,17 927,14 026,14 755,10 368,10 680,11 611,15 761
1238,Latin America and the Caribbean,,,1830,Guadeloupe*,312,7 480,8 348,9 217,8 478,9 522,10 481,10 813,11 144
1239,Latin America and the Caribbean,,,1830,Haiti,332,233 817,260 942,288 726,337 832,398 753,595 466,825 181,993 632
1240,Latin America and the Caribbean,,,1830,Jamaica,388,16 483,19 632,24 389,26 030,32 268,34 864,38 086,42 532
1241,Latin America and the Caribbean,,,1830,Martinique*,474,10 817,12 290,13 789,13 927,14 107,11 994,12 228,12 478
1242,Latin America and the Caribbean,,,1830,Montserrat*,500,2 004,2 270,2 573,2 750,2 908,3 054,3 157,3 254
1243,Latin America and the Caribbean,,,1830,Puerto Rico*,630,18 583,19 634,20 986,18 221,16 440,15 759,16 566,17 911
1244,Latin America and the Caribbean,,,1830,Saint Kitts and Nevis,659,9 828,10 799,11 785,11 961,11 496,12 120,13 100,13 817
1245,Latin America and the Caribbean,,,1830,Saint Lucia,662,12 316,13 445,14 505,13 606,12 801,12 943,13 288,14 041
1246,Latin America and the Caribbean,,,1830,Saint Vincent and the Grenadines,670,18 934,18 718,17 449,17 690,14 575,15 343,16 526,20 349
1247,Latin America and the Caribbean,,,1830,Sint Maarten (Dutch part)*,534,1 108,1 320,1 594,1 655,1 698,1 793,1 945,2 464
1248,Latin America and the Caribbean,,,1830,Trinidad and Tobago,780,14 670,15 580,16 393,16 005,15 601,15 974,16 155,16 835
1249,Latin America and the Caribbean,,,1830,Turks and Caicos Islands*,796,2 087,1 293,497,982,1 466,1 585,1 695,1 794
1250,Latin America and the Caribbean,,,1830,United States Virgin Islands*,850,2 277,2 938,3 648,3 388,3 089,3 241,3 207,3 345
1251,Latin America and the Caribbean,,,1830,Central America,916,918 726,678 540,528 926,572 907,646 926,715 903,921 361,1 170 998
1252,Latin America and the Caribbean,,,1830,Belize,84,3 483,3 573,3 784,4 298,5 153,5 855,6 588,7 274
1253,Latin America and the Caribbean,,,1830,Costa Rica,188,20 685,19 897,22 910,25 657,27 784,31 598,35 560,42 315
1254,Latin America and the Caribbean,,,1830,El Salvador,222,439 597,232 409,49 233,51 111,62 500,74 767,106 973,133 504
1255,Latin America and the Caribbean,,,1830,Guatemala,320,84 367,85 925,76 333,67 342,77 199,93 176,115 811,138 563
1256,Latin America and the Caribbean,,,1830,Honduras,340,41 922,40 220,41 252,47 072,58 106,73 197,137 979,228 315
1257,Latin America and the Caribbean,,,1830,Mexico,484,45 891,49 809,54 850,58 626,66 116,75 201,86 619,93 560
1258,Latin America and the Caribbean,,,1830,Nicaragua,558,262 307,227 741,259 263,302 131,328 398,339 022,405 930,497 523
1259,Latin America and the Caribbean,,,1830,Panama,591,20 474,18 966,21 301,16 670,21 670,23 087,25 901,29 944
1260,Latin America and the Caribbean,,,1830,South America,931,2 222 651,2 382 758,2 587 040,2 969 304,3 903 959,4 234 662,8 739 662,11 296 642
1261,Latin America and the Caribbean,,,1830,Argentina,32,166 835,191 026,218 588,240 279,257 220,279 351,314 917,351 470
1262,Latin America and the Caribbean,,,1830,Bolivia (Plurinational State of),68,189 738,221 844,260 362,324 740,416 407,462 063,540 767,565 870
1263,Latin America and the Caribbean,,,1830,Brazil,76,196 517,188 163,179 751,192 097,204 945,226 039,256 492,292 545
1264,Latin America and the Caribbean,,,1830,Chile,152,286 436,280 529,275 972,265 856,256 037,243 008,232 326,235 656
1265,Latin America and the Caribbean,,,1830,Colombia,170,644 178,689 344,736 095,842 873,1 335 136,1 421 500,1 505 994,1 510 607
1266,Latin America and the Caribbean,,,1830,Ecuador,218,43 556,49 770,59 200,69 493,86 684,103 294,124 919,140 306
1267,Latin America and the Caribbean,,,1830,Falkland Islands (Malvinas)*,238,968,1 724,1 395,980,283,71,13,13
1268,Latin America and the Caribbean,,,1830,French Guiana*,254,3 040,3 254,3 550,3 692,3 815,4 106,4 128,4 490
1269,Latin America and the Caribbean,,,1830,Guyana,328,28 400,33 471,40 341,46 054,57 206,61 073,64 738,71 987
1270,Latin America and the Caribbean,,,1830,Paraguay,600,312 330,332 485,354 804,443 506,588 230,595 325,591 966,588 777
1271,Latin America and the Caribbean,,,1830,Peru,604,93 602,126 562,185 129,258 217,395 669,447 535,513 003,548 082
1272,Latin America and the Caribbean,,,1830,Suriname,740,19 906,20 931,21 973,27 602,31 963,30 052,33 589,39 621
1273,Latin America and the Caribbean,,,1830,Uruguay,858,153 241,154 921,157 341,157 786,157 126,150 413,143 596,141 101
1274,Latin America and the Caribbean,,,1830,Venezuela (Bolivarian Republic of),862,83 904,88 734,92 539,96 129,113 238,210 832,4 413 214,6 806 117
1275,Latin America and the Caribbean,,,1830,NORTHERN AMERICA,905,635 948,703 679,798 054,969 667,1 191 678,1 217 999,1 267 159,1 298 131
1276,Latin America and the Caribbean,,,1830,Bermuda*,60,90,97,116,160,211,265,427,465
1277,Latin America and the Caribbean,,,1830,Canada,124,29 540,32 415,36 285,35 860,37 376,40 912,45 456,52 249
1278,Latin America and the Caribbean,,,1830,Greenland*,304,471,414,478,329,358,388,436,481
1279,Latin America and the Caribbean,,,1830,Saint Pierre and Miquelon*,666,50,59,71,85,104,111,122,156
1280,Latin America and the Caribbean,,,1830,United States of America*,840,605 797,670 694,761 104,933 233,1 153 629,1 176 323,1 220 718,1 244 780
1281,Latin America and the Caribbean,,,1830,OCEANIA,909,5 944,6 507,6 554,6 458,6 600,6 898,7 313,8 417
1282,Latin America and the Caribbean,,,1830,Australia/New Zealand,927,5 506,5 870,5 872,6 103,6 400,6 706,7 015,8 090
1283,Latin America and the Caribbean,,,1830,Australia*,36,5 050,5 022,5 012,5 138,5 418,5 596,5 805,6 766
1284,Latin America and the Caribbean,,,1830,New Zealand*,554,456,848,860,965,982,1 110,1 210,1 324
1285,Latin America and the Caribbean,,,1830,Melanesia,928,160,272,226,172,92,46,7,7
1286,Latin America and the Caribbean,,,1830,Fiji,242,1,2,3,3,2,1,1,1
1287,Latin America and the Caribbean,,,1830,New Caledonia*,540,0..,1,1,1,0..,0..,0..,0..
1288,Latin America and the Caribbean,,,1830,Papua New Guinea,598,0..,1,1,1,1,2,1,1
1289,Latin America and the Caribbean,,,1830,Solomon Islands,90,0..,0..,0..,1,1,2,1,1
1290,Latin America and the Caribbean,,,1830,Vanuatu,548,159,268,221,166,88,41,4,4
1291,Latin America and the Caribbean,,,1830,Micronesia,954,239,276,318,74,20,15,16,17
1292,Latin America and the Caribbean,,,1830,Guam*,316,239,276,318,74,20,15,16,17
1293,Latin America and the Caribbean,,,1830,Polynesia*,957,39,89,138,109,88,131,275,303
1294,Latin America and the Caribbean,,,1830,Cook Islands*,184,9,10,11,10,9,8,8,9
1295,Latin America and the Caribbean,,,1830,French Polynesia*,258,18,23,30,44,66,110,255,281
1296,Latin America and the Caribbean,,,1830,Niue*,570,0..,41,81,41,1,2,1,1
1297,Latin America and the Caribbean,,,1830,Tonga,776,0..,1,1,1,0..,0..,0..,0..
1298,Latin America and the Caribbean,,,1830,Wallis and Futuna Islands*,876,12,14,15,13,12,11,11,12
1299,Latin America and the Caribbean,,,1830,Others,2003,745 192,403 908,243 161,265 169,216 390,457 239,576 398,515 336
1300,Oceania (excluding Australia and New Zealand),,,1835,World,900,258 678,280 580,296 618,306 039,298 175,302 810,313 069,321 771
1301,Oceania (excluding Australia and New Zealand),,,1835,Sub-Saharan Africa,1834,73,82,80,92,69,66,54,54
1302,Oceania (excluding Australia and New Zealand),,,1835,Northern Africa and Western Asia,1833,2 143,2 446,2 737,2 901,3 008,2 440,2 546,2 639
1303,Oceania (excluding Australia and New Zealand),,,1835,Central and Southern Asia,1831,5 227,5 431,5 546,5 496,5 645,5 849,6 020,6 183
1304,Oceania (excluding Australia and New Zealand),,,1835,Eastern and South-Eastern Asia,1832,70 540,81 210,92 451,91 476,82 438,80 083,82 715,84 946
1305,Oceania (excluding Australia and New Zealand),,,1835,Latin America and the Caribbean,1830,1 117,1 327,1 606,3 473,4 933,4 861,5 094,5 292
1306,Oceania (excluding Australia and New Zealand),,,1835,Oceania (excluding Australia and New Zealand),1835,55 191,61 890,68 468,68 242,65 111,67 700,69 783,71 632
1307,Oceania (excluding Australia and New Zealand),,,1835,Australia/New Zealand,1836,25 034,25 995,22 277,22 675,21 187,21 043,21 372,21 679
1308,Oceania (excluding Australia and New Zealand),,,1835,Europe and Northern America,1829,78 727,80 022,79 730,85 857,89 303,97 412,101 312,104 592
1309,Oceania (excluding Australia and New Zealand),,,1835,More developed regions,901,107 527,109 870,106 042,112 346,113 822,121 702,126 045,129 737
1310,Oceania (excluding Australia and New Zealand),,,1835,Less developed regions,902,130 525,148 533,166 853,167 866,157 872,157 752,162 851,167 280
1311,Oceania (excluding Australia and New Zealand),,,1835,Least developed countries,941,8 325,8 511,8 633,8 217,6 823,6 625,6 817,7 019
1312,Oceania (excluding Australia and New Zealand),,,1835,"Less developed regions, excluding least developed countries",934,122 200,140 022,158 220,159 649,151 049,151 127,156 034,160 261
1313,Oceania (excluding Australia and New Zealand),,,1835,"Less developed regions, excluding China",948,123 205,135 082,146 514,152 051,149 117,149 316,154 219,158 463
1314,Oceania (excluding Australia and New Zealand),,,1835,Land-locked Developing Countries (LLDC),1636,671,788,918,944,908,715,749,781
1315,Oceania (excluding Australia and New Zealand),,,1835,Small Island Developing States (SIDS),1637,50 630,56 649,62 605,64 216,62 515,61 289,62 921,64 389
1316,Oceania (excluding Australia and New Zealand),,,1835,High-and-upper-middle-income countries,5503,151 711,160 763,164 821,170 644,166 770,174 130,179 609,184 338
1317,Oceania (excluding Australia and New Zealand),,,1835,Low-and-Lower-middle-income countries,5504,80 540,90 942,100 487,101 942,97 275,93 935,97 219,100 030
1318,Oceania (excluding Australia and New Zealand),,,1835,High-income countries,1503,126 239,129 817,127 432,134 342,134 524,141 925,146 875,151 106
1319,Oceania (excluding Australia and New Zealand),,,1835,Low-and-middle-income countries,1859,106 012,121 888,137 876,138 244,129 521,126 140,129 953,133 262
1320,Oceania (excluding Australia and New Zealand),,,1835,Middle-income countries,1517,106 012,121 888,137 876,138 244,129 521,126 140,129 953,133 262
1321,Oceania (excluding Australia and New Zealand),,,1835,Upper-middle-income countries,1502,25 472,30 946,37 389,36 302,32 246,32 205,32 734,33 232
1322,Oceania (excluding Australia and New Zealand),,,1835,Lower-middle-income countries,1501,80 540,90 942,100 487,101 942,97 275,93 935,97 219,100 030
1323,Oceania (excluding Australia and New Zealand),,,1835,No income group available,1518,5 801,6 698,7 587,7 626,7 649,11 389,12 068,12 649
1324,Oceania (excluding Australia and New Zealand),,,1835,AFRICA,903,2 216,2 528,2 817,2 993,3 077,2 506,2 600,2 693
1325,Oceania (excluding Australia and New Zealand),,,1835,Eastern Africa,910,73,82,80,92,69,66,54,54
1326,Oceania (excluding Australia and New Zealand),,,1835,Mayotte,175,35,44,52,58,41,38,27,27
1327,Oceania (excluding Australia and New Zealand),,,1835,United Republic of Tanzania,834,38,38,28,34,28,28,27,27
1328,Oceania (excluding Australia and New Zealand),,,1835,Northern Africa,912,2 143,2 446,2 737,2 901,3 008,2 440,2 546,2 639
1329,Oceania (excluding Australia and New Zealand),,,1835,Algeria,12,1 118,1 258,1 386,1 462,1 480,1 267,1 302,1 333
1330,Oceania (excluding Australia and New Zealand),,,1835,Morocco,504,479,555,631,672,714,548,581,610
1331,Oceania (excluding Australia and New Zealand),,,1835,Tunisia,788,546,633,720,767,814,625,663,696
1332,Oceania (excluding Australia and New Zealand),,,1835,ASIA,935,75 767,86 641,97 997,96 972,88 083,85 932,88 735,91 129
1333,Oceania (excluding Australia and New Zealand),,,1835,Eastern Asia,906,17 492,23 049,29 667,24 927,16 896,16 335,16 808,17 242
1334,Oceania (excluding Australia and New Zealand),,,1835,China,156,7 312,13 444,20 331,15 800,8 737,8 415,8 612,8 797
1335,Oceania (excluding Australia and New Zealand),,,1835,"China, Hong Kong SAR",344,8,7,8,15,18,21,20,20
1336,Oceania (excluding Australia and New Zealand),,,1835,Japan,392,3 766,3 853,4 035,3 814,3 332,3 247,3 361,3 466
1337,Oceania (excluding Australia and New Zealand),,,1835,Republic of Korea,410,6 406,5 745,5 293,5 298,4 809,4 652,4 815,4 959
1338,Oceania (excluding Australia and New Zealand),,,1835,Southern Asia,5501,5 227,5 431,5 546,5 496,5 645,5 849,6 020,6 183
1339,Oceania (excluding Australia and New Zealand),,,1835,Bangladesh,50,1 802,1 924,2 070,1 933,1 739,1 736,1 769,1 799
1340,Oceania (excluding Australia and New Zealand),,,1835,India,356,1 857,1 814,1 692,1 599,1 670,1 674,1 692,1 711
1341,Oceania (excluding Australia and New Zealand),,,1835,Iran (Islamic Republic of),364,0..,0..,0..,0..,31,372,356,412
1342,Oceania (excluding Australia and New Zealand),,,1835,Nepal,524,156,191,239,221,140,125,124,125
1343,Oceania (excluding Australia and New Zealand),,,1835,Pakistan,586,1 294,1 382,1 456,1 650,1 771,1 824,1 867,1 903
1344,Oceania (excluding Australia and New Zealand),,,1835,Sri Lanka,144,118,120,89,93,294,118,212,233
1345,Oceania (excluding Australia and New Zealand),,,1835,South-Eastern Asia,920,53 048,58 161,62 784,66 549,65 542,63 748,65 907,67 704
1346,Oceania (excluding Australia and New Zealand),,,1835,Cambodia,116,482,558,635,676,718,551,584,613
1347,Oceania (excluding Australia and New Zealand),,,1835,Indonesia,360,9 027,8 343,7 841,11 049,14 532,14 551,14 670,14 764
1348,Oceania (excluding Australia and New Zealand),,,1835,Lao People's Democratic Republic,418,515,597,679,723,768,590,625,656
1349,Oceania (excluding Australia and New Zealand),,,1835,Malaysia,458,248,249,213,210,194,187,183,181
1350,Oceania (excluding Australia and New Zealand),,,1835,Philippines,608,41 853,47 310,52 151,52 565,47 963,46 670,48 595,50 192
1351,Oceania (excluding Australia and New Zealand),,,1835,Singapore,702,71,72,53,61,51,51,50,50
1352,Oceania (excluding Australia and New Zealand),,,1835,Viet Nam,704,852,1 032,1 212,1 265,1 316,1 148,1 200,1 248
1353,Oceania (excluding Australia and New Zealand),,,1835,EUROPE,908,42 359,47 299,51 151,58 170,63 093,71 230,74 042,76 397
1354,Oceania (excluding Australia and New Zealand),,,1835,Eastern Europe,923,41,42,31,31,26,26,25,25
1355,Oceania (excluding Australia and New Zealand),,,1835,Russian Federation,643,41,42,31,31,26,26,25,25
1356,Oceania (excluding Australia and New Zealand),,,1835,Northern Europe,924,3 537,3 389,2 624,2 603,2 329,2 356,2 372,2 392
1357,Oceania (excluding Australia and New Zealand),,,1835,Ireland,372,67,68,50,50,42,42,41,41
1358,Oceania (excluding Australia and New Zealand),,,1835,United Kingdom*,826,3 470,3 321,2 574,2 553,2 287,2 314,2 331,2 351
1359,Oceania (excluding Australia and New Zealand),,,1835,Southern Europe,925,529,599,668,706,725,598,617,637
1360,Oceania (excluding Australia and New Zealand),,,1835,Italy,380,363,411,459,486,500,411,425,439
1361,Oceania (excluding Australia and New Zealand),,,1835,Spain*,724,166,188,209,220,225,187,192,198
1362,Oceania (excluding Australia and New Zealand),,,1835,Western Europe,926,38 252,43 269,47 828,54 830,60 013,68 250,71 028,73 343
1363,Oceania (excluding Australia and New Zealand),,,1835,France*,250,37 781,42 746,47 261,54 242,59 445,67 716,70 496,72 812
1364,Oceania (excluding Australia and New Zealand),,,1835,Germany,276,354,395,430,443,424,397,394,392
1365,Oceania (excluding Australia and New Zealand),,,1835,Netherlands*,528,10,11,11,14,17,17,18,19
1366,Oceania (excluding Australia and New Zealand),,,1835,Switzerland,756,107,117,126,131,127,120,120,120
1367,Oceania (excluding Australia and New Zealand),,,1835,LATIN AMERICA AND THE CARIBBEAN,904,1 117,1 327,1 606,3 473,4 933,4 861,5 094,5 292
1368,Oceania (excluding Australia and New Zealand),,,1835,Caribbean,915,1 117,1 327,1 606,3 473,4 933,4 861,5 094,5 292
1369,Oceania (excluding Australia and New Zealand),,,1835,Puerto Rico*,630,1 117,1 327,1 606,3 473,4 933,4 861,5 094,5 292
1370,Oceania (excluding Australia and New Zealand),,,1835,NORTHERN AMERICA,905,36 368,32 723,28 579,27 687,26 210,26 182,27 270,28 195
1371,Oceania (excluding Australia and New Zealand),,,1835,Canada,124,488,506,422,426,378,372,370,371
1372,Oceania (excluding Australia and New Zealand),,,1835,United States of America*,840,35 880,32 217,28 157,27 261,25 832,25 810,26 900,27 824
1373,Oceania (excluding Australia and New Zealand),,,1835,OCEANIA,909,80 225,87 885,90 745,90 917,86 298,88 743,91 155,93 311
1374,Oceania (excluding Australia and New Zealand),,,1835,Australia/New Zealand,927,25 034,25 995,22 277,22 675,21 187,21 043,21 372,21 679
1375,Oceania (excluding Australia and New Zealand),,,1835,Australia*,36,16 948,17 525,14 166,14 542,13 045,13 177,13 317,13 440
1376,Oceania (excluding Australia and New Zealand),,,1835,New Zealand*,554,8 086,8 470,8 111,8 133,8 142,7 866,8 055,8 239
1377,Oceania (excluding Australia and New Zealand),,,1835,Melanesia,928,10 732,11 692,12 474,13 106,13 211,12 281,12 567,12 843
1378,Oceania (excluding Australia and New Zealand),,,1835,Fiji,242,1 729,1 864,1 973,2 262,2 383,2 673,2 734,2 802
1379,Oceania (excluding Australia and New Zealand),,,1835,New Caledonia*,540,2 880,3 180,3 469,3 712,3 606,3 546,3 551,3 551
1380,Oceania (excluding Australia and New Zealand),,,1835,Papua New Guinea,598,1 194,1 200,1 166,924,731,688,671,660
1381,Oceania (excluding Australia and New Zealand),,,1835,Solomon Islands,90,1 097,1 078,981,1 013,1 068,1 118,1 141,1 170
1382,Oceania (excluding Australia and New Zealand),,,1835,Vanuatu,548,3 832,4 370,4 885,5 195,5 423,4 256,4 470,4 660
1383,Oceania (excluding Australia and New Zealand),,,1835,Micronesia,954,15 672,18 146,20 691,22 304,21 808,21 672,22 707,23 602
1384,Oceania (excluding Australia and New Zealand),,,1835,Guam*,316,1 269,1 493,1 683,1 595,1 111,999,1 009,1 021
1385,Oceania (excluding Australia and New Zealand),,,1835,Kiribati,296,3 064,2 979,2 869,2 513,1 502,1 597,1 639,1 690
1386,Oceania (excluding Australia and New Zealand),,,1835,Marshall Islands,584,311,384,468,434,378,372,383,396
1387,Oceania (excluding Australia and New Zealand),,,1835,Micronesia (Fed. States of),583,4 940,7 116,9 334,11 237,12 463,12 396,13 032,13 567
1388,Oceania (excluding Australia and New Zealand),,,1835,Nauru,520,931,1 000,1 070,1 264,1 460,1 483,1 595,1 684
1389,Oceania (excluding Australia and New Zealand),,,1835,Northern Mariana Islands*,580,2 215,2 350,2 476,2 547,2 542,2 532,2 664,2 779
1390,Oceania (excluding Australia and New Zealand),,,1835,Palau,585,2 942,2 824,2 791,2 714,2 352,2 293,2 385,2 465
1391,Oceania (excluding Australia and New Zealand),,,1835,Polynesia*,957,28 787,32 052,35 303,32 832,30 092,33 747,34 509,35 187
1392,Oceania (excluding Australia and New Zealand),,,1835,American Samoa*,16,1 014,1 523,2 022,1 908,1 671,1 402,1 329,1 272
1393,Oceania (excluding Australia and New Zealand),,,1835,Cook Islands*,184,36,41,47,46,46,44,41,42
1394,Oceania (excluding Australia and New Zealand),,,1835,French Polynesia*,258,2 807,3 248,3 689,2 096,486,664,701,739
1395,Oceania (excluding Australia and New Zealand),,,1835,Niue*,570,16,17,18,20,23,22,21,22
1396,Oceania (excluding Australia and New Zealand),,,1835,Samoa,882,15 303,16 787,18 264,17 400,16 642,16 604,16 669,16 725
1397,Oceania (excluding Australia and New Zealand),,,1835,Tokelau*,772,161,162,162,151,132,111,104,100
1398,Oceania (excluding Australia and New Zealand),,,1835,Tonga,776,2 691,2 650,2 609,2 698,2 784,2 808,2 834,2 863
1399,Oceania (excluding Australia and New Zealand),,,1835,Tuvalu,798,1 171,1 146,1 132,1 104,860,880,908,939
1400,Oceania (excluding Australia and New Zealand),,,1835,Wallis and Futuna Islands*,876,5 588,6 478,7 360,7 409,7 448,11 212,11 902,12 485
1401,Oceania (excluding Australia and New Zealand),,,1835,Others,2003,20 626,22 177,23 723,25 827,26 481,23 356,24 173,24 754
1402,Australia/New Zealand,,,1836,World,900,4 517 870,4 810 557,5 075 813,5 735 938,6 836 784,7 865 257,8 948 750,9 579 393
1403,Australia/New Zealand,,,1836,Sub-Saharan Africa,1834,98 264,126 000,172 816,253 577,353 414,431 104,503 866,558 356
1404,Australia/New Zealand,,,1836,Northern Africa and Western Asia,1833,194 236,216 984,243 560,288 523,338 027,374 073,438 074,459 752
1405,Australia/New Zealand,,,1836,Central and Southern Asia,1831,140 353,188 256,237 248,360 454,660 100,965 276,1 455 208,1 825 695
1406,Australia/New Zealand,,,1836,Eastern and South-Eastern Asia,1832,647 383,822 335,959 539,1 222 828,1 607 529,2 013 941,2 432 227,2 646 189
1407,Australia/New Zealand,,,1836,Latin America and the Caribbean,1830,78 344,84 069,87 626,99 384,127 323,164 526,230 942,287 045
1408,Australia/New Zealand,,,1836,Oceania (excluding Australia and New Zealand),1835,165 333,184 970,213 874,246 389,278 374,316 708,350 011,391 284
1409,Australia/New Zealand,,,1836,Australia/New Zealand,1836,312 024,358 418,422 236,485 874,583 192,644 147,664 403,677 217
1410,Australia/New Zealand,,,1836,Europe and Northern America,1829,2 679 538,2 732 177,2 693 417,2 735 342,2 838 388,2 895 843,2 808 294,2 656 600
1411,Australia/New Zealand,,,1836,More developed regions,901,3 016 480,3 122 011,3 149 288,3 263 796,3 471 991,3 599 239,3 534 320,3 399 532
1412,Australia/New Zealand,,,1836,Less developed regions,902,1 298 995,1 591 198,1 881 028,2 428 575,3 314 356,4 206 379,5 348 705,6 102 606
1413,Australia/New Zealand,,,1836,Least developed countries,941,67 770,82 273,106 350,161 540,252 822,343 858,482 880,606 331
1414,Australia/New Zealand,,,1836,"Less developed regions, excluding least developed countries",934,1 231 225,1 508 925,1 774 678,2 267 035,3 061 534,3 862 521,4 865 825,5 496 275
1415,Australia/New Zealand,,,1836,"Less developed regions, excluding China",948,1 122 280,1 349 198,1 578 019,1 993 003,2 719 802,3 412 989,4 387 866,5 094 760
1416,Australia/New Zealand,,,1836,Land-locked Developing Countries (LLDC),1636,81 286,90 444,104 660,137 079,198 601,270 613,391 500,507 144
1417,Australia/New Zealand,,,1836,Small Island Developing States (SIDS),1637,217 454,244 774,280 598,333 836,383 964,431 247,472 212,518 181
1418,Australia/New Zealand,,,1836,High-and-upper-middle-income countries,5503,3 670 061,3 929 371,4 133 102,4 556 912,5 174 906,5 694 091,6 054 679,6 134 776
1419,Australia/New Zealand,,,1836,Low-and-Lower-middle-income countries,5504,621 464,760 264,870 210,1 107 593,1 581 971,2 079 427,2 795 264,3 333 124
1420,Australia/New Zealand,,,1836,High-income countries,1503,3 083 507,3 228 874,3 268 250,3 428 610,3 711 091,3 909 632,3 884 791,3 789 397
1421,Australia/New Zealand,,,1836,Low-and-middle-income countries,1859,1 208 018,1 460 761,1 735 062,2 235 895,3 045 786,3 863 886,4 965 152,5 678 503
1422,Australia/New Zealand,,,1836,Middle-income countries,1517,1 190 820,1 437 064,1 697 122,2 167 989,2 942 710,3 720 497,4 779 566,5 461 345
1423,Australia/New Zealand,,,1836,Upper-middle-income countries,1502,586 554,700 497,864 852,1 128 302,1 463 815,1 784 459,2 169 888,2 345 379
1424,Australia/New Zealand,,,1836,Lower-middle-income countries,1501,604 266,736 567,832 270,1 039 687,1 478 895,1 936 038,2 609 678,3 115 966
1425,Australia/New Zealand,,,1836,Low-income countries,1500,17 198,23 697,37 940,67 906,103 076,143 389,185 586,217 158
1426,Australia/New Zealand,,,1836,No income group available,1518,23 950,23 574,27 004,27 866,29 470,32 100,33 082,34 238
1427,Australia/New Zealand,,,1836,AFRICA,903,140 316,170 495,219 076,315 265,425 976,502 743,577 662,630 962
1428,Australia/New Zealand,,,1836,Eastern Africa,910,41 276,51 257,60 938,87 276,123 529,156 167,174 947,187 694
1429,Australia/New Zealand,,,1836,Burundi,108,18,29,27,379,1 850,2 385,3 037,3 255
1430,Australia/New Zealand,,,1836,Djibouti,262,53,69,82,113,134,190,200,204
1431,Australia/New Zealand,,,1836,Eritrea,232,865,1 184,1 765,2 293,3 072,4 662,6 230,6 928
1432,Australia/New Zealand,,,1836,Ethiopia,231,1 491,2 306,3 642,6 064,8 939,13 123,15 644,17 141
1433,Australia/New Zealand,,,1836,Kenya,404,4 190,5 799,7 217,10 795,15 303,19 736,24 960,30 123
1434,Australia/New Zealand,,,1836,Madagascar,450,114,137,180,222,263,295,353,348
1435,Australia/New Zealand,,,1836,Malawi,454,329,437,537,761,1 023,1 414,1 692,1 853
1436,Australia/New Zealand,,,1836,Mauritius,480,17 128,18 945,18 559,20 326,26 861,28 687,29 308,28 962
1437,Australia/New Zealand,,,1836,Mozambique,508,397,480,628,771,870,1 006,1 055,1 037
1438,Australia/New Zealand,,,1836,Réunion,638,44,63,87,142,210,222,218,211
1439,Australia/New Zealand,,,1836,Rwanda,646,3,5,50,179,609,981,1 183,1 338
1440,Australia/New Zealand,,,1836,Seychelles,690,2 894,2 918,2 774,2 895,2 977,3 025,2 831,2 623
1441,Australia/New Zealand,,,1836,Somalia,706,1 273,1 768,3 767,4 504,6 155,8 686,9 268,9 578
1442,Australia/New Zealand,,,1836,South Sudan,728,0..,0..,0..,0..,648,7 511,9 004,9 693
1443,Australia/New Zealand,,,1836,Uganda,800,995,1 295,1 407,1 864,2 859,3 800,4 582,5 079
1444,Australia/New Zealand,,,1836,United Republic of Tanzania,834,1 358,1 723,1 958,2 328,3 820,4 495,4 885,4 926
1445,Australia/New Zealand,,,1836,Zambia,894,2 262,2 855,3 428,4 548,6 165,7 323,7 609,8 060
1446,Australia/New Zealand,,,1836,Zimbabwe,716,7 862,11 244,14 830,29 092,41 771,48 626,52 888,56 335
1447,Australia/New Zealand,,,1836,Middle Africa,911,572,731,989,1 695,4 348,7 082,10 655,12 328
1448,Australia/New Zealand,,,1836,Angola,24,359,391,417,451,528,560,570,559
1449,Australia/New Zealand,,,1836,Cameroon,120,12,19,67,130,268,450,581,695
1450,Australia/New Zealand,,,1836,Central African Republic,140,8,10,7,10,20,33,141,191
1451,Australia/New Zealand,,,1836,Chad,148,7,10,40,40,57,68,94,110
1452,Australia/New Zealand,,,1836,Congo,178,0..,0..,132,644,1 022,1 606,2 324,2 688
1453,Australia/New Zealand,,,1836,Democratic Republic of the Congo,180,183,296,306,390,2 423,4 318,6 895,8 028
1454,Australia/New Zealand,,,1836,Gabon,266,3,5,20,30,30,47,50,57
1455,Australia/New Zealand,,,1836,Northern Africa,912,42 052,44 495,46 260,61 688,72 562,71 639,73 796,72 606
1456,Australia/New Zealand,,,1836,Algeria,12,696,820,1 170,1 330,1 382,1 606,1 684,1 643
1457,Australia/New Zealand,,,1836,Egypt,818,37 470,38 550,37 608,38 735,41 795,44 717,47 278,46 879
1458,Australia/New Zealand,,,1836,Libya,434,1 021,1 236,1 413,1 577,2 395,2 797,2 881,2 812
1459,Australia/New Zealand,,,1836,Morocco,504,1 029,1 182,1 368,1 562,1 805,2 163,2 603,2 775
1460,Australia/New Zealand,,,1836,Sudan,729,1 375,2 214,4 204,17 942,24 613,19 698,18 588,17 709
1461,Australia/New Zealand,,,1836,Tunisia,788,461,493,497,542,572,658,762,788
1462,Australia/New Zealand,,,1836,Southern Africa,913,54 024,70 583,106 098,155 667,208 529,243 321,286 425,319 559
1463,Australia/New Zealand,,,1836,Botswana,72,115,185,670,973,1 120,1 327,1 599,1 736
1464,Australia/New Zealand,,,1836,Eswatini,748,114,146,235,270,340,385,370,359
1465,Australia/New Zealand,,,1836,Lesotho,426,46,59,67,92,112,150,150,157
1466,Australia/New Zealand,,,1836,Namibia,516,207,308,447,737,1 097,1 436,1 687,1 890
1467,Australia/New Zealand,,,1836,South Africa,710,53 542,69 885,104 679,153 595,205 860,240 023,282 619,315 417
1468,Australia/New Zealand,,,1836,Western Africa,914,2 392,3 429,4 791,8 939,17 008,24 534,31 839,38 775
1469,Australia/New Zealand,,,1836,Benin,204,3,5,28,30,80,105,98,97
1470,Australia/New Zealand,,,1836,Burkina Faso,854,6,10,11,20,40,58,58,68
1471,Australia/New Zealand,,,1836,Côte d'Ivoire,384,21,33,62,171,467,595,657,682
1472,Australia/New Zealand,,,1836,Gambia,270,12,19,35,80,102,128,130,141
1473,Australia/New Zealand,,,1836,Ghana,288,1 114,1 537,2 162,2 847,4 192,5 909,7 169,8 327
1474,Australia/New Zealand,,,1836,Guinea,324,3,5,30,194,642,933,1 050,1 175
1475,Australia/New Zealand,,,1836,Liberia,430,50,81,115,1 161,2 884,3 518,3 579,3 630
1476,Australia/New Zealand,,,1836,Mali,466,0..,0..,21,42,57,80,57,53
1477,Australia/New Zealand,,,1836,Nigeria,566,927,1 385,1 812,2 600,4 631,8 412,14 133,19 524
1478,Australia/New Zealand,,,1836,Senegal,686,156,191,235,272,370,437,467,509
1479,Australia/New Zealand,,,1836,Sierra Leone,694,97,158,260,1 490,3 265,3 989,4 094,4 218
1480,Australia/New Zealand,,,1836,Togo,768,3,5,20,32,278,370,347,351
1481,Australia/New Zealand,,,1836,ASIA,935,939 920,1 183 080,1 394 087,1 810 117,2 533 094,3 281 651,4 251 713,4 859 030
1482,Australia/New Zealand,,,1836,Central Asia,5500,324,515,1 053,1 812,3 043,4 501,5 711,6 563
1483,Australia/New Zealand,,,1836,Kazakhstan,398,94,152,386,677,1 190,1 911,2 438,2 892
1484,Australia/New Zealand,,,1836,Kyrgyzstan,417,12,19,97,233,362,492,638,731
1485,Australia/New Zealand,,,1836,Tajikistan,762,19,29,48,65,100,158,208,241
1486,Australia/New Zealand,,,1836,Turkmenistan,795,6,10,30,60,88,102,135,153
1487,Australia/New Zealand,,,1836,Uzbekistan,860,193,305,492,777,1 303,1 838,2 292,2 546
1488,Australia/New Zealand,,,1836,Eastern Asia,906,235 275,314 916,390 300,556 892,759 198,991 567,1 171 756,1 230 801
1489,Australia/New Zealand,,,1836,China,156,84 329,127 913,181 244,309 710,458 582,624 950,776 977,802 170
1490,Australia/New Zealand,,,1836,"China, Hong Kong SAR",344,65 261,83 367,86 610,88 030,92 636,104 066,115 466,130 437
1491,Australia/New Zealand,,,1836,"China, Macao SAR",446,1 753,1 912,2 042,2 090,2 558,2 781,2 961,3 081
1492,Australia/New Zealand,,,1836,"China, Taiwan Province of China",158,25 372,28 808,33 113,35 742,40 778,61 593,65 435,72 158
1493,Australia/New Zealand,,,1836,Japan,392,24 918,31 416,33 635,42 580,50 411,59 249,61 623,65 715
1494,Australia/New Zealand,,,1836,Mongolia,496,97,159,118,246,700,1 782,6 319,11 188
1495,Australia/New Zealand,,,1836,Republic of Korea,410,33 545,41 341,53 538,78 494,113 533,137 146,142 975,146 052
1496,Australia/New Zealand,,,1836,Southern Asia,5501,140 029,187 741,236 195,358 642,657 057,960 775,1 449 497,1 819 132
1497,Australia/New Zealand,,,1836,Afghanistan,4,4 139,6 547,13 178,20 873,33 096,52 687,67 364,88 212
1498,Australia/New Zealand,,,1836,Bangladesh,50,3 632,6 085,9 677,17 541,30 853,45 072,57 936,68 468
1499,Australia/New Zealand,,,1836,Bhutan,64,29,48,70,129,1 700,5 834,12 424,25 363
1500,Australia/New Zealand,,,1836,India,356,64 152,88 707,110 839,189 535,385 354,540 352,837 211,1 025 751
1501,Australia/New Zealand,,,1836,Iran (Islamic Republic of),364,16 339,20 018,23 291,29 382,39 513,65 508,81 232,94 329
1502,Australia/New Zealand,,,1836,Maldives,462,128,180,165,280,423,599,636,712
1503,Australia/New Zealand,,,1836,Nepal,524,1 144,1 639,2 375,4 346,27 964,52 742,133 490,204 304
1504,Australia/New Zealand,,,1836,Pakistan,586,5 605,8 754,12 295,18 845,33 169,66 338,101 704,134 294
1505,Australia/New Zealand,,,1836,Sri Lanka,144,44 861,55 763,64 305,77 711,104 985,131 643,157 500,177 699
1506,Australia/New Zealand,,,1836,South-Eastern Asia,920,412 108,507 419,569 239,665 936,848 331,1 022 374,1 260 471,1 415 388
1507,Australia/New Zealand,,,1836,Brunei Darussalam,96,1 545,1 791,2 105,2 561,3 030,2 893,3 159,3 357
1508,Australia/New Zealand,,,1836,Cambodia,116,24 818,26 990,29 675,33 326,37 973,41 549,49 028,52 093
1509,Australia/New Zealand,,,1836,Indonesia,360,44 515,49 918,60 242,64 821,75 892,82 716,100 479,112 383
1510,Australia/New Zealand,,,1836,Lao People's Democratic Republic,418,11 064,11 088,10 449,10 585,11 136,11 020,11 680,11 771
1511,Australia/New Zealand,,,1836,Malaysia,458,77 381,91 804,96 309,115 610,145 529,162 251,198 440,204 426
1512,Australia/New Zealand,,,1836,Myanmar,104,9 241,11 603,12 803,14 206,24 715,34 688,44 405,50 131
1513,Australia/New Zealand,,,1836,Philippines,608,74 890,104 538,121 886,149 345,213 098,293 187,387 394,464 455
1514,Australia/New Zealand,,,1836,Singapore,702,27 665,33 100,38 205,47 738,58 813,65 357,72 062,75 871
1515,Australia/New Zealand,,,1836,Thailand,764,17 007,22 335,28 020,37 637,58 447,75 320,99 273,122 250
1516,Australia/New Zealand,,,1836,Timor-Leste,626,0..,0..,1 991,10 733,10 587,9 992,10 247,11 546
1517,Australia/New Zealand,,,1836,Viet Nam,704,123 982,154 252,167 554,179 374,209 111,243 401,284 304,307 105
1518,Australia/New Zealand,,,1836,Western Asia,922,152 184,172 489,197 300,226 835,265 465,302 434,364 278,387 146
1519,Australia/New Zealand,,,1836,Armenia,51,797,885,978,1 111,1 199,1 463,1 443,1 462
1520,Australia/New Zealand,,,1836,Azerbaijan,31,44,71,188,298,422,647,745,828
1521,Australia/New Zealand,,,1836,Bahrain,48,483,623,772,1 077,1 353,1 734,2 135,2 395
1522,Australia/New Zealand,,,1836,Cyprus,196,24 057,23 367,22 831,22 457,21 355,20 077,18 425,16 610
1523,Australia/New Zealand,,,1836,Georgia,268,130,179,293,397,487,624,763,865
1524,Australia/New Zealand,,,1836,Iraq,368,10 649,16 332,31 019,43 111,57 638,76 239,105 277,117 890
1525,Australia/New Zealand,,,1836,Israel,376,6 191,7 053,7 395,8 942,10 688,11 250,12 151,11 821
1526,Australia/New Zealand,,,1836,Jordan,400,2 294,2 809,3 494,4 155,5 250,6 554,8 544,9 469
1527,Australia/New Zealand,,,1836,Kuwait,414,1 159,1 615,2 469,3 146,4 321,6 575,7 381,8 304
1528,Australia/New Zealand,,,1836,Lebanon,422,66 656,75 884,79 118,84 843,89 640,93 227,95 153,93 967
1529,Australia/New Zealand,,,1836,Oman,512,74,119,343,852,1 237,1 577,1 877,1 986
1530,Australia/New Zealand,,,1836,Qatar,634,94,152,249,447,654,1 111,1 993,2 716
1531,Australia/New Zealand,,,1836,Saudi Arabia,682,599,965,1 525,2 969,12 383,14 386,14 974,14 397
1532,Australia/New Zealand,,,1836,State of Palestine,275,3 057,3 087,3 061,3 255,3 061,3 194,3 230,3 046
1533,Australia/New Zealand,,,1836,Syrian Arab Republic,760,5 630,6 443,7 350,8 269,9 358,13 864,31 180,37 008
1534,Australia/New Zealand,,,1836,Türkiye,792,29 111,31 349,34 021,37 467,39 756,39 817,42 286,42 544
1535,Australia/New Zealand,,,1836,United Arab Emirates,784,956,1 293,1 804,3 519,6 068,9 380,15 710,20 649
1536,Australia/New Zealand,,,1836,Yemen,887,203,263,390,520,595,715,1 011,1 189
1537,Australia/New Zealand,,,1836,EUROPE,908,2 590 954,2 631 069,2 582 212,2 601 843,2 677 879,2 702 720,2 596 653,2 438 590
1538,Australia/New Zealand,,,1836,Eastern Europe,923,170 799,175 253,171 624,172 244,171 053,174 909,173 876,170 243
1539,Australia/New Zealand,,,1836,Belarus,112,1 075,1 238,1 357,1 608,1 840,2 177,2 479,2 586
1540,Australia/New Zealand,,,1836,Bulgaria,100,2 196,2 495,3 025,3 424,3 605,3 939,4 108,3 874
1541,Australia/New Zealand,,,1836,Czechia,203,14 627,14 480,13 770,14 592,14 730,15 040,14 194,13 019
1542,Australia/New Zealand,,,1836,Hungary,348,30 211,28 116,26 101,24 335,22 824,21 140,18 673,16 317
1543,Australia/New Zealand,,,1836,Poland,616,69 806,73 773,68 826,65 298,60 865,56 686,53 286,48 456
1544,Australia/New Zealand,,,1836,Republic of Moldova*,498,285,387,576,816,1 000,1 153,1 360,1 471
1545,Australia/New Zealand,,,1836,Romania,642,11 598,12 708,14 188,15 707,16 639,17 054,16 766,15 735
1546,Australia/New Zealand,,,1836,Russian Federation,643,17 041,18 281,19 540,22 469,25 926,32 320,36 720,39 044
1547,Australia/New Zealand,,,1836,Slovakia,703,5 576,5 741,6 360,6 055,5 998,6 701,6 999,6 753
1548,Australia/New Zealand,,,1836,Ukraine*,804,18 384,18 034,17 881,17 940,17 626,18 699,19 291,22 988
1549,Australia/New Zealand,,,1836,Northern Europe,924,1 448 098,1 478 448,1 451 348,1 466 922,1 563 737,1 614 470,1 575 806,1 504 033
1550,Australia/New Zealand,,,1836,Denmark*,208,9 385,9 670,9 939,10 481,10 609,10 235,9 646,8 927
1551,Australia/New Zealand,,,1836,Estonia,233,2 805,2 547,1 963,1 654,2 228,3 443,3 553,3 498
1552,Australia/New Zealand,,,1836,Finland*,246,9 389,9 390,9 412,9 503,9 523,9 175,8 576,7 752
1553,Australia/New Zealand,,,1836,Iceland,352,289,356,565,670,705,608,462,403
1554,Australia/New Zealand,,,1836,Ireland,372,57 887,59 847,60 225,62 631,80 111,102 732,100 706,99 192
1555,Australia/New Zealand,,,1836,Isle of Man*,833,681,708,706,756,878,820,895,876
1556,Australia/New Zealand,,,1836,Latvia,428,11 447,9 579,7 357,6 300,5 582,4 992,3 990,3 247
1557,Australia/New Zealand,,,1836,Lithuania,440,5 750,4 916,3 828,3 296,3 090,3 374,3 339,3 094
1558,Australia/New Zealand,,,1836,Norway*,578,2 299,2 647,3 985,4 392,4 347,4 382,4 100,3 910
1559,Australia/New Zealand,,,1836,Sweden,752,5 265,6 156,7 099,8 566,10 039,11 485,11 728,11 508
1560,Australia/New Zealand,,,1836,United Kingdom*,826,1 342 901,1 372 632,1 346 269,1 358 673,1 436 625,1 463 224,1 428 811,1 361 626
1561,Australia/New Zealand,,,1836,Southern Europe,925,677 383,671 612,655 324,648 704,619 481,594 101,541 128,481 567
1562,Australia/New Zealand,,,1836,Albania,8,822,1 119,1 529,2 281,2 872,3 447,3 973,4 105
1563,Australia/New Zealand,,,1836,Bosnia and Herzegovina,70,13 992,17 878,28 659,38 496,39 714,36 757,32 994,29 317
1564,Australia/New Zealand,,,1836,Croatia,191,55 533,57 434,58 254,69 644,68 492,61 762,54 563,47 534
1565,Australia/New Zealand,,,1836,Gibraltar*,292,458,464,477,485,480,492,470,445
1566,Australia/New Zealand,,,1836,Greece,300,137 306,137 763,130 671,129 008,122 541,115 825,103 086,89 351
1567,Australia/New Zealand,,,1836,Italy,380,258 304,252 674,235 384,222 054,206 496,201 012,177 380,154 940
1568,Australia/New Zealand,,,1836,Malta,470,54 087,55 588,52 561,51 360,48 650,44 062,39 249,34 451
1569,Australia/New Zealand,,,1836,Montenegro,499,6 958,5 263,5 326,3 524,1 876,2 033,1 876,1 673
1570,Australia/New Zealand,,,1836,North Macedonia,807,49 301,49 600,49 652,51 348,51 425,49 963,51 159,48 723
1571,Australia/New Zealand,,,1836,Portugal,620,18 619,18 638,17 987,18 160,18 485,19 148,18 631,17 637
1572,Australia/New Zealand,,,1836,Serbia*,688,57 213,50 798,52 020,39 229,35 147,33 796,31 787,28 629
1573,Australia/New Zealand,,,1836,Slovenia,705,10 038,9 611,8 622,8 786,8 382,8 068,6 627,5 483
1574,Australia/New Zealand,,,1836,Spain*,724,14 752,14 782,14 182,14 329,14 921,17 736,19 333,19 279
1575,Australia/New Zealand,,,1836,Western Europe,926,294 674,305 756,303 916,313 973,323 608,319 240,305 843,282 747
1576,Australia/New Zealand,,,1836,Austria,40,24 364,22 990,21 615,21 030,20 146,17 969,15 703,13 561
1577,Australia/New Zealand,,,1836,Belgium,56,4 565,4 991,5 320,5 796,6 517,7 288,7 823,7 695
1578,Australia/New Zealand,,,1836,France*,250,14 335,17 185,19 658,23 489,31 972,42 535,47 663,48 126
1579,Australia/New Zealand,,,1836,Germany,276,120 016,127 437,127 167,133 560,138 353,133 595,126 327,115 765
1580,Australia/New Zealand,,,1836,Luxembourg,442,103,123,150,174,212,252,308,322
1581,Australia/New Zealand,,,1836,Monaco,492,10,14,32,50,68,82,88,91
1582,Australia/New Zealand,,,1836,Netherlands*,528,119 211,119 667,115 163,113 796,109 237,100 169,90 716,80 631
1583,Australia/New Zealand,,,1836,Switzerland,756,12 070,13 349,14 811,16 078,17 103,17 350,17 215,16 556
1584,Australia/New Zealand,,,1836,LATIN AMERICA AND THE CARIBBEAN,904,78 344,84 069,87 626,99 384,127 323,164 526,230 942,287 045
1585,Australia/New Zealand,,,1836,Caribbean,915,3 528,3 858,4 244,4 710,5 200,6 063,6 271,6 361
1586,Australia/New Zealand,,,1836,Antigua and Barbuda,28,12,15,30,35,40,58,60,61
1587,Australia/New Zealand,,,1836,Aruba*,533,60,60,57,50,60,68,72,70
1588,Australia/New Zealand,,,1836,Bahamas,44,218,229,264,268,282,308,307,305
1589,Australia/New Zealand,,,1836,Barbados,52,341,359,370,382,428,450,430,408
1590,Australia/New Zealand,,,1836,Cayman Islands*,136,6,10,20,38,78,135,167,197
1591,Australia/New Zealand,,,1836,Cuba,192,423,494,508,612,745,882,972,1 008
1592,Australia/New Zealand,,,1836,Curaçao*,531,81,89,90,102,117,148,150,157
1593,Australia/New Zealand,,,1836,Dominican Republic,214,29,43,70,108,141,208,260,313
1594,Australia/New Zealand,,,1836,Grenada,308,87,94,125,128,130,140,150,143
1595,Australia/New Zealand,,,1836,Haiti,332,72,79,90,94,102,120,128,130
1596,Australia/New Zealand,,,1836,Jamaica,388,835,895,932,1 003,1 098,1 279,1 317,1 335
1597,Australia/New Zealand,,,1836,Puerto Rico*,630,72,88,135,166,145,172,220,220
1598,Australia/New Zealand,,,1836,Saint Kitts and Nevis,659,8,10,30,40,35,50,50,50
1599,Australia/New Zealand,,,1836,Saint Lucia,662,11,14,30,38,50,70,70,77
1600,Australia/New Zealand,,,1836,Saint Vincent and the Grenadines,670,53,55,80,88,56,70,68,57
1601,Australia/New Zealand,,,1836,Trinidad and Tobago,780,1 220,1 324,1 413,1 558,1 693,1 905,1 850,1 830
1602,Australia/New Zealand,,,1836,Central America,916,13 160,13 635,13 770,14 551,16 522,19 324,21 837,23 537
1603,Australia/New Zealand,,,1836,Belize,84,33,39,48,60,62,80,80,80
1604,Australia/New Zealand,,,1836,Costa Rica,188,323,348,352,380,437,505,616,674
1605,Australia/New Zealand,,,1836,El Salvador,222,10 849,10 890,10 670,10 750,10 945,11 360,11 260,10 898
1606,Australia/New Zealand,,,1836,Guatemala,320,218,256,310,350,414,536,640,788
1607,Australia/New Zealand,,,1836,Honduras,340,141,162,185,225,240,315,385,495
1608,Australia/New Zealand,,,1836,Mexico,484,632,961,1 268,1 838,3 388,5 410,7 647,9 381
1609,Australia/New Zealand,,,1836,Nicaragua,558,858,851,797,776,818,863,895,877
1610,Australia/New Zealand,,,1836,Panama,591,106,128,140,172,218,255,314,344
1611,Australia/New Zealand,,,1836,South America,931,61 656,66 576,69 612,80 123,105 601,139 139,202 834,257 147
1612,Australia/New Zealand,,,1836,Argentina,32,11 860,12 482,12 416,13 935,15 114,18 074,24 368,30 586
1613,Australia/New Zealand,,,1836,Bolivia (Plurinational State of),68,534,608,694,770,863,1 058,1 125,1 196
1614,Australia/New Zealand,,,1836,Brazil,76,2 443,3 767,5 366,9 126,19 394,32 977,61 782,81 641
1615,Australia/New Zealand,,,1836,Chile,152,27 062,27 598,26 810,28 170,30 322,33 397,38 333,41 965
1616,Australia/New Zealand,,,1836,Colombia,170,1 826,2 819,4 248,6 160,13 157,21 788,42 327,63 998
1617,Australia/New Zealand,,,1836,Ecuador,218,1 183,1 343,1 457,1 655,1 934,2 758,2 836,3 550
1618,Australia/New Zealand,,,1836,Falkland Islands (Malvinas)*,238,114,115,130,120,130,120,92,79
1619,Australia/New Zealand,,,1836,Guyana,328,480,507,519,563,602,661,618,568
1620,Australia/New Zealand,,,1836,Paraguay,600,272,306,357,411,443,499,572,635
1621,Australia/New Zealand,,,1836,Peru,604,4 190,5 103,5 784,6 712,9 577,11 282,12 802,14 420
1622,Australia/New Zealand,,,1836,Suriname,740,67,79,87,102,120,165,160,156
1623,Australia/New Zealand,,,1836,Uruguay,858,11 124,11 053,10 563,10 804,10 621,10 589,10 470,9 951
1624,Australia/New Zealand,,,1836,Venezuela (Bolivarian Republic of),862,501,796,1 181,1 595,3 324,5 771,7 349,8 402
1625,Australia/New Zealand,,,1836,NORTHERN AMERICA,905,88 584,101 108,111 205,133 499,160 509,193 123,211 641,218 010
1626,Australia/New Zealand,,,1836,Bermuda*,60,329,366,409,463,515,578,598,606
1627,Australia/New Zealand,,,1836,Canada,124,30 098,34 500,37 981,45 188,53 952,63 305,68 618,70 339
1628,Australia/New Zealand,,,1836,United States of America*,840,58 157,66 242,72 815,87 848,106 042,129 240,142 425,147 065
1629,Australia/New Zealand,,,1836,OCEANIA,909,477 357,543 388,636 110,732 263,861 566,960 855,1 014 414,1 068 501
1630,Australia/New Zealand,,,1836,Australia/New Zealand,927,312 024,358 418,422 236,485 874,583 192,644 147,664 403,677 217
1631,Australia/New Zealand,,,1836,Australia*,36,48 723,53 903,55 949,61 754,62 683,68 984,80 634,89 129
1632,Australia/New Zealand,,,1836,New Zealand*,554,263 301,304 515,366 287,424 120,520 509,575 163,583 769,588 088
1633,Australia/New Zealand,,,1836,Melanesia,928,73 749,86 883,100 855,121 920,145 900,168 853,183 598,207 192
1634,Australia/New Zealand,,,1836,Fiji,242,45 744,57 280,71 576,90 935,111 167,130 023,141 694,153 987
1635,Australia/New Zealand,,,1836,New Caledonia*,540,1 076,1 142,1 202,1 255,1 442,1 553,1 536,1 520
1636,Australia/New Zealand,,,1836,Papua New Guinea,598,24 941,26 204,25 625,26 907,30 064,33 592,33 732,34 316
1637,Australia/New Zealand,,,1836,Solomon Islands,90,1 067,1 255,1 395,1 640,1 944,2 295,2 886,7 161
1638,Australia/New Zealand,,,1836,Vanuatu,548,921,1 002,1 057,1 183,1 283,1 390,3 750,10 208
1639,Australia/New Zealand,,,1836,Micronesia,954,1 322,1 419,1 487,1 914,2 559,3 275,4 260,5 523
1640,Australia/New Zealand,,,1836,Guam*,316,29,39,50,80,97,120,130,141
1641,Australia/New Zealand,,,1836,Kiribati,296,854,899,943,1 264,1 832,2 467,3 400,4 600
1642,Australia/New Zealand,,,1836,Nauru,520,439,481,494,570,630,688,730,782
1643,Australia/New Zealand,,,1836,Polynesia*,957,90 262,96 668,111 532,122 555,129 915,144 580,162 153,178 569
1644,Australia/New Zealand,,,1836,American Samoa*,16,56,82,135,203,262,412,485,517
1645,Australia/New Zealand,,,1836,Cook Islands*,184,17 580,16 860,19 645,20 235,20 239,20 506,20 085,20 237
1646,Australia/New Zealand,,,1836,French Polynesia*,258,212,255,343,392,465,535,543,521
1647,Australia/New Zealand,,,1836,Niue*,570,5 624,5 615,5 771,5 493,5 207,5 035,4 946,4 932
1648,Australia/New Zealand,,,1836,Samoa,882,49 330,52 277,59 621,66 765,71 211,80 806,91 939,102 039
1649,Australia/New Zealand,,,1836,Tokelau*,772,131,188,277,423,570,668,610,588
1650,Australia/New Zealand,,,1836,Tonga,776,17 259,21 308,25 623,28 904,31 814,36 423,43 300,49 445
1651,Australia/New Zealand,,,1836,Tuvalu,798,70,83,117,140,147,195,245,290
1652,Australia/New Zealand,,,1836,Others,2003,202 395,97 348,45 497,43 567,50 437,59 639,65 725,77 255
1653,Europe and Northern America,,,1829,World,900,79 008 202,89 861 179,99 542 834,111 451 697,123 517 093,131 730 220,141 802 488,155 259 380
1654,Europe and Northern America,,,1829,Sub-Saharan Africa,1834,1 368 683,1 650 816,2 275 381,3 014 284,3 801 133,4 731 741,5 861 754,6 865 542
1655,Europe and Northern America,,,1829,Northern Africa and Western Asia,1833,7 922 648,8 708 745,9 464 979,10 275 655,11 074 408,11 673 662,13 234 657,14 397 799
1656,Europe and Northern America,,,1829,Central and Southern Asia,1831,7 616 983,8 371 910,9 748 764,11 416 919,13 160 228,14 242 187,15 542 546,17 045 689
1657,Europe and Northern America,,,1829,Eastern and South-Eastern Asia,1832,5 866 920,7 192 270,8 772 514,10 049 939,11 929 508,13 383 136,13 957 257,14 722 603
1658,Europe and Northern America,,,1829,Latin America and the Caribbean,1830,10 543 785,14 842 407,18 981 495,23 697 976,27 072 051,28 479 253,30 490 374,33 512 055
1659,Europe and Northern America,,,1829,Oceania (excluding Australia and New Zealand),1835,16 527,19 024,22 037,24 833,25 843,26 145,25 782,25 108
1660,Europe and Northern America,,,1829,Australia/New Zealand,1836,185 088,211 622,245 709,265 250,287 897,295 759,298 730,310 089
1661,Europe and Northern America,,,1829,Europe and Northern America,1829,38 151 860,40 186 923,39 327 522,40 591 867,43 529 119,45 124 170,46 839 505,54 120 744
1662,Europe and Northern America,,,1829,More developed regions,901,38 817 166,41 067 092,40 152 560,41 412 550,44 373 229,46 017 842,47 731 362,55 037 976
1663,Europe and Northern America,,,1829,Less developed regions,902,32 855 328,40 116 625,48 685 841,57 924 173,66 506 958,71 938 211,78 519 243,85 961 653
1664,Europe and Northern America,,,1829,Least developed countries,941,1 625 382,2 025 064,2 516 098,3 170 100,3 967 989,4 984 228,6 210 866,7 446 806
1665,Europe and Northern America,,,1829,"Less developed regions, excluding least developed countries",934,31 229 946,38 091 561,46 169 743,54 754 073,62 538 969,66 953 983,72 308 377,78 514 847
1666,Europe and Northern America,,,1829,"Less developed regions, excluding China",948,31 374 245,38 261 999,45 920 148,54 573 688,62 268 169,66 939 923,73 228 774,80 352 526
1667,Europe and Northern America,,,1829,Land-locked Developing Countries (LLDC),1636,8 189 646,8 405 581,8 645 740,9 568 177,10 344 742,9 817 592,9 764 307,9 875 710
1668,Europe and Northern America,,,1829,Small Island Developing States (SIDS),1637,3 665 217,4 460 022,5 243 834,5 843 996,6 818 549,7 703 273,8 488 744,9 193 297
1669,Europe and Northern America,,,1829,High-and-upper-middle-income countries,5503,54 772 072,62 127 390,66 603 928,73 260 397,80 701 657,84 249 685,87 464 060,91 940 203
1670,Europe and Northern America,,,1829,Low-and-Lower-middle-income countries,5504,16 769 258,18 898 494,21 992 222,25 725 628,29 747 897,33 167 913,37 737 103,47 553 443
1671,Europe and Northern America,,,1829,High-income countries,1503,25 479 336,27 976 349,28 134 675,29 730 116,32 884 032,35 111 718,36 798 013,38 346 610
1672,Europe and Northern America,,,1829,Low-and-middle-income countries,1859,46 061 994,53 049 535,60 461 475,69 255 909,77 565 522,82 305 880,88 403 150,101 147 036
1673,Europe and Northern America,,,1829,Middle-income countries,1517,45 523 771,52 430 766,59 543 457,67 989 935,75 926 037,79 826 431,84 334 874,96 038 386
1674,Europe and Northern America,,,1829,Upper-middle-income countries,1502,29 292 736,34 151 041,38 469 253,43 530 281,47 817 625,49 137 967,50 666 047,53 593 593
1675,Europe and Northern America,,,1829,Lower-middle-income countries,1501,16 231 035,18 279 725,21 074 204,24 459 654,28 108 412,30 688 464,33 668 827,42 444 793
1676,Europe and Northern America,,,1829,Low-income countries,1500,538 223,618 769,918 018,1 265 974,1 639 485,2 479 449,4 068 276,5 108 650
1677,Europe and Northern America,,,1829,No income group available,1518,131 134,157 813,242 231,350 688,430 633,538 455,1 049 442,1 505 983
1678,Europe and Northern America,,,1829,AFRICA,903,4 479 718,4 969 359,5 925 775,7 436 126,8 821 335,10 103 622,11 814 713,13 305 405
1679,Europe and Northern America,,,1829,Eastern Africa,910,509 810,574 186,811 218,1 007 664,1 283 943,1 663 365,1 971 438,2 314 808
1680,Europe and Northern America,,,1829,Burundi,108,3 139,4 370,6 436,10 168,14 921,18 409,24 831,34 083
1681,Europe and Northern America,,,1829,Comoros,174,11 817,16 717,23 326,31 219,37 270,106 380,151 551,231 908
1682,Europe and Northern America,,,1829,Djibouti,262,23,35,54,71,106,128,149,163
1683,Europe and Northern America,,,1829,Eritrea,232,16 791,19 012,23 300,30 314,44 571,91 880,167 975,214 115
1684,Europe and Northern America,,,1829,Ethiopia,231,75 079,58 566,127 976,177 651,255 559,343 236,418 449,512 190
1685,Europe and Northern America,,,1829,Kenya,404,144 050,145 694,194 877,227 271,261 699,317 550,343 807,391 652
1686,Europe and Northern America,,,1829,Madagascar,450,66 038,77 282,91 552,111 208,121 223,138 965,157 060,169 594
1687,Europe and Northern America,,,1829,Malawi,454,106,161,254,444,592,725,862,967
1688,Europe and Northern America,,,1829,Mauritius,480,37 738,43 492,49 657,57 978,65 805,72 096,74 314,76 727
1689,Europe and Northern America,,,1829,Mayotte,175,0..,0..,0..,0..,1,0..,0..,0..
1690,Europe and Northern America,,,1829,Mozambique,508,75 065,74 193,76 331,75 956,63 138,71 648,82 507,92 773
1691,Europe and Northern America,,,1829,Réunion,638,11,5,6,3,1,0..,0..,0..
1692,Europe and Northern America,,,1829,Rwanda,646,4 337,6 129,9 219,13 751,19 662,22 636,25 161,28 099
1693,Europe and Northern America,,,1829,Seychelles,690,646,730,802,888,980,1 019,972,867
1694,Europe and Northern America,,,1829,Somalia,706,21 947,59 656,118 749,150 118,227 930,291 625,328 167,358 654
1695,Europe and Northern America,,,1829,South Sudan,728,1,1,3,3,4,70,214,259
1696,Europe and Northern America,,,1829,Uganda,800,9 763,11 205,12 657,13 672,15 375,17 632,19 967,21 337
1697,Europe and Northern America,,,1829,United Republic of Tanzania,834,19 485,20 783,22 148,23 211,23 950,25 581,26 529,26 774
1698,Europe and Northern America,,,1829,Zambia,894,1 036,1 229,1 472,1 761,2 230,2 471,2 861,3 071
1699,Europe and Northern America,,,1829,Zimbabwe,716,22 738,34 926,52 399,81 977,128 926,141 314,146 062,151 575
1700,Europe and Northern America,,,1829,Middle Africa,911,287 586,333 271,406 732,510 317,568 610,675 244,801 612,913 150
1701,Europe and Northern America,,,1829,Angola,24,143 079,156 472,176 471,174 834,145 829,165 536,191 277,215 158
1702,Europe and Northern America,,,1829,Cameroon,120,28 575,35 644,47 969,78 480,109 546,145 856,185 754,225 516
1703,Europe and Northern America,,,1829,Central African Republic,140,64,104,108,269,447,480,507,542
1704,Europe and Northern America,,,1829,Chad,148,80,148,236,313,410,705,737,793
1705,Europe and Northern America,,,1829,Congo,178,28 205,39 927,55 309,68 577,77 792,88 317,97 757,104 960
1706,Europe and Northern America,,,1829,Democratic Republic of the Congo,180,74 053,79 498,91 141,136 598,176 626,212 295,249 584,279 760
1707,Europe and Northern America,,,1829,Equatorial Guinea,226,20,3 069,10 837,17 928,21 519,19 636,22 153,24 751
1708,Europe and Northern America,,,1829,Gabon,266,7 926,9 585,12 238,17 922,20 628,24 485,33 112,38 337
1709,Europe and Northern America,,,1829,Sao Tome and Principe,678,5 584,8 824,12 423,15 396,15 813,17 934,20 731,23 333
1710,Europe and Northern America,,,1829,Northern Africa,912,3 111 035,3 318 543,3 650 394,4 421 842,5 020 202,5 371 881,5 952 959,6 439 863
1711,Europe and Northern America,,,1829,Algeria,12,1 379 868,1 342 034,1 347 489,1 473 011,1 525 766,1 566 533,1 622 464,1 657 182
1712,Europe and Northern America,,,1829,Egypt,818,163 403,206 414,264 589,320 027,373 803,471 786,565 914,647 122
1713,Europe and Northern America,,,1829,Libya,434,42 428,42 839,42 208,41 968,43 567,46 948,48 703,50 958
1714,Europe and Northern America,,,1829,Morocco,504,1 112 660,1 307 607,1 559 669,2 100 206,2 544 904,2 701 451,3 057 962,3 367 037
1715,Europe and Northern America,,,1829,Sudan,729,3 646,6 259,10 629,19 246,25 733,32 880,54 096,75 197
1716,Europe and Northern America,,,1829,Tunisia,788,408 827,413 287,425 806,467 377,506 428,552 233,603 783,642 327
1717,Europe and Northern America,,,1829,Western Sahara,732,203,103,4,7,1,50,37,40
1718,Europe and Northern America,,,1829,Southern Africa,913,152 752,191 940,283 156,350 299,386 287,426 138,491 065,559 764
1719,Europe and Northern America,,,1829,Botswana,72,86,110,166,196,229,237,252,291
1720,Europe and Northern America,,,1829,Eswatini,748,99,160,228,442,607,685,763,858
1721,Europe and Northern America,,,1829,Lesotho,426,39,43,47,52,56,67,62,62
1722,Europe and Northern America,,,1829,Namibia,516,98,102,134,204,262,322,450,536
1723,Europe and Northern America,,,1829,South Africa,710,152 430,191 525,282 581,349 405,385 133,424 827,489 538,558 017
1724,Europe and Northern America,,,1829,Western Africa,914,418 535,551 419,774 275,1 146 004,1 562 293,1 966 994,2 597 639,3 077 820
1725,Europe and Northern America,,,1829,Benin,204,10 223,11 640,13 974,19 281,21 964,25 750,31 866,35 299
1726,Europe and Northern America,,,1829,Burkina Faso,854,852,1 421,2 297,5 242,9 001,11 261,14 225,15 646
1727,Europe and Northern America,,,1829,Cabo Verde,132,40 991,50 677,63 029,76 835,82 006,97 734,113 815,126 343
1728,Europe and Northern America,,,1829,Côte d'Ivoire,384,36 894,46 072,60 765,94 056,119 304,153 647,205 275,242 417
1729,Europe and Northern America,,,1829,Gambia,270,1 017,3 024,6 711,14 762,22 066,25 933,48 258,59 373
1730,Europe and Northern America,,,1829,Ghana,288,75 633,90 483,169 725,224 277,315 440,385 581,477 917,551 479
1731,Europe and Northern America,,,1829,Guinea,324,11 151,10 475,12 635,30 398,48 183,69 236,112 418,143 223
1732,Europe and Northern America,,,1829,Guinea-Bissau,624,6 680,13 819,21 544,25 665,25 651,29 555,36 970,41 860
1733,Europe and Northern America,,,1829,Liberia,430,261,397,533,2 013,2 972,3 235,3 565,3 579
1734,Europe and Northern America,,,1829,Mali,466,33 136,38 144,46 611,73 762,94 357,109 226,151 897,180 932
1735,Europe and Northern America,,,1829,Mauritania,478,201,323,484,1 082,2 400,3 059,3 576,4 154
1736,Europe and Northern America,,,1829,Niger,562,237,325,434,892,1 997,3 008,3 820,4 536
1737,Europe and Northern America,,,1829,Nigeria,566,116 570,183 467,248 360,390 652,557 943,743 431,1 001 569,1 213 644
1738,Europe and Northern America,,,1829,Saint Helena,654,27,20,14,10,8,8,4,4
1739,Europe and Northern America,,,1829,Senegal,686,83 044,98 909,123 985,180 464,247 261,290 980,372 321,433 160
1740,Europe and Northern America,,,1829,Sierra Leone,694,1 020,1 233,1 536,2 553,3 626,4 538,6 210,6 933
1741,Europe and Northern America,,,1829,Togo,768,598,990,1 638,4 060,8 114,10 812,13 933,15 238
1742,Europe and Northern America,,,1829,ASIA,935,18 295 516,20 954 382,24 335 863,27 320 671,31 143 942,33 927 104,36 781 501,39 726 228
1743,Europe and Northern America,,,1829,Central Asia,5500,5 288 021,5 480 066,5 637 792,6 084 909,6 317 013,5 667 260,5 071 603,4 602 762
1744,Europe and Northern America,,,1829,Kazakhstan,398,3 029 450,3 156 390,3 309 392,3 552 723,3 657 183,3 248 939,2 887 830,2 605 314
1745,Europe and Northern America,,,1829,Kyrgyzstan,417,481 603,499 072,500 821,563 524,603 312,518 452,437 962,374 169
1746,Europe and Northern America,,,1829,Tajikistan,762,469 934,453 294,423 006,462 611,486 398,476 408,463 704,453 594
1747,Europe and Northern America,,,1829,Turkmenistan,795,249 814,230 590,208 680,211 891,209 489,173 333,142 662,118 303
1748,Europe and Northern America,,,1829,Uzbekistan,860,1 057 220,1 140 720,1 195 893,1 294 160,1 360 631,1 250 128,1 139 445,1 051 382
1749,Europe and Northern America,,,1829,Eastern Asia,906,2 911 050,3 545 706,4 448 941,5 107 940,6 130 044,6 942 463,7 187 774,7 521 710
1750,Europe and Northern America,,,1829,China,156,851 337,1 141 781,1 815 315,2 389 896,3 247 240,3 956 021,4 205 187,4 512 092
1751,Europe and Northern America,,,1829,"China, Hong Kong SAR",344,366 086,435 893,537 276,532 515,537 143,582 615,608 959,618 581
1752,Europe and Northern America,,,1829,"China, Macao SAR",446,4 810,6 860,9 349,8 647,7 534,8 021,7 811,7 719
1753,Europe and Northern America,,,1829,"China, Taiwan Province of China",158,258 850,270 092,403 753,419 427,446 872,451 631,468 512,470 735
1754,Europe and Northern America,,,1829,Dem. People's Republic of Korea,408,10 752,9 956,8 831,10 026,11 152,5 800,3 068,851
1755,Europe and Northern America,,,1829,Japan,392,480 218,668 547,579 329,555 433,556 213,597 913,593 127,607 143
1756,Europe and Northern America,,,1829,Mongolia,496,21 974,23 979,25 377,25 860,28 777,24 351,23 000,21 601
1757,Europe and Northern America,,,1829,Republic of Korea,410,917 023,988 598,1 069 711,1 166 136,1 295 113,1 316 111,1 278 110,1 282 988
1758,Europe and Northern America,,,1829,Southern Asia,5501,2 328 962,2 891 844,4 110 972,5 332 010,6 843 215,8 574 927,10 470 943,12 442 927
1759,Europe and Northern America,,,1829,Afghanistan,4,60 104,63 846,147 478,254 226,345 840,499 247,870 722,1 190 086
1760,Europe and Northern America,,,1829,Bangladesh,50,143 716,231 666,284 667,386 055,515 654,663 780,803 993,970 313
1761,Europe and Northern America,,,1829,Bhutan,64,12,27,70,139,2 474,5 321,5 136,7 311
1762,Europe and Northern America,,,1829,India,356,1 145 957,1 423 524,2 069 288,2 680 153,3 430 520,4 391 791,5 276 260,6 202 955
1763,Europe and Northern America,,,1829,Iran (Islamic Republic of),364,469 651,524 965,660 343,718 603,858 548,945 905,1 134 918,1 334 211
1764,Europe and Northern America,,,1829,Maldives,462,10,9,10,15,21,21,19,24
1765,Europe and Northern America,,,1829,Nepal,524,2 963,6 470,17 237,31 987,80 390,148 653,218 666,326 139
1766,Europe and Northern America,,,1829,Pakistan,586,393 682,479 143,696 680,945 672,1 200 836,1 455 619,1 664 482,1 889 693
1767,Europe and Northern America,,,1829,Sri Lanka,144,112 867,162 194,235 199,315 160,408 932,464 590,496 747,522 195
1768,Europe and Northern America,,,1829,South-Eastern Asia,920,2 955 870,3 646 564,4 323 573,4 941 999,5 799 464,6 440 673,6 769 483,7 200 893
1769,Europe and Northern America,,,1829,Brunei Darussalam,96,4 454,4 414,4 367,4 446,4 136,4 574,4 596,4 408
1770,Europe and Northern America,,,1829,Cambodia,116,194 787,209 971,209 743,227 248,245 614,249 333,242 783,254 529
1771,Europe and Northern America,,,1829,Indonesia,360,200 204,192 286,181 907,173 923,163 047,151 553,139 738,131 751
1772,Europe and Northern America,,,1829,Lao People's Democratic Republic,418,233 478,282 286,253 028,257 485,246 465,248 250,231 105,227 042
1773,Europe and Northern America,,,1829,Malaysia,458,60 159,65 276,70 813,81 111,94 402,97 473,96 771,96 276
1774,Europe and Northern America,,,1829,Myanmar,104,22 137,22 411,31 871,43 530,94 304,151 746,177 813,217 411
1775,Europe and Northern America,,,1829,Philippines,608,1 174 043,1 530 063,1 840 361,2 224 435,2 727 370,3 146 804,3 371 603,3 653 362
1776,Europe and Northern America,,,1829,Singapore,702,40 714,45 162,50 175,52 600,55 996,59 126,60 745,62 683
1777,Europe and Northern America,,,1829,Thailand,764,149 873,221 559,227 436,283 273,368 359,429 189,465 528,508 100
1778,Europe and Northern America,,,1829,Timor-Leste,626,656,1 417,2 237,2 159,1 760,1 948,2 195,2 457
1779,Europe and Northern America,,,1829,Viet Nam,704,875 365,1 071 719,1 451 635,1 591 789,1 798 011,1 900 677,1 976 606,2 042 874
1780,Europe and Northern America,,,1829,Western Asia,922,4 811 613,5 390 202,5 814 585,5 853 813,6 054 206,6 301 781,7 281 698,7 957 936
1781,Europe and Northern America,,,1829,Armenia,51,599 987,589 731,563 834,596 482,616 458,565 835,515 978,480 155
1782,Europe and Northern America,,,1829,Azerbaijan,31,1 045 780,1 018 582,960 402,917 762,855 383,676 252,537 589,426 381
1783,Europe and Northern America,,,1829,Bahrain,48,89,133,160,153,168,220,279,325
1784,Europe and Northern America,,,1829,Cyprus,196,50 751,38 933,27 707,27 811,28 566,28 497,29 813,31 862
1785,Europe and Northern America,,,1829,Georgia,268,791 814,799 637,788 817,709 429,626 438,501 124,422 255,383 157
1786,Europe and Northern America,,,1829,Iraq,368,118 219,146 827,345 709,428 955,619 880,763 776,1 001 337,1 092 832
1787,Europe and Northern America,,,1829,Israel,376,136 644,196 304,166 652,186 320,201 475,213 841,215 195,228 473
1788,Europe and Northern America,,,1829,Jordan,400,11 512,12 081,13 253,16 072,19 238,23 631,28 618,32 542
1789,Europe and Northern America,,,1829,Kuwait,414,2 633,5 395,9 921,12 664,15 698,18 862,21 434,23 595
1790,Europe and Northern America,,,1829,Lebanon,422,216 241,218 765,258 448,272 814,305 229,327 240,352 790,376 986
1791,Europe and Northern America,,,1829,Oman,512,32,43,61,64,85,130,162,190
1792,Europe and Northern America,,,1829,Qatar,634,49,63,96,686,1 327,1 393,1 635,1 782
1793,Europe and Northern America,,,1829,Saudi Arabia,682,2 995,5 354,9 980,14 223,24 970,34 793,40 868,49 797
1794,Europe and Northern America,,,1829,State of Palestine,275,7 821,8 898,8 942,11 640,16 984,21 350,32 098,38 674
1795,Europe and Northern America,,,1829,Syrian Arab Republic,760,73 031,88 554,111 319,132 467,147 757,532 630,1 383 602,1 799 096
1796,Europe and Northern America,,,1829,Türkiye,792,1 752 391,2 257 577,2 542 688,2 515 298,2 558 095,2 567 461,2 664 020,2 948 487
1797,Europe and Northern America,,,1829,United Arab Emirates,784,1 198,2 849,6 101,10 378,15 694,23 728,32 136,41 445
1798,Europe and Northern America,,,1829,Yemen,887,426,476,495,595,761,1 018,1 889,2 157
1799,Europe and Northern America,,,1829,EUROPE,908,36 375 003,38 228 299,37 378 470,38 593 939,41 432 538,42 894 822,44 586 928,51 769 111
1800,Europe and Northern America,,,1829,Eastern Europe,923,18 674 625,18 404 469,17 940 958,19 105 631,21 063 148,21 641 349,22 419 507,28 658 060
1801,Europe and Northern America,,,1829,Belarus,112,1 537 196,1 525 734,1 484 282,1 357 317,1 216 554,987 375,825 068,695 211
1802,Europe and Northern America,,,1829,Bulgaria,100,107 637,161 272,198 701,331 680,483 947,620 822,784 753,872 389
1803,Europe and Northern America,,,1829,Czechia,203,492 217,545 788,579 037,615 675,627 297,591 643,550 811,549 750
1804,Europe and Northern America,,,1829,Hungary,348,295 556,308 821,311 084,313 864,338 454,431 524,473 679,503 678
1805,Europe and Northern America,,,1829,Poland,616,2 062 540,2 312 686,2 306 119,2 631 593,3 531 250,4 020 551,4 233 019,4 440 491
1806,Europe and Northern America,,,1829,Republic of Moldova*,498,567 930,548 035,525 204,595 367,687 004,711 653,774 929,824 050
1807,Europe and Northern America,,,1829,Romania,642,767 694,949 710,1 048 529,1 802 830,2 838 579,3 392 802,4 041 299,4 426 286
1808,Europe and Northern America,,,1829,Russian Federation,643,7 760 073,6 848 074,6 172 290,6 172 651,6 214 695,6 293 797,6 465 136,6 728 196
1809,Europe and Northern America,,,1829,Slovakia,703,316 731,328 943,345 200,363 857,392 297,393 320,386 603,382 259
1810,Europe and Northern America,,,1829,Ukraine*,804,4 767 051,4 875 406,4 970 512,4 920 797,4 733 071,4 197 862,3 884 210,9 235 750
1811,Europe and Northern America,,,1829,Northern Europe,924,4 118 847,4 143 112,4 066 225,4 247 639,4 490 853,4 540 814,4 660 330,4 816 720
1812,Europe and Northern America,,,1829,Channel Islands*,830,184,198,212,235,255,171,172,175
1813,Europe and Northern America,,,1829,Denmark*,208,108 417,100 342,96 529,101 862,105 034,104 306,101 817,105 977
1814,Europe and Northern America,,,1829,Estonia,233,97 818,100 490,106 023,110 843,111 671,121 827,116 802,117 245
1815,Europe and Northern America,,,1829,Faroe Islands*,234,7 941,12 021,11 640,11 018,12 146,13 041,12 048,12 282
1816,Europe and Northern America,,,1829,Finland*,246,253 703,242 255,234 372,222 495,207 318,195 383,182 271,169 190
1817,Europe and Northern America,,,1829,Iceland,352,6 245,7 747,10 595,12 120,14 748,17 977,19 349,21 788
1818,Europe and Northern America,,,1829,Ireland,372,859 101,835 685,740 085,691 888,675 780,650 102,619 637,605 725
1819,Europe and Northern America,,,1829,Isle of Man*,833,18,16,14,12,9,15,23,30
1820,Europe and Northern America,,,1829,Latvia,428,152 421,159 322,164 548,167 684,170 935,164 019,156 116,151 189
1821,Europe and Northern America,,,1829,Lithuania,440,304 739,278 324,262 116,260 096,340 386,396 166,424 553,447 032
1822,Europe and Northern America,,,1829,Norway*,578,79 176,72 106,70 374,75 046,76 760,79 075,87 561,93 373
1823,Europe and Northern America,,,1829,Sweden,752,99 309,104 598,120 298,132 688,153 729,164 626,174 560,197 639
1824,Europe and Northern America,,,1829,United Kingdom*,826,2 149 775,2 230 008,2 249 419,2 461 652,2 622 082,2 634 106,2 765 421,2 895 075
1825,Europe and Northern America,,,1829,Southern Europe,925,7 892 059,8 858 192,9 206 176,8 910 664,9 172 738,9 858 605,10 537 041,11 099 478
1826,Europe and Northern America,,,1829,Albania,8,177 112,392 305,626 986,781 462,957 809,979 880,1 097 079,1 209 371
1827,Europe and Northern America,,,1829,Andorra,20,141,282,436,448,378,434,543,627
1828,Europe and Northern America,,,1829,Bosnia and Herzegovina,70,1 094 173,1 686 941,1 594 982,1 455 152,1 439 777,1 438 755,1 507 719,1 577 085
1829,Europe and Northern America,,,1829,Croatia,191,781 369,994 967,1 133 959,917 533,774 837,736 594,766 722,774 571
1830,Europe and Northern America,,,1829,Gibraltar*,292,15,17,18,18,23,19,19,23
1831,Europe and Northern America,,,1829,Greece,300,591 237,595 849,631 552,556 007,505 305,583 376,609 887,623 457
1832,Europe and Northern America,,,1829,Holy See*,336,2,5,8,4,2,6,2,2
1833,Europe and Northern America,,,1829,Italy,380,2 536 684,2 421 645,2 348 428,2 168 201,2 138 987,2 278 774,2 461 572,2 543 079
1834,Europe and Northern America,,,1829,Malta,470,11 953,11 624,11 325,10 391,9 970,10 206,9 574,9 249
1835,Europe and Northern America,,,1829,Montenegro,499,100 316,100 287,96 328,93 721,97 593,99 385,91 288,87 418
1836,Europe and Northern America,,,1829,North Macedonia,807,205 087,217 888,230 544,266 571,303 120,343 306,395 286,450 257
1837,Europe and Northern America,,,1829,Portugal,620,1 170 783,1 176 871,1 227 795,1 332 713,1 477 311,1 588 733,1 556 722,1 552 125
1838,Europe and Northern America,,,1829,San Marino,674,2 457,2 382,2 237,2 080,1 954,1 866,2 433,1 991
1839,Europe and Northern America,,,1829,Serbia*,688,288 814,362 847,413 441,465 748,579 975,737 049,822 793,929 431
1840,Europe and Northern America,,,1829,Slovenia,705,100 445,112 651,97 424,84 394,81 689,82 255,73 201,71 979
1841,Europe and Northern America,,,1829,Spain*,724,831 471,781 631,790 713,776 221,804 008,977 967,1 142 201,1 268 813
1842,Europe and Northern America,,,1829,Western Europe,926,5 689 472,6 822 526,6 165 111,6 330 005,6 705 799,6 854 054,6 970 050,7 194 853
1843,Europe and Northern America,,,1829,Austria,40,368 168,359 999,356 971,353 713,355 578,359 177,367 834,368 744
1844,Europe and Northern America,,,1829,Belgium,56,281 958,272 815,277 671,330 640,353 176,379 218,417 460,445 121
1845,Europe and Northern America,,,1829,France*,250,1 046 193,1 216 041,1 254 908,1 334 259,1 448 213,1 588 889,1 689 870,1 798 599
1846,Europe and Northern America,,,1829,Germany,276,3 311 345,4 252 770,3 513 579,3 476 265,3 651 474,3 613 695,3 563 517,3 602 265
1847,Europe and Northern America,,,1829,Liechtenstein,438,17,24,48,150,259,285,308,339
1848,Europe and Northern America,,,1829,Luxembourg,442,27 539,28 878,30 701,33 693,36 385,40 770,42 848,61 450
1849,Europe and Northern America,,,1829,Monaco,492,15 345,15 489,16 132,19 340,25 832,28 277,33 430,36 280
1850,Europe and Northern America,,,1829,Netherlands*,528,291 971,305 977,324 132,366 259,400 516,404 973,411 225,435 009
1851,Europe and Northern America,,,1829,Switzerland,756,346 936,370 533,390 969,415 686,434 366,438 770,443 558,447 046
1852,Europe and Northern America,,,1829,LATIN AMERICA AND THE CARIBBEAN,904,10 543 785,14 842 407,18 981 495,23 697 976,27 072 051,28 479 253,30 490 374,33 512 055
1853,Europe and Northern America,,,1829,Caribbean,915,3 134 838,3 856 446,4 495 776,5 003 474,5 949 250,6 714 580,7 421 518,7 986 890
1854,Europe and Northern America,,,1829,Anguilla*,660,20,33,47,47,46,39,38,49
1855,Europe and Northern America,,,1829,Antigua and Barbuda,28,13,15,17,28,44,47,52,57
1856,Europe and Northern America,,,1829,Aruba*,533,312,496,940,1 480,2 744,4 372,11 613,23 408
1857,Europe and Northern America,,,1829,Bahamas,44,38,45,50,59,78,88,95,107
1858,Europe and Northern America,,,1829,Barbados,52,14 878,14 811,14 730,15 332,15 868,15 316,13 985,13 137
1859,Europe and Northern America,,,1829,"Bonaire, Sint Eustatius and Saba*",535,0..,0..,0..,0..,0..,1,0..,0..
1860,Europe and Northern America,,,1829,British Virgin Islands*,92,33,45,55,69,84,65,65,88
1861,Europe and Northern America,,,1829,Cayman Islands*,136,15,13,11,7,3,11,9,10
1862,Europe and Northern America,,,1829,Cuba,192,776 255,853 682,963 976,1 021 978,1 253 435,1 424 500,1 576 581,1 684 345
1863,Europe and Northern America,,,1829,Curaçao*,531,30,29,48,77,124,372,1 829,3 159
1864,Europe and Northern America,,,1829,Dominica,212,530,521,515,320,128,175,71,76
1865,Europe and Northern America,,,1829,Dominican Republic,214,381 869,561 744,733 659,843 953,1 088 281,1 324 734,1 553 471,1 772 345
1866,Europe and Northern America,,,1829,Grenada,308,4 486,5 967,7 922,8 706,10 342,10 561,10 018,9 912
1867,Europe and Northern America,,,1829,Guadeloupe*,312,30,20,20,10,0..,0..,0..,0..
1868,Europe and Northern America,,,1829,Haiti,332,287 491,425 061,532 314,620 307,758 115,872 320,939 331,1 023 872
1869,Europe and Northern America,,,1829,Jamaica,388,594 039,791 331,807 962,868 682,971 603,1 048 118,1 136 029,1 204 059
1870,Europe and Northern America,,,1829,Martinique*,474,8,0..,0..,0..,0..,0..,0..,0..
1871,Europe and Northern America,,,1829,Montserrat*,500,2,2,2,41,85,80,82,87
1872,Europe and Northern America,,,1829,Puerto Rico*,630,902 814,1 022 718,1 158 566,1 335 702,1 533 366,1 687 821,1 864 991,1 924 799
1873,Europe and Northern America,,,1829,Saint Kitts and Nevis,659,18,16,11,10,12,9,4,5
1874,Europe and Northern America,,,1829,Saint Lucia,662,1 691,2 217,2 884,3 466,5 134,6 607,6 769,7 588
1875,Europe and Northern America,,,1829,Saint Vincent and the Grenadines,670,4 357,5 902,7 955,8 796,12 209,13 779,13 947,14 832
1876,Europe and Northern America,,,1829,Trinidad and Tobago,780,165 736,171 626,263 979,274 339,297 542,305 558,292 534,304 951
1877,Europe and Northern America,,,1829,Turks and Caicos Islands*,796,159,138,98,57,7,7,4,4
1878,Europe and Northern America,,,1829,United States Virgin Islands*,850,14,14,15,8,0..,0..,0..,0..
1879,Europe and Northern America,,,1829,Central America,916,5 706 228,8 784 584,11 278 128,13 785 094,15 143 743,15 657 208,15 501 132,16 242 232
1880,Europe and Northern America,,,1829,Belize,84,12,15,17,22,32,33,26,29
1881,Europe and Northern America,,,1829,Costa Rica,188,1 913,2 516,3 229,4 218,6 017,6 800,7 215,7 884
1882,Europe and Northern America,,,1829,El Salvador,222,504 662,761 632,846 303,1 045 601,1 285 378,1 455 027,1 560 670,1 689 461
1883,Europe and Northern America,,,1829,Guatemala,320,238 791,343 776,469 052,669 553,842 169,974 075,1 166 217,1 320 881
1884,Europe and Northern America,,,1829,Honduras,340,115 749,195 068,274 612,409 201,546 416,677 722,921 948,1 168 497
1885,Europe and Northern America,,,1829,Mexico,484,4 539 456,7 110 670,9 306 879,11 263 851,12 033 413,12 095 994,11 349 508,11 484 931
1886,Europe and Northern America,,,1829,Nicaragua,558,182 589,258 552,234 002,242 410,279 867,293 993,342 716,406 840
1887,Europe and Northern America,,,1829,Panama,591,123 056,112 355,144 034,150 238,150 451,153 564,152 832,163 709
1888,Europe and Northern America,,,1829,South America,931,1 702 719,2 201 377,3 207 591,4 909 408,5 979 058,6 107 465,7 567 724,9 282 933
1889,Europe and Northern America,,,1829,Argentina,32,200 974,208 834,303 877,528 318,559 902,548 895,618 800,741 271
1890,Europe and Northern America,,,1829,Bolivia (Plurinational State of),68,6 132,9 975,16 297,126 181,226 610,178 039,195 957,209 942
1891,Europe and Northern America,,,1829,Brazil,76,192 699,256 173,446 987,692 752,865 886,932 802,1 289 235,1 570 464
1892,Europe and Northern America,,,1829,Chile,152,74 242,79 373,86 994,121 479,143 504,135 807,144 876,158 284
1893,Europe and Northern America,,,1829,Colombia,170,351 390,484 981,725 179,968 928,1 203 629,1 267 797,1 606 986,2 067 588
1894,Europe and Northern America,,,1829,Ecuador,218,164 384,264 984,449 604,864 319,1 034 049,959 947,990 101,1 098 396
1895,Europe and Northern America,,,1829,Falkland Islands (Malvinas)*,238,0..,0..,0..,0..,1,2,1,1
1896,Europe and Northern America,,,1829,French Guiana*,254,7,3,4,2,0..,0..,0..,0..
1897,Europe and Northern America,,,1829,Guyana,328,188 798,210 148,300 497,340 136,346 527,368 127,363 708,396 791
1898,Europe and Northern America,,,1829,Paraguay,600,7 386,7 654,7 934,30 613,90 835,77 263,113 666,154 743
1899,Europe and Northern America,,,1829,Peru,604,195 274,312 736,396 591,591 324,767 841,803 972,881 686,1 057 604
1900,Europe and Northern America,,,1829,Suriname,740,181 079,193 985,202 320,212 777,211 575,208 550,216 372,218 248
1901,Europe and Northern America,,,1829,Uruguay,858,10 366,15 339,29 184,82 019,98 211,87 997,97 058,103 801
1902,Europe and Northern America,,,1829,Venezuela (Bolivarian Republic of),862,129 988,157 192,242 123,350 560,430 488,538 267,1 049 278,1 505 800
1903,Europe and Northern America,,,1829,NORTHERN AMERICA,905,1 776 857,1 958 624,1 949 052,1 997 928,2 096 581,2 229 348,2 252 577,2 351 633
1904,Europe and Northern America,,,1829,Bermuda*,60,14,10,12,15,22,28,26,29
1905,Europe and Northern America,,,1829,Canada,124,1 014 815,1 158 228,1 115 419,1 108 304,1 093 552,1 126 137,1 114 628,1 144 523
1906,Europe and Northern America,,,1829,Greenland*,304,9 842,11 028,12 427,13 377,15 079,16 556,17 290,18 010
1907,Europe and Northern America,,,1829,Saint Pierre and Miquelon*,666,11,26,41,21,1,0..,0..,0..
1908,Europe and Northern America,,,1829,United States of America*,840,752 175,789 332,821 153,876 211,987 927,1 086 627,1 120 633,1 189 071
1909,Europe and Northern America,,,1829,OCEANIA,909,201 615,230 646,267 746,290 083,313 740,321 904,324 512,335 197
1910,Europe and Northern America,,,1829,Australia/New Zealand,927,185 088,211 622,245 709,265 250,287 897,295 759,298 730,310 089
1911,Europe and Northern America,,,1829,Australia*,36,135 854,153 884,178 059,193 131,210 756,221 093,229 247,243 725
1912,Europe and Northern America,,,1829,New Zealand*,554,49 234,57 738,67 650,72 119,77 141,74 666,69 483,66 364
1913,Europe and Northern America,,,1829,Melanesia,928,15 546,18 435,21 827,24 349,25 053,25 369,25 027,24 305
1914,Europe and Northern America,,,1829,Fiji,242,15 526,18 399,21 774,24 258,24 919,25 201,24 865,24 125
1915,Europe and Northern America,,,1829,New Caledonia*,540,1,1,3,3,7,13,10,11
1916,Europe and Northern America,,,1829,Papua New Guinea,598,9,16,19,26,34,41,53,59
1917,Europe and Northern America,,,1829,Solomon Islands,90,7,15,22,17,11,20,9,10
1918,Europe and Northern America,,,1829,Vanuatu,548,3,4,9,45,82,94,90,100
1919,Europe and Northern America,,,1829,Micronesia,954,29,28,28,115,216,217,207,220
1920,Europe and Northern America,,,1829,Guam*,316,2,2,3,2,0..,0..,0..,0..
1921,Europe and Northern America,,,1829,Kiribati,296,1,4,7,6,10,19,13,15
1922,Europe and Northern America,,,1829,Marshall Islands,584,3,1,0..,1,1,1,0..,0..
1923,Europe and Northern America,,,1829,Micronesia (Fed. States of),583,0..,0..,0..,0..,1,2,0..,0..
1924,Europe and Northern America,,,1829,Nauru,520,0..,1,1,2,2,7,4,3
1925,Europe and Northern America,,,1829,Northern Mariana Islands*,580,14,9,4,2,0..,0..,0..,0..
1926,Europe and Northern America,,,1829,Palau,585,9,11,13,102,202,188,190,202
1927,Europe and Northern America,,,1829,Polynesia*,957,952,561,182,369,574,559,548,583
1928,Europe and Northern America,,,1829,American Samoa*,16,3,8,14,7,0..,0..,0..,0..
1929,Europe and Northern America,,,1829,Cook Islands*,184,5,5,5,3,0..,0..,0..,0..
1930,Europe and Northern America,,,1829,French Polynesia*,258,19,18,18,17,17,24,18,20
1931,Europe and Northern America,,,1829,Samoa,882,10,15,20,251,506,485,491,525
1932,Europe and Northern America,,,1829,Tokelau*,772,3,2,2,2,1,0..,0..,0..
1933,Europe and Northern America,,,1829,Tonga,776,4,8,12,19,21,30,28,28
1934,Europe and Northern America,,,1829,Tuvalu,798,24,54,85,56,28,18,11,10
1935,Europe and Northern America,,,1829,Wallis and Futuna Islands*,876,884,451,26,14,1,2,0..,0..
1936,Europe and Northern America,,,1829,Others,2003,7 335 708,8 677 462,10 704 433,12 114 974,12 636 906,13 774 167,15 551 883,14 259 751